{"stats":{"minecraft:picked_up":{"minecraft:birch_log":5,"minecraft:magma_block":3,"born_in_chaos_v1:corpse_maggot":22,"minecraft:crafting_table":6,"born_in_chaos_v1:diamond_termite_shard":4,"minecraft:cooked_beef":2,"born_in_chaos_v1:monster_flesh":1,"minecraft:enchanted_book":1,"create:raw_zinc":1,"minecraft:oak_log":31,"minecraft:chain":1,"minecraft:string":60,"skilltree:gem":9,"minecraft:dirt":3,"tombstone:gift":2,"minecraft:cooked_salmon":5,"minecraft:blackstone":223,"minecraft:cobbled_deepslate":31,"minecraft:raw_gold":10,"minecraft:bucket":1,"minecraft:iron_ingot":2,"born_in_chaos_v1:gnawed_bones":1,"minecraft:oak_planks":30,"fruitsdelight:mango_sapling":2,"minecraft:furnace":4,"minecraft:raw_iron":27,"minecraft:torch":2,"minecraft:cherry_log":2,"minecraft:pointed_dripstone":8,"minecraft:spider_eye":1,"born_in_chaos_v1:fried_maggot":6,"minecraft:arrow":1,"hexerei:sage_seed":3,"minecraft:rotten_flesh":10,"minecraft:diamond":42,"minecraft:stone_axe":1,"minecraft:granite":20,"minecraft:bone_meal":1,"minecraft:oak_sapling":1,"born_in_chaos_v1:rotten_fish":2,"minecraft:coal":4,"minecraft:rail":3,"minecraft:cobblestone":101},"minecraft:killed":{"minecraft:husk":1,"minecraft:cave_spider":1,"born_in_chaos_v1:zombie_lumberjack":1,"minecraft:spider":1,"born_in_chaos_v1:maggot":3,"minecraft:skeleton":2,"minecraft:zombie":5,"born_in_chaos_v1:corpse_fly":13,"minecraft:stray":1,"cave_dweller:cave_dweller":1},"minecraft:crafted":{"minecraft:cherry_planks":8,"minecraft:oak_planks":36,"minecraft:diamond_sword":1,"minecraft:cooked_porkchop":3,"minecraft:crafting_table":2,"minecraft:iron_helmet":1,"minecraft:wooden_pickaxe":2,"minecraft:iron_sword":1,"minecraft:air":0,"minecraft:oak_boat":1,"minecraft:iron_chestplate":1,"minecraft:iron_boots":1,"minecraft:diamond_pickaxe":1,"minecraft:stick":16,"born_in_chaos_v1:fried_maggot":21,"minecraft:iron_ingot":28,"minecraft:iron_pickaxe":1,"minecraft:iron_leggings":1},"minecraft:mined":{"create:deepslate_zinc_ore":3,"minecraft:tuff":4,"minecraft:acacia_leaves":2,"minecraft:blackstone":234,"minecraft:deepslate_diamond_ore":43,"born_in_chaos_v1:infected_diamond_ore":1,"minecraft:sculk_vein":4,"alexsmobs:leafcutter_anthill":1,"minecraft:torch":1,"minecraft:crafting_table":5,"minecraft:granite":19,"minecraft:grass_block":3,"minecraft:sculk_sensor":4,"minecraft:tall_grass":3,"minecraft:cobblestone":10,"minecraft:deepslate_gold_ore":10,"minecraft:oak_planks":30,"fruitsdelight:mango_leaves":9,"minecraft:sculk":20,"minecraft:spawner":1,"minecraft:chain":2,"minecraft:magma_block":8,"minecraft:furnace":5,"minecraft:cobbled_deepslate":1,"minecraft:birch_log":1,"minecraft:fire":1,"minecraft:deepslate_lapis_ore":1,"minecraft:grass":1,"minecraft:pointed_dripstone":4,"minecraft:oak_log":31,"minecraft:deepslate_iron_ore":5,"minecraft:cobweb":45,"minecraft:smooth_basalt":5,"minecraft:stone":80,"minecraft:oak_leaves":19,"minecraft:deepslate":32},"minecraft:broken":{"minecraft:wooden_pickaxe":1},"minecraft:dropped":{"minecraft:blackstone":64,"hexerei:sage_seed":2,"minecraft:cobbled_deepslate":16,"minecraft:cobblestone":26,"minecraft:raw_iron":42,"tombstone:gift":1,"minecraft:rotten_flesh":1,"minecraft:oak_planks":21,"minecraft:torch":18,"skilltree:gem":5,"born_in_chaos_v1:diamond_termite_shard":3,"minecraft:cooked_salmon":3,"minecraft:spider_eye":1,"minecraft:arrow":1,"minecraft:birch_log":2,"create:raw_zinc":1,"minecraft:bone":1},"minecraft:custom":{"minecraft:interact_with_furnace":51,"minecraft:mob_kills":29,"minecraft:interact_with_crafting_table":23,"minecraft:damage_dealt_resisted":28,"minecraft:leave_game":1,"minecraft:time_since_death":125137,"minecraft:climb_one_cm":5026,"minecraft:time_since_rest":125137,"minecraft:damage_absorbed":34,"minecraft:sprint_one_cm":237269,"minecraft:damage_taken":2645,"minecraft:walk_one_cm":446125,"minecraft:damage_blocked_by_shield":706,"minecraft:drop":50,"minecraft:damage_dealt":4812,"minecraft:swim_one_cm":30364,"minecraft:fly_one_cm":225006,"minecraft:open_chest":11,"minecraft:crouch_one_cm":20267,"minecraft:play_time":125137,"tombstone:undead_killed":10,"minecraft:sneak_time":8538,"minecraft:walk_under_water_one_cm":4009,"minecraft:boat_one_cm":79695,"minecraft:jump":2252,"minecraft:interact_with_blast_furnace":1,"minecraft:walk_on_water_one_cm":20670,"minecraft:total_world_time":125137,"minecraft:fall_one_cm":44892},"minecraft:used":{"minecraft:blackstone":85,"minecraft:shield":15,"minecraft:wooden_pickaxe":67,"minecraft:cherry_planks":8,"minecraft:iron_sword":37,"minecraft:cooked_salmon":15,"born_in_chaos_v1:fried_maggot":27,"minecraft:rotten_flesh":5,"minecraft:torch":29,"minecraft:golden_apple":1,"minecraft:dirt":2,"minecraft:crafting_table":6,"born_in_chaos_v1:corpse_maggot":5,"minecraft:diamond_pickaxe":374,"minecraft:lava_bucket":4,"born_in_chaos_v1:monster_flesh":1,"minecraft:iron_pickaxe":56,"minecraft:stone_axe":57,"fruitsdelight:mango_sapling":2,"minecraft:diamond_sword":84,"born_in_chaos_v1:rotten_fish":1,"minecraft:cobblestone":75,"minecraft:bucket":5,"minecraft:furnace":3,"minecraft:oak_sapling":1,"minecraft:cooked_porkchop":3,"majruszsdifficulty:bandage":15,"minecraft:birch_log":1,"tombstone:gift":2,"minecraft:oak_boat":1,"minecraft:cooked_beef":2,"minecraft:bone_meal":1}},"DataVersion":3465}