{"stats":{"minecraft:picked_up":{"minecraft:crafting_table":7,"minecraft:iron_chestplate":1,"born_in_chaos_v1:diamond_termite_shard":4,"minecraft:chicken":1,"minecraft:enchanted_book":1,"minecraft:chain":1,"minecraft:string":60,"minecraft:cooked_salmon":5,"minecraft:iron_leggings":1,"minecraft:blackstone":232,"minecraft:cobbled_deepslate":31,"minecraft:bucket":1,"born_in_chaos_v1:gnawed_bones":1,"minecraft:furnace":8,"minecraft:iron_boots":1,"minecraft:tipped_arrow":2,"minecraft:raw_iron":27,"minecraft:torch":2,"minecraft:acacia_log":2,"minecraft:porkchop":21,"minecraft:cherry_log":2,"minecraft:pointed_dripstone":8,"hexerei:sage_seed":3,"born_in_chaos_v1:fried_maggot":6,"minecraft:arrow":7,"minecraft:rotten_flesh":13,"alexsmobs:emu_egg":1,"minecraft:mutton":3,"minecraft:rail":9,"minecraft:white_wool":1,"minecraft:cobblestone":209,"minecraft:birch_log":5,"born_in_chaos_v1:corpse_maggot":23,"minecraft:magma_block":3,"minecraft:cooked_beef":2,"born_in_chaos_v1:monster_flesh":2,"create:raw_zinc":1,"minecraft:oak_log":31,"skilltree:gem":15,"minecraft:dirt":4,"tombstone:gift":2,"minecraft:bone":6,"minecraft:wheat_seeds":3,"minecraft:raw_gold":10,"minecraft:iron_ingot":2,"minecraft:oak_planks":37,"fruitsdelight:mango_sapling":2,"hexerei:animal_fat":4,"minecraft:grass_block":2,"minecraft:spider_eye":1,"minecraft:diamond":42,"minecraft:stone_axe":1,"fruitsdelight:peach":1,"minecraft:granite":20,"minecraft:bone_meal":1,"minecraft:baked_potato":3,"minecraft:oak_sapling":1,"born_in_chaos_v1:rotten_fish":2,"minecraft:black_wool":1,"minecraft:coal":30,"iceandfire:raw_silver":2},"minecraft:killed":{"minecraft:cave_spider":1,"born_in_chaos_v1:restless_spirit":1,"born_in_chaos_v1:zombie_lumberjack":1,"minecraft:spider":1,"born_in_chaos_v1:maggot":4,"minecraft:skeleton":7,"alexsmobs:leafcutter_ant":2,"minecraft:chicken":1,"minecraft:husk":3,"minecraft:pig":7,"born_in_chaos_v1:swarmer":1,"majruszsdifficulty:tank":3,"born_in_chaos_v1:decrepit_skeleton":1,"minecraft:sheep":2,"minecraft:zombie":10,"born_in_chaos_v1:corpse_fly":16,"alexsmobs:gazelle":1,"minecraft:stray":3,"cave_dweller:cave_dweller":1,"minecraft:wither_skeleton":1},"minecraft:crafted":{"minecraft:cherry_planks":8,"minecraft:oak_planks":108,"minecraft:cooked_chicken":1,"minecraft:cooked_mutton":3,"minecraft:diamond_helmet":1,"minecraft:diamond_leggings":1,"minecraft:iron_boots":1,"born_in_chaos_v1:fried_maggot":21,"minecraft:diamond_boots":1,"minecraft:diamond_sword":1,"minecraft:cooked_porkchop":22,"minecraft:crafting_table":2,"minecraft:iron_helmet":1,"minecraft:wooden_pickaxe":2,"minecraft:iron_sword":1,"minecraft:air":0,"minecraft:oak_boat":1,"minecraft:iron_chestplate":1,"minecraft:diamond_pickaxe":1,"minecraft:stick":16,"minecraft:iron_pickaxe":1,"minecraft:iron_ingot":28,"minecraft:iron_leggings":1,"minecraft:diamond_chestplate":1},"minecraft:mined":{"create:deepslate_zinc_ore":3,"minecraft:tuff":4,"minecraft:deepslate_diamond_ore":43,"minecraft:sculk_vein":4,"alexsmobs:leafcutter_anthill":1,"minecraft:jungle_leaves":5,"born_in_chaos_v1:infected_diamond_ore":1,"minecraft:granite":19,"minecraft:grass_block":4,"minecraft:spruce_fence":1,"minecraft:spawner":1,"minecraft:magma_block":8,"minecraft:mossy_cobblestone_slab":1,"minecraft:furnace":10,"minecraft:cobbled_deepslate":1,"minecraft:fire":1,"minecraft:deepslate_lapis_ore":1,"minecraft:pointed_dripstone":4,"minecraft:deepslate_iron_ore":5,"minecraft:stone":138,"minecraft:acacia_leaves":2,"minecraft:blackstone":243,"minecraft:stone_brick_slab":1,"minecraft:crafting_table":6,"minecraft:torch":1,"minecraft:sculk_sensor":4,"minecraft:tall_grass":3,"minecraft:cobblestone":22,"minecraft:deepslate_gold_ore":10,"minecraft:oak_planks":31,"fruitsdelight:mango_leaves":9,"minecraft:sculk":20,"minecraft:chain":2,"minecraft:birch_log":1,"minecraft:grass":6,"minecraft:oak_log":31,"minecraft:coal_ore":5,"minecraft:dirt":3,"minecraft:cobweb":45,"minecraft:smooth_basalt":5,"minecraft:oak_leaves":19,"minecraft:deepslate":32,"minecraft:fern":4},"minecraft:broken":{"minecraft:wooden_pickaxe":1},"minecraft:custom":{"minecraft:mob_kills":67,"minecraft:interact_with_crafting_table":29,"minecraft:damage_dealt_resisted":308,"minecraft:leave_game":2,"minecraft:time_since_death":175805,"minecraft:climb_one_cm":6911,"minecraft:sprint_one_cm":378159,"minecraft:walk_one_cm":604080,"minecraft:damage_blocked_by_shield":1563,"minecraft:drop":97,"minecraft:play_time":175805,"minecraft:sneak_time":9664,"minecraft:walk_under_water_one_cm":4692,"minecraft:boat_one_cm":79695,"minecraft:jump":3598,"minecraft:interact_with_blast_furnace":1,"minecraft:walk_on_water_one_cm":21675,"minecraft:total_world_time":175805,"minecraft:interact_with_furnace":84,"minecraft:time_since_rest":175805,"minecraft:damage_taken":4335,"minecraft:damage_absorbed":34,"minecraft:damage_dealt":11348,"minecraft:swim_one_cm":40758,"minecraft:fly_one_cm":400427,"minecraft:open_chest":14,"minecraft:crouch_one_cm":21191,"tombstone:undead_killed":30,"minecraft:fall_one_cm":79210},"minecraft:dropped":{"minecraft:iron_ingot":1,"iceandfire:raw_silver":2,"minecraft:diamond":8,"minecraft:cooked_porkchop":3,"minecraft:cobblestone":134,"minecraft:iron_helmet":1,"minecraft:acacia_log":2,"minecraft:rail":9,"minecraft:grass_block":1,"minecraft:torch":18,"skilltree:gem":10,"minecraft:cooked_salmon":3,"minecraft:iron_leggings":2,"minecraft:birch_log":2,"create:raw_zinc":1,"minecraft:bone":4,"hexerei:animal_fat":4,"minecraft:blackstone":64,"hexerei:sage_seed":2,"minecraft:cobbled_deepslate":19,"tombstone:gift":1,"minecraft:raw_iron":42,"minecraft:pointed_dripstone":8,"born_in_chaos_v1:rotten_fish":1,"minecraft:rotten_flesh":1,"minecraft:oak_planks":27,"minecraft:iron_boots":2,"minecraft:diamond_sword":1,"minecraft:iron_chestplate":2,"born_in_chaos_v1:corpse_maggot":1,"born_in_chaos_v1:diamond_termite_shard":4,"minecraft:spider_eye":1,"minecraft:arrow":1,"minecraft:wooden_pickaxe":1,"minecraft:black_wool":1},"minecraft:used":{"minecraft:shield":29,"minecraft:iron_sword":103,"minecraft:cooked_chicken":1,"minecraft:cooked_salmon":15,"born_in_chaos_v1:fried_maggot":27,"minecraft:rotten_flesh":9,"minecraft:torch":31,"minecraft:dirt":3,"born_in_chaos_v1:corpse_maggot":5,"minecraft:lava_bucket":10,"minecraft:grass_block":1,"minecraft:bow":13,"minecraft:oak_sapling":1,"minecraft:furnace":8,"tombstone:gift":2,"minecraft:cooked_beef":2,"minecraft:cobbled_deepslate":12,"minecraft:cooked_mutton":3,"minecraft:oak_planks":73,"minecraft:blackstone":104,"minecraft:wooden_pickaxe":67,"minecraft:cherry_planks":8,"minecraft:white_wool":1,"minecraft:golden_apple":1,"minecraft:crafting_table":8,"minecraft:diamond_pickaxe":469,"born_in_chaos_v1:monster_flesh":1,"minecraft:iron_pickaxe":56,"minecraft:stone_axe":57,"fruitsdelight:mango_sapling":2,"minecraft:diamond_sword":151,"minecraft:cobblestone":75,"born_in_chaos_v1:rotten_fish":1,"minecraft:cooked_porkchop":18,"majruszsdifficulty:bandage":15,"minecraft:bucket":11,"minecraft:birch_log":1,"minecraft:oak_boat":1,"minecraft:bone_meal":1}},"DataVersion":3465}