{"stats":{"minecraft:broken":{"minecraft:golden_boots":1,"minecraft:diamond_helmet":1,"majruszsdifficulty:tattered_boots":1,"minecraft:iron_sword":1,"minecraft:diamond_leggings":1,"minecraft:wooden_pickaxe":1,"iceandfire:armor_silver_metal_helmet":1,"minecraft:shield":3,"minecraft:iron_axe":1,"minecraft:iron_helmet":1,"minecraft:iron_shovel":3,"minecraft:golden_leggings":1,"minecraft:diamond_boots":1,"minecraft:diamond_chestplate":2},"minecraft:custom":{"minecraft:interact_with_crafting_table":118,"minecraft:open_barrel":67,"minecraft:eat_cake_slice":1,"minecraft:leave_game":27,"minecraft:time_since_death":0,"minecraft:damage_blocked_by_shield":15143,"minecraft:play_time":1132639,"minecraft:deaths":24,"minecraft:jump":30368,"minecraft:interact_with_furnace":176,"minecraft:traded_with_villager":5,"minecraft:sleep_in_bed":33,"minecraft:damage_dealt":104870,"tombstone:undead_killed":236,"minecraft:interact_with_smoker":29,"minecraft:inspect_dispenser":1,"minecraft:horse_one_cm":173956,"minecraft:interact_with_smithing_table":6,"minecraft:inspect_dropper":1,"minecraft:interact_with_anvil":7,"minecraft:inspect_hopper":1,"minecraft:sneak_time":51376,"minecraft:interact_with_blast_furnace":4,"minecraft:total_world_time":1132639,"tombstone:raider_killed":2,"minecraft:time_since_rest":0,"minecraft:swim_one_cm":655653,"minecraft:fly_one_cm":5746178,"minecraft:open_chest":367,"minecraft:fish_caught":1,"minecraft:fall_one_cm":800439,"minecraft:sprint_one_cm":3693231,"minecraft:drop":573,"minecraft:talked_to_villager":36,"minecraft:interact_with_brewingstand":7,"minecraft:walk_on_water_one_cm":231933,"minecraft:interact_with_loom":14,"minecraft:crouch_one_cm":154059,"minecraft:mob_kills":428,"minecraft:interact_with_campfire":8,"minecraft:damage_dealt_resisted":2442,"minecraft:climb_one_cm":41530,"minecraft:walk_one_cm":2957817,"minecraft:walk_under_water_one_cm":159413,"minecraft:boat_one_cm":1856812,"minecraft:pot_flower":1,"minecraft:interact_with_grindstone":2,"minecraft:damage_taken":2147483647,"minecraft:damage_absorbed":812,"minecraft:trigger_trapped_chest":6},"minecraft:killed":{"minecraft:cave_spider":7,"born_in_chaos_v1:mr_pumpkin":2,"born_in_chaos_v1:restless_spirit":8,"born_in_chaos_v1:zombie_lumberjack":1,"iceandfire:gorgon":1,"minecraft:cod":1,"born_in_chaos_v1:siamese_skeletonsright":3,"born_in_chaos_v1:baby_skeleton_minion":4,"minecraft:skeleton":47,"alexsmobs:leafcutter_ant":2,"minecraft:chicken":5,"majruszsdifficulty:creeperling":3,"minecraft:skeleton_horse":2,"minecraft:magma_cube":3,"born_in_chaos_v1:bone_imp":1,"minecraft:salmon":2,"majruszsdifficulty:tank":8,"minecraft:pillager":2,"minecraft:zombie":73,"born_in_chaos_v1:corpse_fly":28,"born_in_chaos_v1:door_knight":2,"minecraft:cow":1,"iceandfire:sea_serpent":1,"minecraft:endermite":2,"born_in_chaos_v1:firelight":2,"minecraft:warden":2,"alexsmobs:rocky_roller":1,"born_in_chaos_v1:barrel_zombie":2,"minecraft:husk":13,"born_in_chaos_v1:decrepit_skeleton":14,"born_in_chaos_v1:bloody_gadfly":2,"alexsmobs:crocodile":1,"iceandfire:ghost":10,"born_in_chaos_v1:dark_vortex":1,"minecraft:enderman":1,"born_in_chaos_v1:zombie_clown":1,"minecraft:spider":16,"born_in_chaos_v1:scarlet_persecutor":3,"born_in_chaos_v1:bonescaller":1,"minecraft:pig":13,"minecraft:zombie_villager":1,"born_in_chaos_v1:diamond_termite":1,"minecraft:sheep":13,"bugs_aplenty:beetle_yellow_plain":1,"born_in_chaos_v1:zombie_fisherman":2,"born_in_chaos_v1:dread_hound":4,"minecraft:stray":24,"iceandfire:pixie":2,"cave_dweller:cave_dweller":1,"born_in_chaos_v1:siamese_skeletonsleft":2,"born_in_chaos_v1:zombie_bruiser":3,"born_in_chaos_v1:maggot":33,"bugs_aplenty:sapphire_butterfly":1,"minecraft:drowned":1,"born_in_chaos_v1:corpse_fish":8,"majruszsdifficulty:cerberus":1,"born_in_chaos_v1:baby_skeleton":8,"born_in_chaos_v1:swarmer":2,"alexsmobs:gazelle":1,"minecraft:wither_skeleton":9},"minecraft:mined":{"minecraft:dark_oak_planks":7,"minecraft:white_bed":5,"alexsmobs:leafcutter_anthill":1,"minecraft:jungle_leaves":7,"minecraft:obsidian":19,"minecraft:granite":19,"minecraft:red_sand":1,"minecraft:acacia_log":2,"minecraft:yellow_carpet":2,"minecraft:jungle_log":15,"minecraft:spawner":4,"minecraft:magma_block":8,"minecraft:cobbled_deepslate":9,"minecraft:fire":13,"minecraft:moss_carpet":1,"minecraft:deepslate_lapis_ore":1,"minecraft:enchanting_table":2,"minecraft:cave_vines":1,"minecraft:dirt_path":1,"minecraft:oak_stairs":5,"minecraft:white_banner":1,"minecraft:iron_block":1,"hexerei:witch_hazel_drying_rack":2,"minecraft:powder_snow":3,"born_in_chaos_v1:infected_deepslate_diamond_ore":1,"minecraft:torch":7,"minecraft:melon":24,"minecraft:glass":1,"minecraft:sugar_cane":24,"minecraft:damaged_anvil":1,"minecraft:bricks":1,"minecraft:white_terracotta":13,"minecraft:chain":2,"minecraft:lilac":1,"minecraft:stone_brick_stairs":2,"minecraft:grass":45,"fruitsdelight:fig_leaves":2,"minecraft:smooth_basalt":5,"minecraft:red_mushroom_block":2,"born_in_chaos_v1:infernal_evil_pumpkin_s":1,"minecraft:piston":1,"minecraft:deepslate":183,"iceandfire:silver_ore":4,"minecraft:mossy_cobblestone":10,"minecraft:cherry_sapling":2,"minecraft:dark_oak_log":29,"minecraft:dark_oak_fence":2,"minecraft:spruce_fence":1,"born_in_chaos_v1:black_argillite_brick_wall":1,"minecraft:moss_block":6,"minecraft:andesite":62,"minecraft:potatoes":25,"rocks:birch_stick":1,"minecraft:vine":8,"minecraft:bamboo":2,"minecraft:oak_slab":1,"minecraft:stone_brick_slab":1,"minecraft:dandelion":1,"minecraft:campfire":2,"minecraft:tall_grass":21,"minecraft:copper_ore":3,"minecraft:deepslate_gold_ore":10,"minecraft:purple_bed":1,"minecraft:coarse_dirt":26,"minecraft:white_carpet":1,"minecraft:spruce_log":6,"minecraft:birch_leaves":7,"minecraft:gravel":86,"minecraft:cobweb":98,"minecraft:stone_bricks":46,"minecraft:fern":12,"create:deepslate_zinc_ore":4,"farmersdelight:rich_soil":1,"minecraft:cobblestone_stairs":2,"minecraft:sculk_vein":4,"minecraft:spruce_trapdoor":1,"minecraft:grass_block":238,"rocks:jungle_stick":1,"minecraft:mossy_cobblestone_slab":1,"minecraft:iron_ore":1,"rocks:oak_stick":1,"minecraft:target":1,"minecraft:dark_oak_stairs":1,"minecraft:brown_bed":6,"minecraft:pointed_dripstone":4,"minecraft:iron_bars":4,"rocks:bamboo_stick":1,"minecraft:green_bed":4,"iceandfire:chared_cobblestone":5,"minecraft:blackstone":243,"minecraft:clay":11,"iceandfire:dragon_ice_spikes":8,"iceandfire:ghost_chest":1,"minecraft:cobblestone":104,"minecraft:oak_planks":61,"minecraft:wall_torch":3,"rocks:spruce_stick":1,"minecraft:birch_log":7,"born_in_chaos_v1:river_mint":1,"minecraft:tnt":24,"minecraft:oak_log":246,"minecraft:sand":24,"minecraft:dirt":557,"minecraft:netherrack":18,"minecraft:oak_leaves":86,"iceandfire:chared_stone":8,"minecraft:tuff":5,"minecraft:dark_oak_leaves":12,"minecraft:deepslate_diamond_ore":44,"minecraft:oak_door":7,"born_in_chaos_v1:infected_diamond_ore":2,"minecraft:lever":2,"minecraft:ladder":1,"iceandfire:frozen_stone":3,"fruitsdelight:orange_leaves":1,"iceandfire:frozen_splinters":3,"minecraft:spruce_leaves":11,"fruitsdelight:peach_leaves":12,"rocks:rock":2,"minecraft:rooted_dirt":2,"minecraft:large_fern":9,"minecraft:hay_block":14,"minecraft:oak_trapdoor":1,"minecraft:furnace":12,"minecraft:stripped_spruce_log":3,"minecraft:deepslate_iron_ore":5,"minecraft:stone":1074,"minecraft:podzol":6,"minecraft:acacia_leaves":8,"minecraft:oak_fence":1,"minecraft:crafting_table":17,"minecraft:oak_wood":3,"minecraft:sculk_sensor":6,"minecraft:stone_slab":4,"minecraft:lapis_ore":3,"fruitsdelight:mango_leaves":16,"minecraft:sculk":73,"minecraft:sweet_berry_bush":2,"minecraft:gray_bed":1,"minecraft:coal_ore":34,"minecraft:terracotta":1,"minecraft:mossy_stone_bricks":1},"minecraft:dropped":{"iceandfire:chared_stone":1,"hexerei:wax_blend":6,"minecraft:iron_sword":1,"iceandfire:raw_silver":3,"minecraft:piston":1,"minecraft:porkchop":11,"hexerei:cloth":1,"minecraft:glass_bottle":1,"minecraft:diamond":8,"minecraft:crafting_table":6,"minecraft:cooked_porkchop":3,"minecraft:pitcher_pod":1,"minecraft:fletching_table":1,"minecraft:saddle":1,"minecraft:rail":9,"minecraft:item_frame":1,"minecraft:dirt":83,"iceandfire:blindfold":2,"minecraft:dark_oak_fence":2,"minecraft:yellow_dye":1,"iceandfire:armor_red_boots":1,"minecraft:chain":1,"minecraft:jungle_sapling":1,"minecraft:gold_nugget":1,"minecraft:bone_meal":2,"minecraft:iron_pickaxe":2,"majruszsdifficulty:tattered_leggings":1,"minecraft:dark_oak_planks":7,"minecraft:fishing_rod":1,"minecraft:white_wool":1,"minecraft:bone":140,"minecraft:oak_door":4,"majruszsdifficulty:cloth":20,"minecraft:sugar_cane":2,"minecraft:lever":8,"minecraft:cobbled_deepslate":26,"fruitsdelight:hawberry_sapling":1,"alexscaves:cave_tablet":1,"minecraft:birch_sapling":2,"minecraft:wheat":10,"tombstone:gift":1,"minecraft:rotten_flesh":181,"minecraft:oak_planks":47,"minecraft:white_bed":1,"minecraft:echo_shard":5,"iceandfire:armor_gray_leggings":1,"minecraft:tipped_arrow":1,"iceandfire:ghost_chest":1,"minecraft:charcoal":5,"minecraft:glass":18,"minecraft:beef":3,"iceandfire:manuscript":10,"minecraft:enchanted_book":5,"minecraft:iron_ingot":1,"born_in_chaos_v1:intoxicating_decoction":1,"majruszsdifficulty:recall_potion":1,"born_in_chaos_v1:shattered_skull":2,"minecraft:wheat_seeds":50,"minecraft:feather":3,"minecraft:oak_fence":1,"minecraft:iron_helmet":8,"minecraft:cobblestone":310,"minecraft:prismarine_crystals":1,"minecraft:book":9,"majruszsdifficulty:soul_jar":2,"minecraft:apple":1,"born_in_chaos_v1:soul_cutlass":2,"minecraft:coal":8,"minecraft:oxeye_daisy":2,"minecraft:cobweb":6,"minecraft:gray_wool":2,"minecraft:wooden_hoe":1,"skilltree:gem":13,"minecraft:cooked_salmon":3,"minecraft:oak_stairs":8,"minecraft:iron_shovel":1,"minecraft:paper":10,"minecraft:string":134,"create:raw_zinc":2,"iceandfire:frozen_cobblestone":6,"minecraft:furnace":3,"hexerei:animal_fat":9,"minecraft:moss_carpet":1,"hexerei:sage_seed":41,"minecraft:stone_sword":1,"minecraft:cocoa_beans":6,"minecraft:bowl":3,"minecraft:green_bed":1,"minecraft:experience_bottle":3,"born_in_chaos_v1:rotten_fish":7,"minecraft:iron_boots":9,"minecraft:damaged_anvil":1,"fruitsdelight:hawberry":12,"minecraft:white_terracotta":1,"minecraft:torchflower_seeds":3,"minecraft:pumpkin_seeds":47,"minecraft:diamond_sword":4,"minecraft:potato":1,"minecraft:stone":1,"minecraft:allium":8,"majruszsdifficulty:bandage":2,"minecraft:bundle":1,"minecraft:diamond_pickaxe":1,"iceandfire:silver_ingot":2,"minecraft:spider_eye":1,"minecraft:brown_bed":1,"minecraft:stone_bricks":10,"minecraft:bamboo":1,"minecraft:bow":1,"iceandfire:sea_serpent_fang":3,"minecraft:magma_block":6,"minecraft:black_wool":1,"minecraft:brown_mushroom":1,"minecraft:birch_planks":8,"minecraft:baked_potato":1,"minecraft:ender_pearl":2,"minecraft:lantern":1,"majruszsdifficulty:tattered_helmet":2,"minecraft:leather":5,"minecraft:cod":3,"minecraft:flint":4,"tombstone:bag_of_seeds":1,"rocks:cobblestone_splitter":1,"minecraft:dark_oak_log":4,"iceandfire:pixie_jar_empty":1,"minecraft:cornflower":1,"iceandfire:armor_silver_metal_leggings":3,"minecraft:mutton":2,"minecraft:seagrass":1,"majruszsdifficulty:tattered_boots":1,"farmersdelight:onion":4,"minecraft:birch_log":2,"iceandfire:armor_gray_helmet":1,"minecraft:armor_stand":7,"minecraft:gravel":80,"minecraft:blackstone":64,"minecraft:pointed_dripstone":8,"born_in_chaos_v1:ethereal_spirit":5,"minecraft:cherry_sapling":2,"iceandfire:frozen_stone":1,"minecraft:poppy":3,"iceandfire:armor_silver_metal_boots":1,"minecraft:trident":1,"minecraft:gunpowder":2,"iceandfire:armor_silver_boots":1,"born_in_chaos_v1:corpse_maggot":23,"born_in_chaos_v1:diamond_termite_shard":4,"minecraft:iron_bars":1,"minecraft:arrow":18,"fruitsdelight:orange":1,"minecraft:netherrack":7,"minecraft:water_bucket":1,"minecraft:oak_slab":1,"minecraft:mossy_cobblestone":2,"minecraft:poisonous_potato":1,"minecraft:prismarine_shard":14,"minecraft:copper_ingot":2,"minecraft:acacia_log":2,"minecraft:grass_block":1,"minecraft:stick":24,"born_in_chaos_v1:pumpkin_staff":5,"born_in_chaos_v1:anluka_doors":1,"farmersdelight:golden_knife":1,"minecraft:black_candle":1,"born_in_chaos_v1:river_mint":1,"minecraft:torch":39,"tombstone:grave_key":5,"minecraft:melon_slice":12,"minecraft:brown_wool":3,"born_in_chaos_v1:fused_bone":4,"born_in_chaos_v1:stimulating_decoction":3,"iceandfire:armor_silver_metal_chestplate":1,"tombstone:grave_dust":45,"minecraft:iron_leggings":14,"minecraft:wither_rose":1,"minecraft:iron_axe":1,"fruitsdelight:peach":8,"minecraft:bucket":3,"farmersdelight:rich_soil":1,"minecraft:dandelion":4,"iceandfire:dragonbone":21,"minecraft:redstone":4,"iceandfire:armor_red_chestplate":1,"minecraft:kelp":9,"minecraft:sweet_berries":5,"hexerei:witch_hazel_drying_rack":2,"minecraft:coarse_dirt":12,"iceandfire:armor_blue_chestplate":2,"minecraft:raw_iron":42,"iceandfire:witherbone":3,"minecraft:sculk_sensor":4,"iceandfire:dragonbone_sword_fire":3,"minecraft:shield":3,"iceandfire:chared_cobblestone":2,"minecraft:iron_chestplate":11,"minecraft:mossy_stone_bricks":1,"born_in_chaos_v1:intoxicating_dagger":4,"minecraft:oak_boat":1,"minecraft:oak_sapling":4,"minecraft:spruce_log":4,"minecraft:stone_pickaxe":1,"minecraft:wooden_pickaxe":3,"minecraft:brick":4},"minecraft:crafted":{"minecraft:birch_boat":1,"minecraft:cooked_mutton":12,"minecraft:glass":10,"minecraft:diamond_helmet":1,"minecraft:diamond_leggings":1,"iceandfire:ambrosia":7,"minecraft:emerald":1,"minecraft:cooked_porkchop":26,"minecraft:jungle_boat":1,"majruszsdifficulty:bandage":4,"minecraft:wooden_hoe":1,"born_in_chaos_v1:smoked_flesh":45,"minecraft:iron_pickaxe":2,"minecraft:lantern":1,"minecraft:stone_pickaxe":3,"minecraft:diamond_boots":1,"minecraft:spruce_boat":1,"minecraft:dark_oak_planks":104,"minecraft:wheat":126,"minecraft:enchanted_book":3,"minecraft:oak_stairs":28,"minecraft:iron_shovel":5,"minecraft:iron_leggings":1,"minecraft:white_bed":1,"minecraft:brick":9,"minecraft:oak_planks":696,"minecraft:dark_oak_boat":4,"minecraft:cooked_chicken":5,"minecraft:iron_boots":1,"minecraft:chest":2,"minecraft:crafting_table":26,"minecraft:spruce_planks":20,"minecraft:iron_helmet":1,"minecraft:wooden_pickaxe":4,"minecraft:baked_potato":84,"minecraft:birch_planks":24,"minecraft:book":1,"minecraft:iron_chestplate":1,"minecraft:paper":39,"minecraft:diamond_pickaxe":2,"minecraft:shield":4,"minecraft:stick":68,"minecraft:iron_ingot":29,"minecraft:stone_sword":1,"minecraft:redstone_torch":1,"minecraft:cherry_planks":8,"minecraft:oak_door":3,"minecraft:coal":9,"minecraft:furnace":7,"alexscaves:cave_map":1,"minecraft:flint_and_steel":1,"minecraft:iron_axe":1,"born_in_chaos_v1:fried_maggot":21,"minecraft:diamond_sword":2,"minecraft:iron_sword":1,"minecraft:bowl":12,"minecraft:cooked_salmon":12,"minecraft:bucket":3,"minecraft:bread":42,"minecraft:air":0,"minecraft:jungle_planks":60,"minecraft:oak_boat":9,"minecraft:acacia_planks":8,"minecraft:torch":36,"minecraft:diamond_chestplate":1},"minecraft:killed_by":{"majruszsdifficulty:cursed_armor":1,"iceandfire:fire_dragon":1,"minecraft:player":3,"iceandfire:gorgon":1},"minecraft:picked_up":{"minecraft:seagrass":2,"minecraft:iron_chestplate":10,"minecraft:prismarine_shard":14,"minecraft:diamond_sword":4,"minecraft:oak_stairs":8,"minecraft:brown_bed":8,"minecraft:wither_rose":1,"minecraft:enchanted_book":11,"iceandfire:manuscript":7,"minecraft:string":200,"minecraft:cooked_salmon":14,"minecraft:diamond_leggings":1,"minecraft:gold_nugget":48,"minecraft:cobbled_deepslate":155,"minecraft:spruce_planks":4,"minecraft:melon_slice":135,"born_in_chaos_v1:shattered_skull":3,"minecraft:green_bed":5,"minecraft:acacia_log":4,"hexerei:cloth":1,"minecraft:cherry_log":2,"fruitsdelight:hawberry":17,"iceandfire:armor_silver_metal_boots":1,"born_in_chaos_v1:fried_maggot":6,"minecraft:stone_sword":2,"farmersdelight:onion":4,"farmersdelight:rope":5,"minecraft:white_terracotta":1,"majruszsdifficulty:undead_army_treasure_bag":4,"minecraft:iron_bars":3,"minecraft:birch_log":11,"iceandfire:armor_silver_chestplate":1,"born_in_chaos_v1:staffof_magic_arrows":1,"minecraft:magma_block":9,"minecraft:feather":3,"minecraft:cooked_beef":6,"born_in_chaos_v1:spiritual_dust":5,"minecraft:water_bucket":1,"minecraft:jungle_log":15,"minecraft:brown_wool":3,"minecraft:dark_oak_boat":3,"hexerei:witch_hazel_drying_rack":3,"minecraft:flint":5,"minecraft:lantern":1,"minecraft:rabbit":4,"minecraft:diamond_helmet":1,"minecraft:moss_block":3,"minecraft:pitcher_pod":1,"fruitsdelight:mango_sapling":2,"fruitsdelight:orange":1,"hexerei:animal_fat":9,"iceandfire:dragon_skull_fire":1,"iceandfire:armor_blue_chestplate":2,"minecraft:dark_oak_log":32,"iceandfire:chared_cobblestone":2,"minecraft:bundle":2,"minecraft:lever":10,"minecraft:granite":20,"iceandfire:gorgon_head":1,"minecraft:rooted_dirt":2,"born_in_chaos_v1:rotten_fish":11,"minecraft:dark_oak_fence":2,"iceandfire:armor_silver_helmet":1,"rocks:cobblestone_splitter":1,"iceandfire:raw_silver":3,"minecraft:crafting_table":20,"minecraft:coarse_dirt":16,"iceandfire:witherbone":3,"minecraft:clay_ball":36,"iceandfire:armor_gray_helmet":2,"minecraft:cornflower":1,"born_in_chaos_v1:intoxicating_decoction":2,"minecraft:iron_shovel":1,"fruitsdelight:peach_sapling":1,"minecraft:beef":5,"iceandfire:armor_silver_metal_leggings":2,"born_in_chaos_v1:gnawed_bones":2,"minecraft:jungle_sapling":1,"minecraft:poppy":3,"minecraft:birch_sapling":2,"minecraft:piston":1,"minecraft:stone":2,"minecraft:oak_door":10,"minecraft:carrot":2,"minecraft:redstone":4,"minecraft:prismarine_crystals":1,"iceandfire:dragon_skull_ice":1,"minecraft:tnt":24,"minecraft:diamond_chestplate":2,"minecraft:diamond_boots":1,"minecraft:hay_block":14,"majruszsdifficulty:soul_jar":1,"tombstone:essence_of_undeath":2,"minecraft:mutton":23,"minecraft:white_wool":8,"minecraft:rail":9,"minecraft:oxeye_daisy":2,"iceandfire:sea_serpent_fang":3,"born_in_chaos_v1:monster_flesh":4,"born_in_chaos_v1:pumpkin_staff":4,"minecraft:yellow_dye":1,"majruszsdifficulty:tattered_helmet":3,"alexsmobs:skreecher_soul":2,"majruszsdifficulty:cloth":20,"minecraft:oak_log":248,"minecraft:golden_boots":1,"minecraft:paper":23,"tombstone:gift":2,"minecraft:white_banner":1,"fruitsdelight:hawberry_sapling":1,"born_in_chaos_v1:soul_cutlass":3,"minecraft:apple":2,"minecraft:stone_bricks":34,"iceandfire:pixie_jar_empty":2,"minecraft:kelp":9,"majruszsdifficulty:tattered_leggings":1,"minecraft:stone_pickaxe":2,"minecraft:cobweb":6,"tombstone:bag_of_seeds":1,"minecraft:gray_bed":1,"minecraft:iron_sword":1,"iceandfire:chared_stone":2,"minecraft:sweet_berries":10,"born_in_chaos_v1:orbofthe_summoner":1,"born_in_chaos_v1:ethereal_spirit":9,"minecraft:torchflower_seeds":3,"minecraft:gravel":86,"minecraft:spruce_sapling":1,"minecraft:spruce_log":9,"fruitsdelight:pear":1,"minecraft:oak_wood":3,"minecraft:purple_bed":1,"minecraft:stone_axe":1,"minecraft:gray_wool":2,"iceandfire:armor_silver_boots":1,"minecraft:baked_potato":82,"minecraft:ender_pearl":6,"minecraft:wheat":11,"born_in_chaos_v1:bloody_gadfly_eye":1,"tombstone:grave_key":1,"iceandfire:armor_gray_leggings":2,"iceandfire:sea_serpent_scales_teal":4,"minecraft:iron_leggings":11,"minecraft:armor_stand":7,"minecraft:experience_bottle":3,"minecraft:bucket":2,"minecraft:redstone_torch":1,"minecraft:iron_pickaxe":2,"born_in_chaos_v1:stimulating_decoction":4,"minecraft:iron_boots":8,"minecraft:furnace":12,"minecraft:tipped_arrow":78,"iceandfire:pixie_dust":9,"minecraft:stick":16,"iceandfire:ghost_chest":1,"minecraft:oak_fence":1,"minecraft:torch":38,"minecraft:porkchop":47,"minecraft:target":1,"minecraft:pointed_dripstone":8,"tombstone:grave_dust":46,"minecraft:rotten_flesh":280,"alexsmobs:emu_egg":1,"minecraft:obsidian":19,"minecraft:cod":4,"minecraft:cobblestone":1021,"minecraft:enchanting_table":2,"minecraft:pink_petals":2,"minecraft:andesite":26,"minecraft:golden_leggings":1,"iceandfire:armor_red_chestplate":2,"minecraft:potato":90,"create:raw_zinc":2,"skilltree:gem":17,"minecraft:lapis_lazuli":30,"minecraft:dirt":602,"minecraft:name_tag":1,"born_in_chaos_v1:monster_skin":2,"minecraft:glass":17,"minecraft:bone":283,"hexerei:wax_blend":12,"minecraft:bow":2,"minecraft:wheat_seeds":61,"majruszsdifficulty:warden_treasure_bag":5,"minecraft:raw_gold":10,"minecraft:mossy_stone_bricks":1,"minecraft:fletching_table":1,"minecraft:bamboo":2,"minecraft:oak_planks":89,"minecraft:cooked_porkchop":36,"minecraft:poisonous_potato":1,"iceandfire:armor_red_boots":2,"minecraft:sand":21,"minecraft:grass_block":2,"iceandfire:dragonbone_sword_lightning":1,"minecraft:mossy_cobblestone":2,"minecraft:diamond":47,"minecraft:spruce_boat":2,"fruitsdelight:peach":21,"iceandfire:dragonbone_sword_fire":3,"minecraft:crossbow":1,"minecraft:bone_meal":4,"minecraft:emerald":33,"minecraft:oak_sapling":13,"minecraft:netherrack":7,"majruszsdifficulty:tattered_boots":2,"minecraft:fishing_rod":1,"minecraft:cocoa_beans":6,"minecraft:charcoal":4,"born_in_chaos_v1:diamond_termite_shard":4,"minecraft:allium":8,"minecraft:chicken":5,"born_in_chaos_v1:river_mint":1,"minecraft:brown_mushroom":2,"minecraft:wooden_pickaxe":1,"minecraft:cooked_rabbit":4,"iceandfire:frozen_cobblestone":6,"minecraft:chain":3,"minecraft:brick":4,"minecraft:shield":5,"iceandfire:frozen_stone":2,"minecraft:moss_carpet":2,"minecraft:iron_axe":2,"minecraft:item_frame":1,"minecraft:blackstone":232,"fruitsdelight:fig_sapling":1,"minecraft:echo_shard":1,"minecraft:oak_boat":13,"fruitsdelight:fig":2,"farmersdelight:golden_knife":1,"minecraft:sugar_cane":45,"minecraft:spruce_trapdoor":1,"minecraft:raw_iron":28,"iceandfire:dragonbone":51,"minecraft:copper_ingot":2,"minecraft:recovery_compass":1,"minecraft:dark_oak_planks":4,"hexerei:sage_seed":44,"iceandfire:blindfold":2,"iceandfire:silver_ingot":2,"minecraft:arrow":195,"born_in_chaos_v1:fused_bone":4,"born_in_chaos_v1:corpse_maggot":60,"farmersdelight:rich_soil":2,"minecraft:jungle_boat":2,"minecraft:salmon":1,"minecraft:leather":10,"minecraft:gunpowder":2,"minecraft:cooked_mutton":21,"born_in_chaos_v1:intoxicating_dagger":4,"hexerei:pestle_and_mortar":1,"iceandfire:armor_silver_metal_helmet":1,"minecraft:iron_ingot":25,"minecraft:cooked_chicken":4,"minecraft:book":10,"minecraft:oak_slab":2,"minecraft:black_candle":1,"minecraft:dandelion":4,"majruszsdifficulty:sonic_boom_scroll":1,"majruszsdifficulty:bandage":13,"minecraft:white_bed":7,"minecraft:spider_eye":2,"minecraft:pumpkin_seeds":47,"minecraft:sculk_sensor":4,"minecraft:iron_helmet":8,"minecraft:cherry_sapling":2,"tombstone:magic_scroll":1,"minecraft:damaged_anvil":1,"minecraft:black_wool":1,"fruitsdelight:mango":7,"minecraft:coal":76},"minecraft:used":{"minecraft:moss_block":3,"minecraft:chest":2,"minecraft:stone":1,"minecraft:rotten_flesh":9,"born_in_chaos_v1:soul_cutlass":10,"minecraft:spruce_boat":3,"born_in_chaos_v1:smoked_flesh":55,"minecraft:lava_bucket":16,"minecraft:grass_block":1,"minecraft:bow":110,"minecraft:dark_oak_boat":6,"minecraft:oak_sapling":8,"minecraft:furnace":15,"minecraft:potato":62,"minecraft:blackstone":104,"minecraft:wooden_pickaxe":74,"minecraft:jungle_boat":3,"minecraft:golden_apple":2,"born_in_chaos_v1:monster_flesh":1,"born_in_chaos_v1:staffof_magic_arrows":1,"minecraft:diamond_sword":363,"minecraft:fire_charge":2,"minecraft:birch_log":1,"minecraft:oak_boat":19,"born_in_chaos_v1:dark_ritual_dagger":3,"fruitsdelight:fig_sapling":1,"minecraft:enchanting_table":1,"minecraft:stone_sword":7,"minecraft:cooked_salmon":29,"born_in_chaos_v1:fried_maggot":27,"minecraft:torch":65,"minecraft:target":1,"iceandfire:copper_sword":16,"minecraft:iron_axe":414,"minecraft:rooted_dirt":2,"born_in_chaos_v1:intoxicating_dagger":513,"minecraft:diamond_chestplate":1,"tombstone:gift":10,"minecraft:cobbled_deepslate":135,"minecraft:water_bucket":192,"minecraft:birch_planks":7,"farmersdelight:golden_knife":3,"minecraft:cherry_planks":8,"minecraft:tnt":24,"minecraft:crafting_table":35,"minecraft:white_bed":7,"minecraft:oak_log":17,"minecraft:diamond_pickaxe":1806,"majruszsdifficulty:undead_army_treasure_bag":4,"iceandfire:dragonbone_sword_fire":8,"fruitsdelight:mango":7,"minecraft:iron_pickaxe":262,"minecraft:cobblestone":511,"minecraft:purple_bed":1,"majruszsdifficulty:warden_treasure_bag":1,"minecraft:cooked_porkchop":45,"minecraft:iron_shovel":809,"fruitsdelight:pear":1,"born_in_chaos_v1:intoxicating_decoction":1,"minecraft:shield":156,"minecraft:iron_sword":567,"fruitsdelight:hawberry":5,"minecraft:jungle_planks":51,"minecraft:carrot":111,"iceandfire:frozen_stone":1,"minecraft:obsidian":17,"minecraft:glass":1,"born_in_chaos_v1:corpse_maggot":5,"minecraft:lantern":1,"minecraft:stone_bricks":24,"minecraft:gray_bed":1,"minecraft:stone_pickaxe":10,"minecraft:oak_planks":434,"minecraft:ender_pearl":25,"minecraft:sugar_cane":4,"minecraft:white_wool":1,"minecraft:crossbow":8,"iceandfire:dragonbone_sword_lightning":192,"minecraft:redstone_torch":2,"minecraft:melon_slice":65,"minecraft:bread":153,"minecraft:gravel":6,"born_in_chaos_v1:rotten_fish":1,"minecraft:cooked_rabbit":4,"fruitsdelight:peach":8,"minecraft:coarse_dirt":2,"minecraft:bone_meal":2,"minecraft:trident":1,"minecraft:flint_and_steel":6,"minecraft:cooked_chicken":5,"minecraft:oak_door":9,"minecraft:dirt":408,"iceandfire:pixie_dust":2,"iceandfire:armor_silver_metal_helmet":1,"minecraft:dark_oak_planks":25,"minecraft:oak_stairs":28,"minecraft:cooked_beef":4,"minecraft:brown_bed":6,"minecraft:cooked_mutton":33,"minecraft:baked_potato":165,"minecraft:birch_boat":1,"minecraft:green_bed":4,"majruszsdifficulty:recall_potion":1,"tombstone:bag_of_seeds":2,"minecraft:wooden_hoe":33,"iceandfire:ambrosia":7,"minecraft:apple":74,"minecraft:stone_axe":90,"minecraft:pink_petals":2,"fruitsdelight:mango_sapling":2,"minecraft:fishing_rod":22,"majruszsdifficulty:bandage":23,"minecraft:bucket":209}},"DataVersion":3465}