{"stats":{"minecraft:killed_by":{"cave_dweller:cave_dweller":1,"iceandfire:ice_dragon":1,"iceandfire:fire_dragon":1,"minecraft:player":2},"minecraft:crafted":{"minecraft:birch_boat":1,"hexerei:mahogany_planks":28,"minecraft:cooked_mutton":222,"minecraft:glass":18,"minecraft:diamond_leggings":1,"minecraft:acacia_fence":9,"iceandfire:ambrosia":3,"iceandfire:armor_gray_boots":1,"minecraft:emerald":5,"minecraft:cooked_porkchop":119,"minecraft:jungle_boat":1,"alexscaves:quarry_smasher":1,"iceandfire:armor_green_chestplate":1,"iceandfire:armor_gray_chestplate":1,"iceandfire:dragonbone_sword_ice":1,"iceandfire:armor_white_helmet":1,"minecraft:iron_pickaxe":12,"minecraft:iron_block":7,"minecraft:acacia_door":3,"minecraft:gold_ingot":54,"iceandfire:dragon_horn":1,"alexscaves:galena_gauntlet":1,"iceandfire:armor_green_leggings":1,"iceandfire:dragonbone_sword_fire":1,"minecraft:acacia_fence_gate":1,"iceandfire:dragon_flute":1,"minecraft:bone_meal":330,"iceandfire:armor_silver_chestplate":1,"minecraft:stone_pickaxe":8,"minecraft:spruce_boat":2,"alexscaves:scarlet_neodymium_ingot":6,"minecraft:dark_oak_planks":92,"iceandfire:dragonbone_sword":2,"minecraft:enchanting_table":1,"minecraft:enchanted_book":3,"minecraft:golden_apple":6,"minecraft:wooden_axe":1,"minecraft:iron_shovel":1,"minecraft:iron_leggings":5,"minecraft:oak_planks":500,"iceandfire:armor_silver_boots":1,"iceandfire:armor_sapphire_chestplate":1,"minecraft:cooked_chicken":8,"minecraft:cherry_boat":1,"minecraft:stone":4,"hexerei:mahogany_chest":1,"minecraft:iron_boots":5,"iceandfire:armor_gray_helmet":2,"iceandfire:armor_green_helmet":2,"minecraft:chest":39,"minecraft:stone_hoe":1,"iceandfire:armor_sapphire_helmet":1,"iceandfire:armor_silver_leggings":1,"minecraft:crafting_table":13,"minecraft:spruce_planks":260,"minecraft:iron_helmet":4,"minecraft:wooden_pickaxe":1,"minecraft:baked_potato":236,"iceandfire:armor_white_boots":1,"minecraft:birch_planks":76,"minecraft:iron_chestplate":4,"minecraft:diamond_pickaxe":1,"minecraft:shield":13,"minecraft:stick":424,"minecraft:iron_ingot":325,"alexscaves:resistor_shield":1,"alexscaves:packed_galena":19,"minecraft:cherry_planks":32,"minecraft:wooden_sword":1,"iceandfire:dragon_stick":1,"minecraft:furnace":14,"iceandfire:armor_sapphire_leggings":1,"alexscaves:azure_neodymium_ingot":6,"minecraft:iron_axe":1,"born_in_chaos_v1:fried_maggot":122,"minecraft:cooked_beef":20,"minecraft:cooked_cod":25,"iceandfire:dragon_meal":24,"alexsmobs:cooked_kangaroo_meat":6,"minecraft:iron_sword":3,"minecraft:cooked_salmon":8,"minecraft:bucket":2,"minecraft:acacia_boat":1,"minecraft:bread":75,"minecraft:air":0,"minecraft:jungle_planks":8,"minecraft:acacia_planks":464,"minecraft:torch":880,"iceandfire:armor_silver_helmet":1,"iceandfire:armor_green_boots":1},"minecraft:mined":{"minecraft:dark_oak_planks":1,"minecraft:white_bed":5,"minecraft:cherry_log":6,"minecraft:jungle_leaves":2,"alexscaves:azure_neodymium_pillar":172,"minecraft:potted_crimson_fungus":1,"minecraft:obsidian":9,"minecraft:granite":178,"minecraft:acacia_log":115,"minecraft:jungle_log":2,"minecraft:spawner":9,"minecraft:magma_block":18,"minecraft:fire":114,"minecraft:cobbled_deepslate":28,"minecraft:deepslate_lapis_ore":7,"alexscaves:scarlet_neodymium_node":15,"hexerei:mahogany_log":7,"minecraft:sculk_shrieker":7,"minecraft:dirt_path":2,"minecraft:small_amethyst_bud":2,"minecraft:white_banner":1,"minecraft:blue_orchid":6,"create:veridium":36,"minecraft:kelp_plant":2,"minecraft:deepslate_tile_slab":1,"minecraft:powder_snow":61,"minecraft:torch":26,"minecraft:dead_bush":5,"alexscaves:energized_galena_scarlet":20,"iceandfire:sapphire_ore":1,"minecraft:amethyst_block":4,"minecraft:skeleton_skull":1,"minecraft:chain":4,"iceandfire:crackled_stone":5,"minecraft:wheat":420,"minecraft:pitcher_plant":1,"minecraft:grass":143,"minecraft:smooth_basalt":17,"minecraft:red_mushroom_block":5,"born_in_chaos_v1:infernal_evil_pumpkin_s":2,"minecraft:deepslate":319,"iceandfire:silver_ore":9,"minecraft:mossy_cobblestone":12,"farmersdelight:wild_carrots":1,"minecraft:cherry_sapling":6,"minecraft:dark_oak_log":19,"minecraft:spruce_fence":2,"minecraft:moss_block":4,"minecraft:cartography_table":1,"born_in_chaos_v1:gnawed_bones":1,"alexscaves:galena":832,"minecraft:redstone_ore":2,"minecraft:andesite":28,"alexscaves:heart_of_iron":4,"minecraft:potatoes":18,"minecraft:vine":4,"minecraft:bamboo":14,"minecraft:cake":4,"alexscaves:tesla_bulb":2,"minecraft:cherry_planks":1,"alexscaves:azure_neodymium_node":10,"minecraft:brown_carpet":1,"minecraft:cornflower":11,"minecraft:emerald_ore":1,"minecraft:campfire":6,"minecraft:copper_ore":2,"minecraft:tall_grass":51,"minecraft:deepslate_gold_ore":19,"minecraft:diorite":17,"minecraft:coarse_dirt":2,"minecraft:cobblestone_wall":2,"minecraft:torchflower":1,"minecraft:spruce_log":61,"minecraft:birch_leaves":11,"iceandfire:silver_pile":4,"minecraft:acacia_door":1,"minecraft:gravel":29,"minecraft:dripstone_block":5,"minecraft:cobweb":133,"minecraft:acacia_planks":4,"minecraft:spruce_fence_gate":1,"minecraft:stone_bricks":5,"minecraft:gold_ore":4,"minecraft:infested_stone":2,"minecraft:fern":18,"create:deepslate_zinc_ore":4,"minecraft:oak_sapling":2,"minecraft:stone_pressure_plate":1,"minecraft:sculk_vein":39,"minecraft:cobblestone_stairs":3,"minecraft:potted_cactus":1,"minecraft:brewing_stand":1,"minecraft:spruce_trapdoor":2,"minecraft:mangrove_door":1,"minecraft:grass_block":86,"minecraft:sculk_catalyst":18,"minecraft:iron_ore":149,"rocks:oak_stick":1,"iceandfire:crackled_dirt":2,"create:asurine":45,"minecraft:pointed_dripstone":2,"iceandfire:chared_cobblestone":81,"minecraft:deepslate_redstone_ore":42,"minecraft:blackstone":283,"minecraft:medium_amethyst_bud":2,"iceandfire:dragon_ice_spikes":20,"alexscaves:energized_galena_neutral":4,"minecraft:calcite":15,"minecraft:poppy":1,"minecraft:chest":4,"born_in_chaos_v1:black_argillite_column_slab":4,"minecraft:cobblestone":48,"minecraft:oak_planks":27,"minecraft:wall_torch":30,"minecraft:pink_petals":1,"rocks:spruce_stick":1,"minecraft:birch_log":12,"minecraft:tnt":2,"minecraft:oak_log":116,"minecraft:beetroots":3,"minecraft:sand":32,"minecraft:dirt":113,"minecraft:oak_leaves":173,"iceandfire:chared_stone":55,"minecraft:diamond_ore":2,"minecraft:tuff":45,"minecraft:red_carpet":1,"minecraft:deepslate_diamond_ore":36,"iceandfire:frozen_cobblestone":11,"born_in_chaos_v1:infected_diamond_ore":4,"minecraft:glow_lichen":2,"minecraft:ladder":1,"iceandfire:frozen_stone":22,"minecraft:decorated_pot":2,"minecraft:spruce_leaves":29,"rocks:rock":2,"minecraft:rooted_dirt":2,"minecraft:large_fern":2,"minecraft:oak_trapdoor":1,"minecraft:furnace":1,"minecraft:carrots":32,"minecraft:nether_sprouts":4,"alexscaves:energized_galena_azure":80,"minecraft:stripped_spruce_log":7,"minecraft:bookshelf":22,"minecraft:deepslate_iron_ore":72,"rocks:gravel_rock":1,"minecraft:lantern":9,"minecraft:stripped_oak_log":6,"minecraft:packed_ice":1,"minecraft:stone":1184,"minecraft:acacia_leaves":46,"minecraft:oak_fence":7,"minecraft:crafting_table":9,"minecraft:sculk_sensor":72,"minecraft:lectern":1,"minecraft:stone_slab":3,"alexscaves:metal_swarf":27,"minecraft:deepslate_coal_ore":19,"minecraft:lapis_ore":16,"minecraft:sculk":1011,"alexscaves:galena_iron_ore":63,"minecraft:beehive":2,"minecraft:potted_azure_bluet":1,"minecraft:coal_ore":414,"minecraft:cherry_leaves":3,"minecraft:cracked_stone_bricks":1,"hexerei:sage_crop":3,"minecraft:mossy_stone_bricks":1,"alexscaves:scarlet_neodymium_pillar":246},"minecraft:killed":{"minecraft:cave_spider":26,"iceandfire:hippogryph":1,"born_in_chaos_v1:mr_pumpkin":14,"alexscaves:boundroid":3,"born_in_chaos_v1:restless_spirit":16,"born_in_chaos_v1:zombie_lumberjack":26,"born_in_chaos_v1:skeleton_demoman":4,"born_in_chaos_v1:door_knight_not_despawn":1,"born_in_chaos_v1:sir_the_headless":4,"alexsmobs:murmur":1,"born_in_chaos_v1:siamese_skeletonsright":14,"born_in_chaos_v1:baby_skeleton_minion":29,"minecraft:skeleton":476,"alexsmobs:orca":1,"minecraft:guardian":7,"alexsmobs:leafcutter_ant":3,"minecraft:chicken":6,"born_in_chaos_v1:skeleton_thrasher":1,"majruszsdifficulty:creeperling":11,"creeperoverhaul:cave_creeper":1,"alexsmobs:centipede_head":3,"born_in_chaos_v1:supreme_bonescaller_stage_2":4,"mowziesmobs:foliaath":1,"minecraft:skeleton_horse":3,"alexscaves:teletor":10,"minecraft:iron_golem":1,"alexsmobs:seal":2,"majruszsdifficulty:tank":41,"endermanoverhaul:savanna_enderman":1,"minecraft:pillager":110,"minecraft:zombie":610,"alexsmobs:maned_wolf":1,"born_in_chaos_v1:corpse_fly":89,"minecraft:glow_squid":1,"born_in_chaos_v1:door_knight":12,"iceandfire:sea_serpent":1,"minecraft:cow":12,"minecraft:evoker":1,"bugs_aplenty:beetle_lightgray_spotted":1,"alexsmobs:raccoon":3,"minecraft:vindicator":24,"majruszsdifficulty:illusioner":6,"alexscaves:ferrouslime":4,"born_in_chaos_v1:skeleton_thrasher_not_despawn":1,"creeperoverhaul:snowy_creeper":1,"born_in_chaos_v1:pumpkinhead":4,"born_in_chaos_v1:dire_hound_leader":2,"mowziesmobs:ferrous_wroughtnaut":2,"iceandfire:siren":8,"minecraft:warden":11,"alexsmobs:rocky_roller":1,"iceandfire:hippocampus":3,"born_in_chaos_v1:barrel_zombie":11,"born_in_chaos_v1:spiritof_chaos":3,"bugs_aplenty:beetle_lightgray_plain":2,"minecraft:husk":166,"bugs_aplenty:beetle_yellow_plain_shiny":2,"born_in_chaos_v1:bone_imp_minion":28,"iceandfire:cyclops":2,"majruszsdifficulty:cursed_armor":2,"minecraft:ravager":5,"born_in_chaos_v1:decrepit_skeleton":99,"born_in_chaos_v1:bloody_gadfly":11,"iceandfire:ghost":14,"born_in_chaos_v1:dark_vortex":13,"iceandfire:ice_dragon":2,"creeperoverhaul:savannah_creeper":1,"minecraft:enderman":2,"born_in_chaos_v1:lifestealer_true_form":5,"born_in_chaos_v1:zombie_clown":5,"minecraft:witch":11,"mowziesmobs:umvuthi":1,"minecraft:spider":130,"alexsmobs:froststalker":6,"born_in_chaos_v1:scarlet_persecutor":13,"alexsmobs:banana_slug":1,"creeperoverhaul:dark_oak_creeper":1,"minecraft:silverfish":1,"born_in_chaos_v1:firelight_not_despawn":5,"alexsmobs:kangaroo":4,"alexscaves:notor":3,"minecraft:wolf":3,"born_in_chaos_v1:bonescaller":13,"minecraft:pig":24,"alexsmobs:grizzly_bear":2,"born_in_chaos_v1:diamond_termite":9,"minecraft:zombie_villager":12,"born_in_chaos_v1:glutton_fish":3,"minecraft:creeper":32,"minecraft:sheep":35,"bugs_aplenty:beetle_yellow_plain":3,"born_in_chaos_v1:zombie_fisherman":3,"born_in_chaos_v1:dread_hound":31,"alexsmobs:terrapin":3,"minecraft:stray":143,"alexsmobs:fly":4,"iceandfire:pixie":3,"cave_dweller:cave_dweller":7,"born_in_chaos_v1:siamese_skeletonsleft":14,"minecraft:vex":10,"born_in_chaos_v1:missioner":4,"born_in_chaos_v1:zombie_clown_not_despawn":2,"born_in_chaos_v1:zombie_bruiser":18,"born_in_chaos_v1:maggot":219,"minecraft:phantom":35,"iceandfire:fire_dragon":3,"minecraft:drowned":11,"born_in_chaos_v1:corpse_fish":16,"alexsmobs:skreecher":1,"majruszsdifficulty:cerberus":10,"alexsmobs:flying_fish":1,"mowziesmobs:umvuthana":8,"born_in_chaos_v1:mr_pumpkin_controlled":2,"born_in_chaos_v1:siamese_skeletons":8,"born_in_chaos_v1:fallen_chaos_knight":6,"born_in_chaos_v1:felsteed":4,"born_in_chaos_v1:baby_skeleton":25,"born_in_chaos_v1:swarmer":11,"creeperoverhaul:spruce_creeper":3,"minecraft:bat":2,"alexscaves:magnetron":3,"alexsmobs:emu":2,"hexerei:crow":1,"born_in_chaos_v1:decaying_zombie":9,"alexsmobs:gazelle":6,"born_in_chaos_v1:bonescaller_not_despawn":4,"born_in_chaos_v1:nightmare_stalker":9,"alexsmobs:crow":2,"minecraft:wither_skeleton":111,"minecraft:villager":2,"born_in_chaos_v1:decaying_zombie_not_despawn":2,"tombstone:grave_guardian":1},"minecraft:broken":{"iceandfire:armor_white_boots":1,"minecraft:iron_boots":1,"minecraft:iron_chestplate":1,"minecraft:iron_leggings":2,"minecraft:iron_sword":1,"iceandfire:armor_green_helmet":2,"iceandfire:armor_gray_boots":1,"minecraft:wooden_pickaxe":1,"minecraft:shield":6,"iceandfire:armor_green_chestplate":1,"minecraft:iron_pickaxe":5,"minecraft:iron_helmet":2,"iceandfire:armor_white_helmet":1,"iceandfire:armor_green_leggings":1,"minecraft:stone_pickaxe":6,"minecraft:wooden_axe":1,"iceandfire:armor_green_boots":1,"majruszsdifficulty:tattered_helmet":1,"iceandfire:armor_gray_helmet":2,"iceandfire:armor_silver_helmet":1},"minecraft:custom":{"minecraft:interact_with_crafting_table":184,"minecraft:open_barrel":176,"minecraft:bell_ring":14,"minecraft:eat_cake_slice":2,"minecraft:leave_game":26,"minecraft:time_since_death":305548,"minecraft:damage_blocked_by_shield":13150,"minecraft:play_time":2334225,"minecraft:deaths":52,"tombstone:tomb_raiding":1,"minecraft:jump":50601,"minecraft:interact_with_furnace":350,"minecraft:traded_with_villager":8,"minecraft:interact_with_cartography_table":2,"minecraft:sleep_in_bed":6,"minecraft:damage_dealt":795226,"tombstone:undead_killed":1990,"minecraft:interact_with_smoker":48,"minecraft:interact_with_smithing_table":23,"minecraft:horse_one_cm":743,"minecraft:interact_with_anvil":37,"minecraft:damage_dealt_absorbed":119,"minecraft:sneak_time":87604,"minecraft:interact_with_blast_furnace":6,"minecraft:total_world_time":2334225,"tombstone:raider_killed":186,"minecraft:interact_with_stonecutter":2,"minecraft:time_since_rest":4304,"tombstone:cast_on_ally":2,"minecraft:swim_one_cm":1303316,"minecraft:fly_one_cm":6615770,"minecraft:open_chest":1095,"minecraft:fish_caught":10,"minecraft:fall_one_cm":909552,"minecraft:animals_bred":18,"minecraft:damage_resisted":164,"minecraft:sprint_one_cm":4758138,"minecraft:drop":1369,"minecraft:talked_to_villager":53,"minecraft:walk_on_water_one_cm":516323,"minecraft:interact_with_loom":8,"minecraft:player_kills":4,"minecraft:crouch_one_cm":535732,"tombstone:villager_killed":2,"minecraft:mob_kills":3142,"minecraft:interact_with_campfire":4,"minecraft:damage_dealt_resisted":43812,"minecraft:climb_one_cm":32694,"minecraft:walk_one_cm":14551445,"minecraft:raid_win":3,"minecraft:walk_under_water_one_cm":401638,"minecraft:boat_one_cm":922279,"minecraft:raid_trigger":2,"minecraft:damage_taken":78618,"minecraft:damage_absorbed":803,"minecraft:trigger_trapped_chest":5},"minecraft:picked_up":{"minecraft:seagrass":4,"minecraft:iron_chestplate":1,"minecraft:prismarine_shard":41,"minecraft:stone_slab":2,"minecraft:diamond_sword":3,"minecraft:oak_stairs":2,"minecraft:enchanted_book":3,"minecraft:brewing_stand":1,"alexscaves:azure_neodymium_ingot":1,"minecraft:amethyst_block":5,"minecraft:string":407,"minecraft:dark_oak_trapdoor":1,"born_in_chaos_v1:mesh_door":2,"minecraft:cooked_salmon":16,"minecraft:beetroot":5,"minecraft:cherry_boat":1,"alexsmobs:emu_feather":1,"minecraft:gold_nugget":222,"minecraft:cobbled_deepslate":326,"born_in_chaos_v1:charmof_power":2,"minecraft:spruce_planks":24,"minecraft:mangrove_log":8,"iceandfire:ambrosia":4,"minecraft:beehive":2,"minecraft:sheaf_pottery_sherd":1,"hexerei:mahogany_log":7,"born_in_chaos_v1:shattered_skull":26,"minecraft:acacia_log":123,"born_in_chaos_v1:pileof_dark_metal":1,"minecraft:cherry_log":11,"alexsmobs:centipede_leg":12,"minecraft:stone_sword":4,"born_in_chaos_v1:fried_maggot":3,"iceandfire:fire_dragon_heart":5,"alexscaves:notor_gizmo":7,"minecraft:mangrove_door":1,"majruszsdifficulty:undead_army_treasure_bag":3,"minecraft:snowball":4,"alexsmobs:flying_fish":2,"minecraft:birch_log":43,"iceandfire:armor_silver_chestplate":1,"born_in_chaos_v1:staffof_magic_arrows":5,"minecraft:magma_block":7,"minecraft:feather":66,"minecraft:cooked_beef":10,"farmersdelight:rice":1,"born_in_chaos_v1:spiritual_dust":19,"minecraft:jungle_log":12,"minecraft:brown_wool":10,"minecraft:flint":6,"iceandfire:dragonegg_sapphire":1,"alexsmobs:cooked_kangaroo_meat":1,"minecraft:lantern":17,"born_in_chaos_v1:nightmare_stalker_skull":1,"alexscaves:galena":810,"iceandfire:ice_dragon_blood":1,"majruszsdifficulty:golden_bandage":2,"minecraft:glowstone_dust":4,"minecraft:moss_block":6,"fruitsdelight:orange":1,"hexerei:animal_fat":108,"iceandfire:dragonscales_sapphire":22,"iceandfire:dragon_skull_fire":6,"iceandfire:shiny_scales":36,"minecraft:stripped_spruce_log":7,"minecraft:dark_oak_log":23,"iceandfire:chared_cobblestone":74,"minecraft:bundle":20,"alexsmobs:kangaroo_hide":3,"create:crimsite":2,"minecraft:angler_pottery_sherd":1,"iceandfire:crackled_stone":5,"minecraft:blue_ice":2,"minecraft:granite":203,"alexscaves:heart_of_iron":4,"minecraft:spruce_button":2,"minecraft:rooted_dirt":2,"alexsmobs:maggot":3,"born_in_chaos_v1:rotten_fish":13,"rocks:cobblestone_splitter":3,"iceandfire:raw_silver":8,"minecraft:crafting_table":9,"alexscaves:raw_scarlet_neodymium":359,"iceandfire:dragon_skull_lightning":2,"minecraft:shelter_pottery_sherd":1,"minecraft:coarse_dirt":7,"iceandfire:witherbone":100,"minecraft:clay_ball":3,"born_in_chaos_v1:seedof_chaos":35,"minecraft:leather_leggings":1,"iceandfire:dragonbone_arrow":1,"alexsmobs:froststalker_horn":2,"iceandfire:armor_gray_helmet":1,"minecraft:cornflower":16,"minecraft:acacia_door":1,"born_in_chaos_v1:intoxicating_decoction":8,"minecraft:iron_shovel":2,"minecraft:cracked_stone_bricks":2,"minecraft:cartography_table":1,"minecraft:beef":38,"born_in_chaos_v1:gnawed_bones":20,"minecraft:jungle_sapling":1,"majruszsdifficulty:pillager_treasure_bag":1,"minecraft:poppy":6,"minecraft:chest":2,"minecraft:birch_sapling":1,"minecraft:egg":1,"farmersdelight:tomato_seeds":7,"born_in_chaos_v1:pieceofdarkmetal":146,"minecraft:carrot":164,"minecraft:redstone":127,"minecraft:prismarine_crystals":46,"minecraft:tnt":3,"born_in_chaos_v1:charmof_fury":2,"minecraft:beetroot_seeds":6,"minecraft:peony":2,"iceandfire:dragonscales_silver":44,"tombstone:essence_of_undeath":10,"minecraft:totem_of_undying":3,"minecraft:mutton":321,"alexsmobs:kangaroo_meat":7,"minecraft:white_wool":44,"minecraft:stripped_oak_log":3,"born_in_chaos_v1:black_argillite_column_slab":1,"born_in_chaos_v1:monster_flesh":57,"iceandfire:sea_serpent_fang":12,"born_in_chaos_v1:pumpkin_staff":8,"minecraft:yellow_dye":9,"minecraft:red_mushroom":1,"majruszsdifficulty:tattered_helmet":29,"majruszsdifficulty:cloth":24,"minecraft:torchflower":1,"minecraft:oak_log":153,"minecraft:golden_boots":1,"mowziesmobs:wrought_axe":4,"minecraft:paper":1,"tombstone:gift":2,"minecraft:white_banner":10,"born_in_chaos_v1:soul_cutlass":11,"minecraft:stone_bricks":6,"mowziesmobs:umvuthana_mask_rage":1,"minecraft:kelp":6,"mowziesmobs:foliaath_seed":6,"majruszsdifficulty:tattered_leggings":20,"tombstone:bag_of_seeds":13,"minecraft:glass_bottle":27,"minecraft:iron_sword":3,"iceandfire:chared_stone":40,"iceandfire:copper_nugget":204,"minecraft:smooth_basalt":23,"born_in_chaos_v1:orbofthe_summoner":4,"born_in_chaos_v1:ethereal_spirit":79,"minecraft:gravel":73,"minecraft:spruce_sapling":5,"born_in_chaos_v1:fangofthe_hound_leader":5,"minecraft:spruce_log":61,"alexscaves:telecore":20,"minecraft:leather_helmet":1,"minecraft:slime_ball":8,"minecraft:snort_pottery_sherd":1,"minecraft:gray_wool":21,"alexscaves:scarlet_neodymium_pillar":203,"iceandfire:ice_dragon_flesh":19,"alexscaves:cave_map":1,"mowziesmobs:umvuthana_mask_fear":2,"minecraft:melon_seeds":5,"minecraft:ender_pearl":4,"minecraft:wheat":377,"minecraft:yellow_wool":2,"born_in_chaos_v1:bloody_gadfly_eye":3,"born_in_chaos_v1:holiday_candy":278,"alexsmobs:gazelle_horn":4,"minecraft:raw_copper":7,"minecraft:experience_bottle":29,"minecraft:bucket":6,"minecraft:calcite":15,"minecraft:iron_pickaxe":2,"born_in_chaos_v1:stimulating_decoction":2,"minecraft:iron_boots":1,"minecraft:furnace":1,"minecraft:tipped_arrow":127,"iceandfire:pixie_dust":11,"minecraft:stick":22,"alexscaves:tesla_bulb":2,"iceandfire:crackled_dirt":2,"majruszsdifficulty:recall_potion":1,"fruitsdelight:kiwi":1,"mowziesmobs:sol_visage":2,"minecraft:oak_fence":6,"minecraft:torch":79,"alexscaves:raw_azure_neodymium":277,"iceandfire:dragonscales_white":9,"minecraft:porkchop":113,"fruitsdelight:lemon":2,"iceandfire:crackled_gravel":7,"tombstone:grave_dust":261,"minecraft:pointed_dripstone":2,"minecraft:diorite":11,"born_in_chaos_v1:nightmare_claw":8,"minecraft:rotten_flesh":2617,"create:asurine":45,"alexsmobs:emu_egg":2,"create:veridium":36,"minecraft:obsidian":9,"minecraft:cod":17,"minecraft:cobblestone":1283,"minecraft:pink_petals":2,"minecraft:leather_chestplate":2,"minecraft:cherry_planks":18,"minecraft:andesite":26,"minecraft:potato":130,"minecraft:light_gray_dye":3,"minecraft:tuff":29,"create:raw_zinc":15,"minecraft:wither_skeleton_skull":9,"minecraft:acacia_boat":6,"skilltree:gem":132,"minecraft:lapis_lazuli":128,"minecraft:dirt":309,"iceandfire:dragonbone_sword_ice":1,"born_in_chaos_v1:monster_skin":55,"minecraft:leather_boots":3,"minecraft:bone":3133,"minecraft:acacia_planks":4,"minecraft:bow":20,"minecraft:wheat_seeds":759,"majruszsdifficulty:warden_treasure_bag":4,"minecraft:raw_gold":25,"minecraft:mossy_stone_bricks":1,"minecraft:bamboo":43,"minecraft:oak_planks":92,"minecraft:cooked_porkchop":18,"minecraft:poisonous_potato":3,"minecraft:sand":31,"hexerei:sage":6,"minecraft:mossy_cobblestone":9,"minecraft:sugar":21,"born_in_chaos_v1:fire_dust":3,"minecraft:diamond":48,"fruitsdelight:peach":8,"iceandfire:dragonbone_sword_fire":2,"minecraft:crossbow":6,"minecraft:bone_meal":5,"minecraft:emerald":57,"minecraft:oak_sapling":18,"iceandfire:tide_trident":1,"iceandfire:silver_nugget":96,"majruszsdifficulty:tattered_boots":19,"minecraft:charcoal":12,"born_in_chaos_v1:diamond_termite_shard":4,"born_in_chaos_v1:river_mint":6,"minecraft:chicken":23,"minecraft:ladder":1,"minecraft:brown_mushroom":1,"minecraft:packed_ice":3,"alexscaves:galena_gauntlet":1,"iceandfire:frozen_cobblestone":11,"minecraft:chain":30,"minecraft:shield":3,"alexscaves:metal_swarf":25,"minecraft:oak_trapdoor":1,"iceandfire:frozen_stone":16,"minecraft:iron_axe":2,"alexscaves:scarlet_neodymium_ingot":1,"minecraft:item_frame":2,"minecraft:blackstone":266,"minecraft:blue_orchid":11,"minecraft:candle":7,"minecraft:echo_shard":2,"minecraft:player_head":1,"minecraft:light_gray_wool":9,"minecraft:lectern":1,"minecraft:sugar_cane":4,"minecraft:phantom_membrane":44,"minecraft:spruce_trapdoor":2,"iceandfire:ice_dragon_heart":3,"iceandfire:dragonscales_gray":24,"minecraft:raw_iron":307,"iceandfire:dragonbone":94,"iceandfire:dragonscales_green":142,"minecraft:copper_ingot":4,"minecraft:bowl":2,"minecraft:stone_button":9,"born_in_chaos_v1:charmof_endurance":4,"minecraft:stone_pressure_plate":1,"hexerei:sage_seed":38,"minecraft:arrow":1991,"iceandfire:sea_serpent_scales_purple":21,"iceandfire:cyclops_eye":2,"minecraft:pumpkin_pie":4,"minecraft:saddle":2,"majruszsdifficulty:cerberus_fang":41,"born_in_chaos_v1:trident_hayfork":1,"minecraft:skeleton_skull":1,"born_in_chaos_v1:fused_bone":24,"born_in_chaos_v1:corpse_maggot":297,"minecraft:air":0,"minecraft:jungle_boat":5,"minecraft:basalt":7,"minecraft:golden_carrot":1,"minecraft:glow_ink_sac":11,"minecraft:salmon":4,"minecraft:leather":38,"minecraft:birch_planks":4,"alexscaves:heavyweight":18,"iceandfire:ectoplasm":8,"minecraft:cobblestone_wall":4,"minecraft:gunpowder":126,"minecraft:cobblestone_stairs":3,"alexscaves:ferrouslime_ball":11,"minecraft:cooked_mutton":9,"alexscaves:azure_neodymium_node":1,"minecraft:iron_ingot":72,"iceandfire:fire_dragon_flesh":19,"mowziesmobs:umvuthana_mask_misery":1,"minecraft:acacia_sapling":1,"minecraft:book":63,"minecraft:sculk_catalyst":21,"born_in_chaos_v1:death_totem":1,"minecraft:birch_boat":1,"minecraft:pitcher_plant":1,"born_in_chaos_v1:lifestealer_bone":25,"minecraft:stone_brick_slab":1,"iceandfire:ash":7,"minecraft:dripstone_block":3,"hexerei:mahogany_planks":32,"born_in_chaos_v1:dark_rod":26,"majruszsdifficulty:sonic_boom_scroll":4,"mowziesmobs:wrought_helmet":4,"majruszsdifficulty:bandage":10,"minecraft:white_bed":5,"minecraft:dark_oak_fence_gate":1,"minecraft:spider_eye":238,"minecraft:pumpkin_seeds":221,"minecraft:sculk_sensor":2,"minecraft:cherry_sapling":7,"alexscaves:azure_neodymium_pillar":140,"minecraft:terracotta":10,"tombstone:magic_scroll":39,"minecraft:black_wool":14,"majruszsdifficulty:tattered_chestplate":20,"minecraft:coal":662},"minecraft:used":{"minecraft:ladder":1,"minecraft:chest":41,"minecraft:rotten_flesh":12,"born_in_chaos_v1:soul_cutlass":5653,"minecraft:spruce_boat":2,"minecraft:packed_ice":1,"born_in_chaos_v1:mint_candy":1,"minecraft:bow":166,"iceandfire:chared_stone":36,"minecraft:oak_sapling":14,"minecraft:cooked_cod":31,"minecraft:furnace":15,"minecraft:acacia_fence":9,"iceandfire:frozen_cobblestone":11,"fruitsdelight:orange":1,"minecraft:diorite":8,"iceandfire:armor_sapphire_chestplate":1,"iceandfire:dragonbone_sword_ice":756,"alexscaves:scarlet_neodymium_pillar":2,"minecraft:blackstone":127,"minecraft:wooden_pickaxe":57,"minecraft:jungle_boat":5,"minecraft:golden_apple":1,"minecraft:glow_berries":9,"minecraft:sand":3,"born_in_chaos_v1:holiday_candy":17,"minecraft:diamond_ore":2,"iceandfire:chared_cobblestone":10,"minecraft:diamond_sword":777,"minecraft:wooden_sword":26,"minecraft:acacia_log":1,"minecraft:enchanting_table":2,"create:veridium":5,"minecraft:cooked_salmon":19,"born_in_chaos_v1:fried_maggot":111,"minecraft:torch":933,"alexscaves:metal_swarf":1,"iceandfire:dragonegg_sapphire":1,"minecraft:iron_axe":334,"minecraft:smooth_basalt":7,"tombstone:gift":14,"minecraft:cobbled_deepslate":99,"minecraft:acacia_planks":204,"minecraft:calcite":13,"alexscaves:quarry_smasher":1,"minecraft:wheat_seeds":205,"minecraft:water_bucket":1,"tombstone:scroll_of_reach":1,"minecraft:birch_planks":30,"iceandfire:crackled_stone":5,"minecraft:cherry_planks":10,"minecraft:mossy_cobblestone":2,"minecraft:crafting_table":20,"minecraft:white_bed":5,"mowziesmobs:wrought_axe":683,"minecraft:diamond_pickaxe":2385,"majruszsdifficulty:undead_army_treasure_bag":11,"iceandfire:dragonbone_sword_fire":351,"iceandfire:dragon_horn":3,"alexsmobs:kangaroo_meat":1,"minecraft:iron_pickaxe":2672,"majruszsdifficulty:pillager_treasure_bag":3,"tombstone:magic_scroll":25,"minecraft:cobblestone":606,"majruszsdifficulty:warden_treasure_bag":10,"minecraft:cooked_porkchop":32,"tombstone:scroll_of_unstable_intangibility":1,"minecraft:cherry_sapling":25,"iceandfire:tide_trident":1,"minecraft:iron_shovel":76,"minecraft:shield":589,"minecraft:iron_sword":462,"alexscaves:galena":471,"minecraft:bell":1,"minecraft:soul_campfire":2,"fruitsdelight:hawberry":1,"minecraft:sculk_sensor":3,"minecraft:iron_chestplate":1,"hexerei:mahogany_chest":1,"minecraft:mutton":1,"minecraft:carrot":263,"iceandfire:frozen_stone":16,"minecraft:tuff":1,"minecraft:obsidian":1,"born_in_chaos_v1:corpse_maggot":44,"iceandfire:armor_white_boots":1,"minecraft:lantern":6,"minecraft:iron_helmet":1,"minecraft:stone_bricks":1,"minecraft:item_frame":1,"minecraft:torchflower":1,"minecraft:stone_pickaxe":1012,"minecraft:oak_planks":36,"minecraft:white_wool":2,"alexscaves:cave_book":2,"minecraft:crossbow":209,"minecraft:acacia_door":2,"minecraft:melon_slice":3,"minecraft:bread":95,"create:asurine":35,"minecraft:gravel":17,"minecraft:torchflower_seeds":1,"iceandfire:dragon_skull_fire":2,"minecraft:andesite":23,"fruitsdelight:peach":8,"minecraft:coarse_dirt":1,"minecraft:bone_meal":115,"minecraft:cobweb":2,"minecraft:experience_bottle":68,"minecraft:oak_fence":2,"minecraft:cherry_boat":2,"minecraft:spruce_planks":4,"minecraft:stone_hoe":38,"minecraft:dirt":112,"alexsmobs:cooked_kangaroo_meat":6,"minecraft:granite":150,"minecraft:dark_oak_planks":16,"minecraft:wooden_axe":61,"minecraft:stone_brick_slab":1,"minecraft:bookshelf":2,"iceandfire:crackled_dirt":2,"minecraft:iron_boots":1,"minecraft:light_gray_wool":3,"minecraft:golden_carrot":1,"minecraft:pitcher_plant":1,"minecraft:stone_pressure_plate":1,"minecraft:cooked_beef":24,"minecraft:iron_leggings":1,"minecraft:cooked_mutton":151,"minecraft:acacia_boat":6,"iceandfire:fire_dragon_flesh":1,"minecraft:amethyst_block":5,"minecraft:baked_potato":161,"minecraft:birch_boat":1,"majruszsdifficulty:recall_potion":8,"tombstone:bag_of_seeds":10,"iceandfire:ambrosia":6,"hexerei:sage_seed":5,"minecraft:apple":18,"minecraft:stone_slab":1,"minecraft:acacia_fence_gate":1,"minecraft:fishing_rod":29,"minecraft:white_banner":6,"majruszsdifficulty:bandage":2,"minecraft:bucket":2,"alexsmobs:animal_dictionary":2,"minecraft:pumpkin_pie":2,"minecraft:sculk_catalyst":24},"minecraft:dropped":{"iceandfire:chared_stone":4,"fruitsdelight:kiwi":1,"minecraft:iron_sword":2,"minecraft:lapis_lazuli":7,"minecraft:cooked_beef":5,"minecraft:glow_ink_sac":11,"minecraft:crafting_table":2,"minecraft:cooked_porkchop":39,"minecraft:pitcher_pod":2,"majruszsdifficulty:sonic_boom_scroll":2,"minecraft:crossbow":5,"iceandfire:ectoplasm":6,"minecraft:cracked_stone_bricks":1,"born_in_chaos_v1:pieceofdarkmetal":98,"minecraft:leather_helmet":1,"minecraft:red_mushroom":1,"born_in_chaos_v1:monster_flesh":56,"minecraft:dirt":77,"minecraft:stone_button":4,"minecraft:yellow_dye":5,"alexsmobs:flying_fish":2,"minecraft:chain":2,"minecraft:jungle_sapling":1,"minecraft:wooden_sword":1,"minecraft:gold_nugget":94,"born_in_chaos_v1:trident_hayfork":1,"minecraft:bone_meal":114,"minecraft:phantom_membrane":39,"minecraft:sand":3,"minecraft:sugar":16,"minecraft:iron_pickaxe":2,"born_in_chaos_v1:death_totem":1,"majruszsdifficulty:tattered_leggings":19,"minecraft:white_wool":28,"minecraft:bone":2556,"majruszsdifficulty:cloth":77,"usefulbackpacks:backpack_large":1,"alexsmobs:centipede_leg":4,"minecraft:goat_horn":1,"mowziesmobs:umvuthana_mask_rage":1,"minecraft:cobbled_deepslate":84,"alexscaves:cave_tablet":4,"minecraft:birch_sapling":1,"minecraft:wheat":2,"minecraft:obsidian":4,"tombstone:gift":2,"minecraft:rotten_flesh":2401,"minecraft:oak_planks":113,"minecraft:glowstone_dust":4,"minecraft:salmon":1,"iceandfire:shiny_scales":27,"alexsmobs:froststalker_horn":2,"minecraft:tipped_arrow":69,"minecraft:jungle_log":8,"minecraft:leather_boots":3,"minecraft:leather_leggings":1,"minecraft:beef":5,"minecraft:egg":1,"farmersdelight:tomato_seeds":8,"minecraft:enchanted_book":5,"minecraft:golden_boots":1,"minecraft:iron_ingot":5,"alexscaves:raw_azure_neodymium":14,"majruszsdifficulty:recall_potion":1,"born_in_chaos_v1:shattered_skull":17,"minecraft:wheat_seeds":530,"minecraft:dripstone_block":2,"minecraft:cobblestone":304,"minecraft:oak_fence":4,"born_in_chaos_v1:holiday_candy":216,"minecraft:feather":62,"minecraft:prismarine_crystals":37,"mowziesmobs:umvuthana_mask_fear":2,"majruszsdifficulty:soul_jar":7,"minecraft:granite":1,"born_in_chaos_v1:soul_cutlass":9,"minecraft:coal":82,"minecraft:golden_apple":1,"born_in_chaos_v1:gnawed_bones":6,"minecraft:gray_wool":21,"iceandfire:copper_nugget":4,"skilltree:gem":39,"minecraft:cherry_planks":19,"minecraft:cooked_salmon":5,"minecraft:diamond_helmet":1,"minecraft:potion":1,"mowziesmobs:wrought_helmet":3,"minecraft:white_banner":2,"minecraft:iron_shovel":1,"minecraft:paper":16,"minecraft:string":208,"create:raw_zinc":15,"iceandfire:dragon_skull_fire":2,"minecraft:spruce_sapling":3,"iceandfire:silver_nugget":92,"hexerei:animal_fat":98,"hexerei:sage_seed":10,"minecraft:player_head":1,"minecraft:stone_sword":4,"minecraft:cobblestone_wall":4,"hexerei:mahogany_planks":32,"minecraft:bowl":3,"born_in_chaos_v1:rotten_fish":5,"minecraft:clay_ball":3,"minecraft:iron_boots":4,"minecraft:stone_slab":1,"minecraft:torchflower_seeds":1,"minecraft:pumpkin_seeds":156,"alexsmobs:cooked_kangaroo_meat":1,"minecraft:diamond_sword":2,"minecraft:potato":7,"majruszsdifficulty:warden_treasure_bag":6,"minecraft:spruce_planks":8,"minecraft:peony":2,"majruszsdifficulty:bandage":44,"minecraft:spruce_trapdoor":2,"minecraft:bundle":10,"born_in_chaos_v1:bloody_gadfly_eye":2,"minecraft:spider_eye":219,"minecraft:stone_bricks":4,"minecraft:bamboo":34,"minecraft:light_gray_dye":3,"minecraft:blue_orchid":5,"minecraft:bow":12,"iceandfire:dragon_skull_lightning":1,"minecraft:black_wool":14,"minecraft:brown_mushroom":1,"minecraft:candle":29,"minecraft:moss_block":4,"minecraft:birch_planks":2,"minecraft:oak_log":5,"minecraft:baked_potato":74,"majruszsdifficulty:tattered_helmet":28,"minecraft:lantern":5,"minecraft:leather":14,"iceandfire:tide_trident":1,"minecraft:jungle_planks":3,"create:crimsite":2,"born_in_chaos_v1:pileof_dark_metal":1,"alexscaves:galena_gauntlet":1,"minecraft:flint":4,"minecraft:cobblestone_stairs":3,"alexscaves:galena":8,"tombstone:bag_of_seeds":6,"majruszsdifficulty:cerberus_fang":17,"born_in_chaos_v1:monster_skin":47,"minecraft:cornflower":9,"minecraft:seagrass":4,"majruszsdifficulty:tattered_boots":18,"minecraft:snowball":4,"minecraft:pumpkin_pie":2,"iceandfire:ash":6,"minecraft:acacia_door":2,"minecraft:birch_log":16,"iceandfire:armor_gray_helmet":1,"minecraft:gravel":53,"majruszsdifficulty:tattered_chestplate":20,"born_in_chaos_v1:fire_dust":2,"minecraft:yellow_wool":1,"minecraft:pointed_dripstone":1,"born_in_chaos_v1:ethereal_spirit":6,"minecraft:beetroot":2,"minecraft:cooked_mutton":17,"minecraft:carrot":82,"minecraft:poppy":1,"minecraft:leather_chestplate":2,"born_in_chaos_v1:seedof_chaos":28,"minecraft:mangrove_log":4,"minecraft:gunpowder":119,"minecraft:beetroot_seeds":6,"minecraft:melon_seeds":5,"born_in_chaos_v1:corpse_maggot":54,"minecraft:arrow":353,"born_in_chaos_v1:dark_rod":4,"minecraft:bread":1,"minecraft:cherry_log":3,"minecraft:mossy_cobblestone":7,"mowziesmobs:foliaath_seed":6,"minecraft:diamond_leggings":1,"minecraft:poisonous_potato":2,"minecraft:prismarine_shard":2,"born_in_chaos_v1:black_argillite_column_slab":1,"minecraft:copper_ingot":4,"born_in_chaos_v1:charmof_power":1,"minecraft:acacia_log":4,"mowziesmobs:wrought_axe":3,"minecraft:stick":8,"born_in_chaos_v1:pumpkin_staff":6,"farmersdelight:golden_knife":1,"born_in_chaos_v1:river_mint":6,"minecraft:diorite":3,"tombstone:magic_scroll":3,"minecraft:torch":16,"minecraft:sculk_catalyst":1,"minecraft:melon_slice":3,"minecraft:brown_wool":10,"born_in_chaos_v1:fused_bone":6,"tombstone:grave_dust":133,"minecraft:fire_charge":1,"iceandfire:armor_silver_chestplate":1,"born_in_chaos_v1:lifestealer_bone":10,"minecraft:pink_petals":2,"minecraft:smooth_basalt":7,"iceandfire:dragonbone":13,"minecraft:redstone":14,"minecraft:coarse_dirt":6,"minecraft:tuff":14,"minecraft:raw_iron":26,"iceandfire:witherbone":2,"minecraft:wither_skeleton_skull":2,"minecraft:light_gray_wool":6,"iceandfire:dragonbone_sword_fire":2,"minecraft:stripped_oak_log":3,"iceandfire:dragonbone_sword_ice":1,"born_in_chaos_v1:spiritual_dust":6,"minecraft:totem_of_undying":3,"minecraft:filled_map":1,"minecraft:shield":3,"mowziesmobs:umvuthana_mask_misery":1,"minecraft:iron_chestplate":2,"minecraft:andesite":3,"minecraft:blue_ice":2,"minecraft:oak_sapling":2,"minecraft:golden_sword":1,"tombstone:essence_of_undeath":3,"minecraft:slime_ball":2,"iceandfire:fire_dragon_heart":1,"minecraft:stone_pickaxe":2,"minecraft:raw_gold":2,"minecraft:calcite":2}},"DataVersion":3465}