{"stats":{"minecraft:picked_up":{"iceandfire:dragon_skull_lightning":1,"minecraft:charcoal":8,"minecraft:shelter_pottery_sherd":1,"minecraft:crafting_table":1,"minecraft:wheat":24,"born_in_chaos_v1:seedof_chaos":1,"minecraft:chain":2,"minecraft:brewing_stand":1,"alexsmobs:gazelle_horn":4,"minecraft:string":1,"born_in_chaos_v1:mesh_door":2,"minecraft:raw_copper":7,"minecraft:iron_axe":1,"minecraft:cooked_salmon":5,"born_in_chaos_v1:intoxicating_decoction":3,"minecraft:item_frame":1,"minecraft:blackstone":161,"alexsmobs:emu_feather":1,"minecraft:cobbled_deepslate":25,"minecraft:beef":10,"born_in_chaos_v1:gnawed_bones":3,"minecraft:calcite":12,"minecraft:poppy":1,"minecraft:iron_pickaxe":1,"minecraft:mangrove_log":4,"minecraft:stick":10,"minecraft:raw_iron":102,"iceandfire:dragonbone":3,"minecraft:sheaf_pottery_sherd":1,"iceandfire:crackled_dirt":2,"minecraft:torch":11,"minecraft:acacia_log":56,"minecraft:porkchop":6,"minecraft:cherry_log":1,"iceandfire:crackled_gravel":7,"tombstone:grave_dust":1,"born_in_chaos_v1:pieceofdarkmetal":4,"minecraft:redstone":36,"minecraft:stone_pressure_plate":1,"hexerei:sage_seed":16,"minecraft:rotten_flesh":28,"minecraft:arrow":10,"create:asurine":45,"alexsmobs:emu_egg":2,"create:veridium":31,"minecraft:mangrove_door":1,"minecraft:mutton":18,"alexsmobs:kangaroo_meat":7,"minecraft:white_wool":1,"minecraft:cobblestone":376,"born_in_chaos_v1:corpse_maggot":17,"minecraft:feather":3,"minecraft:basalt":7,"born_in_chaos_v1:monster_flesh":1,"minecraft:andesite":23,"minecraft:leather":14,"minecraft:tuff":14,"minecraft:oak_log":63,"alexsmobs:cooked_kangaroo_meat":1,"minecraft:gunpowder":2,"minecraft:acacia_boat":3,"skilltree:gem":70,"minecraft:dirt":121,"minecraft:lantern":4,"born_in_chaos_v1:monster_skin":3,"minecraft:bone":17,"minecraft:stone_bricks":1,"minecraft:wheat_seeds":83,"minecraft:raw_gold":10,"minecraft:moss_block":5,"minecraft:iron_sword":1,"minecraft:acacia_sapling":1,"fruitsdelight:orange":1,"hexerei:animal_fat":6,"iceandfire:copper_nugget":200,"minecraft:smooth_basalt":9,"minecraft:stone_brick_slab":1,"minecraft:sand":6,"hexerei:sage":6,"minecraft:white_bed":2,"minecraft:spider_eye":1,"minecraft:bundle":1,"alexsmobs:kangaroo_hide":3,"minecraft:snort_pottery_sherd":1,"minecraft:diamond":9,"minecraft:angler_pottery_sherd":1,"iceandfire:crackled_stone":5,"minecraft:granite":183,"minecraft:emerald":1,"minecraft:terracotta":10,"minecraft:oak_sapling":13,"born_in_chaos_v1:rotten_fish":3,"rocks:cobblestone_splitter":2,"minecraft:coal":177,"iceandfire:raw_silver":8},"minecraft:killed":{"born_in_chaos_v1:zombie_clown":1,"born_in_chaos_v1:restless_spirit":1,"born_in_chaos_v1:zombie_lumberjack":2,"minecraft:spider":2,"born_in_chaos_v1:maggot":10,"minecraft:skeleton":7,"minecraft:drowned":1,"born_in_chaos_v1:corpse_fish":3,"alexsmobs:kangaroo":4,"born_in_chaos_v1:fallen_chaos_knight":1,"minecraft:pig":2,"born_in_chaos_v1:baby_skeleton":1,"born_in_chaos_v1:swarmer":1,"born_in_chaos_v1:decrepit_skeleton":3,"alexsmobs:emu":1,"minecraft:sheep":1,"minecraft:zombie":9,"born_in_chaos_v1:dread_hound":2,"born_in_chaos_v1:corpse_fly":7,"alexsmobs:maned_wolf":1,"alexsmobs:gazelle":6,"born_in_chaos_v1:door_knight":1,"creeperoverhaul:savannah_creeper":1,"minecraft:cow":6},"minecraft:crafted":{"minecraft:wooden_sword":1,"minecraft:oak_planks":252,"minecraft:furnace":4,"minecraft:acacia_fence_gate":1,"minecraft:bone_meal":75,"minecraft:cooked_mutton":11,"minecraft:iron_boots":3,"minecraft:iron_axe":1,"born_in_chaos_v1:fried_maggot":16,"minecraft:stone_pickaxe":5,"minecraft:chest":8,"minecraft:acacia_fence":9,"minecraft:stone_hoe":1,"minecraft:cooked_beef":10,"minecraft:cooked_porkchop":3,"minecraft:crafting_table":2,"minecraft:wooden_pickaxe":1,"minecraft:iron_helmet":3,"alexsmobs:cooked_kangaroo_meat":6,"minecraft:iron_sword":3,"minecraft:cooked_salmon":5,"minecraft:acacia_boat":1,"minecraft:air":0,"minecraft:iron_chestplate":3,"minecraft:shield":6,"minecraft:stick":168,"minecraft:iron_ingot":108,"minecraft:iron_pickaxe":4,"minecraft:wooden_axe":1,"minecraft:iron_shovel":1,"minecraft:iron_leggings":3,"minecraft:gold_ingot":10,"minecraft:acacia_planks":212,"minecraft:torch":224},"minecraft:mined":{"minecraft:tuff":14,"minecraft:white_bed":2,"minecraft:oak_sapling":2,"iceandfire:silver_ore":8,"minecraft:deepslate_diamond_ore":9,"minecraft:brewing_stand":1,"minecraft:glow_lichen":2,"minecraft:granite":178,"minecraft:acacia_log":58,"minecraft:mangrove_door":1,"minecraft:grass_block":56,"minecraft:decorated_pot":1,"minecraft:moss_block":3,"rocks:rock":2,"born_in_chaos_v1:gnawed_bones":1,"minecraft:iron_ore":104,"minecraft:andesite":23,"iceandfire:crackled_dirt":2,"create:asurine":45,"minecraft:lantern":3,"minecraft:stone":378,"create:veridium":31,"minecraft:cake":4,"minecraft:deepslate_redstone_ore":8,"minecraft:acacia_leaves":46,"minecraft:blackstone":164,"minecraft:crafting_table":1,"minecraft:torch":7,"minecraft:emerald_ore":1,"minecraft:calcite":12,"minecraft:poppy":1,"minecraft:dead_bush":5,"minecraft:campfire":4,"minecraft:stone_slab":2,"minecraft:copper_ore":2,"minecraft:tall_grass":46,"minecraft:cobblestone":5,"minecraft:deepslate_gold_ore":10,"minecraft:wall_torch":3,"iceandfire:crackled_stone":5,"minecraft:wheat":27,"minecraft:grass":108,"minecraft:oak_log":65,"minecraft:coal_ore":178,"minecraft:sand":6,"minecraft:dirt":57,"minecraft:smooth_basalt":9,"hexerei:sage_crop":3,"minecraft:oak_leaves":167,"minecraft:deepslate":25,"minecraft:fern":10},"minecraft:broken":{"minecraft:wooden_pickaxe":1,"minecraft:stone_pickaxe":4,"minecraft:iron_pickaxe":1,"minecraft:wooden_axe":1},"minecraft:custom":{"minecraft:mob_kills":76,"minecraft:animals_bred":11,"minecraft:interact_with_crafting_table":35,"minecraft:open_barrel":21,"minecraft:damage_dealt_resisted":580,"minecraft:eat_cake_slice":2,"minecraft:leave_game":3,"minecraft:time_since_death":18964,"minecraft:sprint_one_cm":418107,"minecraft:walk_one_cm":1747553,"minecraft:damage_blocked_by_shield":2483,"minecraft:drop":13,"minecraft:play_time":293201,"minecraft:sneak_time":15579,"minecraft:deaths":10,"minecraft:walk_under_water_one_cm":19270,"minecraft:boat_one_cm":20250,"minecraft:jump":5961,"minecraft:walk_on_water_one_cm":49714,"minecraft:total_world_time":293201,"minecraft:interact_with_furnace":75,"minecraft:time_since_rest":17913,"minecraft:damage_taken":5138,"minecraft:damage_dealt":12316,"minecraft:swim_one_cm":24432,"minecraft:fly_one_cm":448380,"minecraft:open_chest":130,"minecraft:crouch_one_cm":46528,"tombstone:undead_killed":27,"minecraft:fall_one_cm":86053},"minecraft:dropped":{"minecraft:iron_sword":1,"minecraft:moss_block":4,"minecraft:cherry_log":1,"minecraft:granite":1,"minecraft:wooden_sword":1,"minecraft:sand":3,"minecraft:iron_pickaxe":1,"minecraft:bone":3,"alexsmobs:cooked_kangaroo_meat":1,"majruszsdifficulty:bandage":14,"minecraft:stone_pickaxe":1},"minecraft:used":{"minecraft:iron_shovel":76,"minecraft:acacia_log":1,"minecraft:chest":8,"minecraft:shield":60,"minecraft:iron_sword":234,"minecraft:cooked_salmon":10,"born_in_chaos_v1:fried_maggot":16,"minecraft:stone_hoe":38,"minecraft:iron_chestplate":1,"minecraft:torch":138,"minecraft:dirt":77,"minecraft:mutton":1,"alexsmobs:cooked_kangaroo_meat":6,"minecraft:carrot":6,"minecraft:granite":130,"minecraft:wooden_axe":61,"minecraft:stone_brick_slab":1,"minecraft:lantern":4,"minecraft:iron_axe":140,"iceandfire:crackled_dirt":2,"born_in_chaos_v1:mint_candy":1,"minecraft:iron_helmet":1,"minecraft:iron_boots":1,"minecraft:stone_bricks":1,"minecraft:oak_sapling":10,"minecraft:furnace":4,"minecraft:acacia_fence":9,"tombstone:gift":10,"minecraft:cooked_beef":2,"minecraft:stone_pressure_plate":1,"minecraft:cobbled_deepslate":4,"minecraft:iron_leggings":1,"minecraft:calcite":12,"minecraft:wheat_seeds":60,"minecraft:cooked_mutton":11,"minecraft:acacia_boat":3,"fruitsdelight:orange":1,"minecraft:stone_pickaxe":526,"minecraft:blackstone":86,"minecraft:wooden_pickaxe":57,"iceandfire:crackled_stone":5,"minecraft:sand":3,"minecraft:crafting_table":3,"minecraft:white_bed":2,"hexerei:sage_seed":5,"alexsmobs:kangaroo_meat":1,"minecraft:iron_pickaxe":659,"create:asurine":35,"minecraft:acacia_fence_gate":1,"minecraft:wooden_sword":26,"minecraft:cobblestone":177,"minecraft:cooked_porkchop":1,"majruszsdifficulty:bandage":2,"minecraft:andesite":23,"alexsmobs:animal_dictionary":2,"minecraft:bone_meal":35},"minecraft:killed_by":{"cave_dweller:cave_dweller":1}},"DataVersion":3465}