{"stats":{"minecraft:custom":{"minecraft:interact_with_crafting_table":125,"minecraft:open_barrel":101,"minecraft:bell_ring":11,"minecraft:eat_cake_slice":2,"minecraft:leave_game":13,"minecraft:time_since_death":266904,"minecraft:damage_blocked_by_shield":10726,"minecraft:play_time":1608514,"minecraft:deaths":49,"minecraft:jump":30875,"minecraft:interact_with_furnace":253,"minecraft:traded_with_villager":8,"minecraft:interact_with_cartography_table":1,"minecraft:sleep_in_bed":3,"minecraft:damage_dealt":465865,"tombstone:undead_killed":1148,"minecraft:interact_with_smoker":37,"minecraft:horse_one_cm":743,"minecraft:interact_with_smithing_table":12,"minecraft:interact_with_anvil":33,"minecraft:damage_dealt_absorbed":39,"minecraft:sneak_time":43937,"minecraft:interact_with_blast_furnace":4,"minecraft:total_world_time":1608514,"tombstone:raider_killed":135,"minecraft:interact_with_stonecutter":1,"minecraft:time_since_rest":233377,"tombstone:cast_on_ally":1,"minecraft:swim_one_cm":912314,"minecraft:fly_one_cm":4006132,"minecraft:open_chest":668,"minecraft:fish_caught":10,"minecraft:fall_one_cm":567567,"minecraft:animals_bred":11,"minecraft:damage_resisted":10,"minecraft:sprint_one_cm":3260410,"minecraft:drop":696,"minecraft:talked_to_villager":38,"minecraft:walk_on_water_one_cm":363193,"minecraft:interact_with_loom":6,"minecraft:player_kills":1,"minecraft:crouch_one_cm":151379,"tombstone:villager_killed":2,"minecraft:mob_kills":1898,"minecraft:interact_with_campfire":4,"minecraft:damage_dealt_resisted":30998,"minecraft:climb_one_cm":17606,"minecraft:walk_one_cm":9449317,"minecraft:raid_win":2,"minecraft:walk_under_water_one_cm":305385,"minecraft:boat_one_cm":359813,"minecraft:raid_trigger":1,"minecraft:damage_taken":55439,"minecraft:damage_absorbed":603,"minecraft:trigger_trapped_chest":3},"minecraft:crafted":{"minecraft:birch_boat":1,"minecraft:cooked_mutton":30,"minecraft:glass":18,"minecraft:diamond_leggings":1,"minecraft:acacia_fence":9,"iceandfire:ambrosia":3,"iceandfire:armor_gray_boots":1,"minecraft:emerald":5,"minecraft:cooked_porkchop":11,"iceandfire:armor_green_chestplate":1,"iceandfire:armor_gray_chestplate":1,"iceandfire:dragonbone_sword_ice":1,"iceandfire:armor_white_helmet":1,"minecraft:iron_pickaxe":7,"minecraft:iron_block":7,"minecraft:gold_ingot":10,"iceandfire:armor_green_leggings":1,"iceandfire:dragonbone_sword_fire":1,"minecraft:acacia_fence_gate":1,"minecraft:bone_meal":330,"iceandfire:armor_silver_chestplate":1,"minecraft:stone_pickaxe":5,"minecraft:dark_oak_planks":92,"iceandfire:dragonbone_sword":2,"minecraft:enchanted_book":3,"minecraft:wooden_axe":1,"minecraft:iron_shovel":1,"minecraft:iron_leggings":5,"minecraft:oak_planks":464,"iceandfire:armor_silver_boots":1,"iceandfire:armor_sapphire_chestplate":1,"minecraft:cherry_boat":1,"minecraft:iron_boots":5,"iceandfire:armor_gray_helmet":1,"iceandfire:armor_green_helmet":1,"minecraft:chest":23,"minecraft:stone_hoe":1,"iceandfire:armor_silver_leggings":1,"minecraft:crafting_table":11,"minecraft:spruce_planks":68,"minecraft:iron_helmet":4,"minecraft:wooden_pickaxe":1,"minecraft:baked_potato":105,"iceandfire:armor_white_boots":1,"minecraft:birch_planks":52,"minecraft:iron_chestplate":4,"minecraft:diamond_pickaxe":1,"minecraft:shield":11,"minecraft:stick":304,"minecraft:iron_ingot":225,"minecraft:cherry_planks":32,"minecraft:wooden_sword":1,"minecraft:furnace":12,"iceandfire:armor_sapphire_leggings":1,"minecraft:iron_axe":1,"born_in_chaos_v1:fried_maggot":82,"minecraft:cooked_beef":20,"minecraft:cooked_cod":25,"alexsmobs:cooked_kangaroo_meat":6,"minecraft:iron_sword":3,"minecraft:cooked_salmon":8,"minecraft:acacia_boat":1,"minecraft:bread":75,"minecraft:air":0,"minecraft:acacia_planks":220,"minecraft:torch":676,"iceandfire:armor_silver_helmet":1,"iceandfire:armor_green_boots":1},"minecraft:mined":{"minecraft:dark_oak_planks":1,"minecraft:white_bed":5,"minecraft:cherry_log":6,"minecraft:potted_crimson_fungus":1,"minecraft:granite":178,"minecraft:acacia_log":58,"minecraft:spawner":6,"minecraft:magma_block":18,"minecraft:cobbled_deepslate":2,"minecraft:fire":46,"minecraft:deepslate_lapis_ore":7,"minecraft:sculk_shrieker":2,"minecraft:dirt_path":2,"minecraft:small_amethyst_bud":1,"minecraft:white_banner":1,"create:veridium":36,"minecraft:kelp_plant":2,"minecraft:powder_snow":11,"minecraft:torch":8,"minecraft:dead_bush":5,"iceandfire:sapphire_ore":1,"minecraft:amethyst_block":4,"minecraft:skeleton_skull":1,"minecraft:chain":4,"iceandfire:crackled_stone":5,"minecraft:wheat":420,"minecraft:pitcher_plant":1,"minecraft:grass":129,"minecraft:smooth_basalt":17,"minecraft:red_mushroom_block":5,"born_in_chaos_v1:infernal_evil_pumpkin_s":2,"minecraft:deepslate":209,"iceandfire:silver_ore":9,"minecraft:mossy_cobblestone":6,"farmersdelight:wild_carrots":1,"minecraft:cherry_sapling":6,"minecraft:dark_oak_log":19,"minecraft:spruce_fence":1,"minecraft:moss_block":4,"minecraft:cartography_table":1,"born_in_chaos_v1:gnawed_bones":1,"minecraft:redstone_ore":2,"minecraft:andesite":25,"minecraft:potatoes":18,"minecraft:bamboo":6,"minecraft:cake":4,"minecraft:cherry_planks":1,"minecraft:brown_carpet":1,"minecraft:emerald_ore":1,"minecraft:campfire":6,"minecraft:tall_grass":50,"minecraft:copper_ore":2,"minecraft:deepslate_gold_ore":10,"minecraft:diorite":17,"minecraft:coarse_dirt":1,"minecraft:cobblestone_wall":2,"minecraft:torchflower":1,"minecraft:spruce_log":17,"minecraft:birch_leaves":9,"iceandfire:silver_pile":3,"minecraft:gravel":17,"minecraft:cobweb":127,"minecraft:stone_bricks":1,"minecraft:fern":13,"minecraft:infested_stone":2,"create:deepslate_zinc_ore":4,"minecraft:stone_pressure_plate":1,"minecraft:oak_sapling":2,"minecraft:sculk_vein":23,"minecraft:potted_cactus":1,"minecraft:brewing_stand":1,"minecraft:grass_block":77,"minecraft:mangrove_door":1,"minecraft:sculk_catalyst":9,"minecraft:iron_ore":146,"rocks:oak_stick":1,"iceandfire:crackled_dirt":2,"create:asurine":45,"iceandfire:chared_cobblestone":81,"minecraft:deepslate_redstone_ore":30,"minecraft:blackstone":283,"minecraft:medium_amethyst_bud":1,"iceandfire:dragon_ice_spikes":18,"minecraft:calcite":15,"minecraft:poppy":1,"minecraft:chest":3,"minecraft:cobblestone":29,"minecraft:oak_planks":26,"minecraft:wall_torch":7,"minecraft:pink_petals":1,"rocks:spruce_stick":1,"minecraft:birch_log":12,"minecraft:tnt":2,"minecraft:oak_log":107,"minecraft:beetroots":3,"minecraft:sand":31,"minecraft:dirt":102,"minecraft:oak_leaves":173,"iceandfire:chared_stone":55,"minecraft:diamond_ore":2,"minecraft:red_carpet":1,"minecraft:tuff":33,"minecraft:deepslate_diamond_ore":27,"iceandfire:frozen_cobblestone":10,"born_in_chaos_v1:infected_diamond_ore":4,"minecraft:glow_lichen":2,"iceandfire:frozen_stone":19,"minecraft:decorated_pot":1,"minecraft:spruce_leaves":7,"rocks:rock":2,"minecraft:rooted_dirt":2,"minecraft:large_fern":1,"minecraft:oak_trapdoor":1,"minecraft:furnace":1,"minecraft:carrots":32,"minecraft:bookshelf":21,"minecraft:deepslate_iron_ore":68,"minecraft:lantern":8,"minecraft:stripped_oak_log":4,"minecraft:packed_ice":1,"minecraft:stone":971,"minecraft:acacia_leaves":46,"minecraft:oak_fence":3,"minecraft:crafting_table":8,"minecraft:sculk_sensor":32,"minecraft:lectern":1,"minecraft:stone_slab":3,"minecraft:deepslate_coal_ore":19,"minecraft:lapis_ore":16,"minecraft:sculk":403,"minecraft:beehive":2,"minecraft:potted_azure_bluet":1,"minecraft:coal_ore":355,"minecraft:cherry_leaves":3,"minecraft:cracked_stone_bricks":1,"hexerei:sage_crop":3,"minecraft:mossy_stone_bricks":1},"minecraft:dropped":{"iceandfire:chared_stone":4,"minecraft:iron_sword":2,"minecraft:lapis_lazuli":7,"minecraft:cooked_beef":5,"minecraft:glow_ink_sac":11,"minecraft:crafting_table":1,"minecraft:cooked_porkchop":3,"minecraft:pitcher_pod":2,"majruszsdifficulty:sonic_boom_scroll":1,"minecraft:cracked_stone_bricks":1,"born_in_chaos_v1:pieceofdarkmetal":72,"minecraft:red_mushroom":1,"born_in_chaos_v1:monster_flesh":48,"minecraft:dirt":43,"minecraft:stone_button":4,"minecraft:chain":2,"minecraft:gold_nugget":92,"minecraft:wooden_sword":1,"born_in_chaos_v1:trident_hayfork":1,"minecraft:bone_meal":3,"minecraft:phantom_membrane":6,"minecraft:sand":3,"minecraft:iron_pickaxe":2,"majruszsdifficulty:tattered_leggings":9,"minecraft:white_wool":1,"minecraft:bone":937,"majruszsdifficulty:cloth":18,"minecraft:goat_horn":1,"minecraft:cobbled_deepslate":70,"alexscaves:cave_tablet":4,"minecraft:birch_sapling":1,"minecraft:wheat":1,"minecraft:obsidian":4,"tombstone:gift":2,"minecraft:rotten_flesh":815,"minecraft:oak_planks":110,"alexsmobs:froststalker_horn":2,"minecraft:tipped_arrow":4,"minecraft:leather_boots":2,"minecraft:beef":5,"farmersdelight:tomato_seeds":8,"minecraft:iron_ingot":1,"born_in_chaos_v1:shattered_skull":5,"minecraft:wheat_seeds":520,"minecraft:cobblestone":220,"majruszsdifficulty:soul_jar":2,"minecraft:granite":1,"born_in_chaos_v1:soul_cutlass":3,"minecraft:coal":33,"born_in_chaos_v1:gnawed_bones":6,"skilltree:gem":25,"minecraft:cherry_planks":19,"minecraft:cooked_salmon":5,"minecraft:diamond_helmet":1,"minecraft:white_banner":2,"minecraft:paper":15,"minecraft:string":145,"create:raw_zinc":15,"iceandfire:dragon_skull_fire":1,"minecraft:spruce_sapling":2,"iceandfire:silver_nugget":92,"hexerei:animal_fat":2,"hexerei:sage_seed":9,"minecraft:bowl":3,"born_in_chaos_v1:rotten_fish":4,"minecraft:clay_ball":3,"minecraft:iron_boots":4,"minecraft:stone_slab":1,"minecraft:torchflower_seeds":1,"minecraft:pumpkin_seeds":92,"alexsmobs:cooked_kangaroo_meat":1,"minecraft:diamond_sword":2,"minecraft:potato":3,"majruszsdifficulty:bandage":21,"minecraft:peony":2,"minecraft:spruce_planks":8,"minecraft:bundle":5,"minecraft:spider_eye":166,"minecraft:bamboo":1,"minecraft:light_gray_dye":1,"minecraft:bow":8,"minecraft:moss_block":4,"minecraft:candle":5,"minecraft:brown_mushroom":1,"minecraft:birch_planks":2,"minecraft:baked_potato":11,"majruszsdifficulty:tattered_helmet":10,"minecraft:leather":5,"iceandfire:tide_trident":1,"create:crimsite":2,"born_in_chaos_v1:pileof_dark_metal":1,"minecraft:flint":1,"tombstone:bag_of_seeds":1,"born_in_chaos_v1:monster_skin":44,"minecraft:seagrass":4,"majruszsdifficulty:tattered_boots":9,"minecraft:snowball":4,"minecraft:pumpkin_pie":2,"minecraft:birch_log":8,"minecraft:gravel":43,"majruszsdifficulty:tattered_chestplate":5,"minecraft:pointed_dripstone":1,"minecraft:beetroot":2,"minecraft:carrot":81,"born_in_chaos_v1:seedof_chaos":13,"minecraft:gunpowder":92,"minecraft:beetroot_seeds":6,"minecraft:melon_seeds":1,"born_in_chaos_v1:corpse_maggot":10,"minecraft:arrow":102,"minecraft:bread":1,"minecraft:cherry_log":1,"minecraft:mossy_cobblestone":3,"minecraft:diamond_leggings":1,"minecraft:copper_ingot":4,"mowziesmobs:wrought_axe":1,"minecraft:stick":8,"born_in_chaos_v1:pumpkin_staff":2,"farmersdelight:golden_knife":1,"born_in_chaos_v1:river_mint":3,"minecraft:diorite":3,"tombstone:magic_scroll":3,"minecraft:torch":10,"minecraft:sculk_catalyst":1,"minecraft:melon_slice":1,"born_in_chaos_v1:fused_bone":2,"tombstone:grave_dust":34,"minecraft:fire_charge":1,"minecraft:pink_petals":2,"minecraft:smooth_basalt":7,"iceandfire:dragonbone":13,"minecraft:coarse_dirt":1,"minecraft:tuff":3,"minecraft:raw_iron":26,"iceandfire:witherbone":2,"iceandfire:dragonbone_sword_fire":2,"minecraft:stripped_oak_log":1,"iceandfire:dragonbone_sword_ice":1,"minecraft:shield":3,"minecraft:iron_chestplate":2,"minecraft:andesite":1,"minecraft:blue_ice":2,"minecraft:oak_sapling":1,"minecraft:golden_sword":1,"tombstone:essence_of_undeath":1,"iceandfire:fire_dragon_heart":1,"minecraft:stone_pickaxe":1,"minecraft:raw_gold":2,"minecraft:calcite":2},"minecraft:broken":{"iceandfire:armor_white_boots":1,"minecraft:iron_boots":1,"minecraft:iron_chestplate":1,"minecraft:iron_leggings":2,"minecraft:iron_sword":1,"iceandfire:armor_green_helmet":1,"iceandfire:armor_gray_boots":1,"minecraft:wooden_pickaxe":1,"minecraft:shield":4,"iceandfire:armor_green_chestplate":1,"minecraft:iron_pickaxe":4,"minecraft:iron_helmet":2,"iceandfire:armor_white_helmet":1,"iceandfire:armor_green_leggings":1,"minecraft:stone_pickaxe":4,"minecraft:wooden_axe":1,"iceandfire:armor_green_boots":1,"majruszsdifficulty:tattered_helmet":1,"iceandfire:armor_gray_helmet":1,"iceandfire:armor_silver_helmet":1},"minecraft:picked_up":{"minecraft:seagrass":4,"minecraft:iron_chestplate":1,"minecraft:prismarine_shard":3,"minecraft:stone_slab":2,"minecraft:diamond_sword":3,"minecraft:oak_stairs":2,"minecraft:enchanted_book":1,"minecraft:brewing_stand":1,"minecraft:amethyst_block":5,"minecraft:string":311,"minecraft:dark_oak_trapdoor":1,"born_in_chaos_v1:mesh_door":2,"minecraft:cooked_salmon":16,"minecraft:beetroot":5,"minecraft:cherry_boat":1,"alexsmobs:emu_feather":1,"minecraft:gold_nugget":220,"minecraft:cobbled_deepslate":204,"born_in_chaos_v1:charmof_power":1,"minecraft:spruce_planks":4,"minecraft:mangrove_log":4,"iceandfire:ambrosia":4,"minecraft:beehive":2,"minecraft:sheaf_pottery_sherd":1,"born_in_chaos_v1:shattered_skull":7,"minecraft:acacia_log":58,"born_in_chaos_v1:pileof_dark_metal":1,"minecraft:cherry_log":7,"alexsmobs:centipede_leg":8,"born_in_chaos_v1:fried_maggot":3,"iceandfire:fire_dragon_heart":4,"minecraft:mangrove_door":1,"majruszsdifficulty:undead_army_treasure_bag":2,"minecraft:snowball":4,"minecraft:birch_log":29,"minecraft:magma_block":7,"minecraft:feather":4,"minecraft:cooked_beef":7,"farmersdelight:rice":1,"born_in_chaos_v1:spiritual_dust":7,"minecraft:jungle_log":2,"minecraft:flint":3,"alexsmobs:cooked_kangaroo_meat":1,"minecraft:lantern":10,"born_in_chaos_v1:nightmare_stalker_skull":1,"iceandfire:ice_dragon_blood":1,"majruszsdifficulty:golden_bandage":2,"minecraft:moss_block":6,"fruitsdelight:orange":1,"hexerei:animal_fat":12,"iceandfire:dragonscales_sapphire":22,"iceandfire:dragon_skull_fire":5,"iceandfire:shiny_scales":9,"minecraft:dark_oak_log":23,"iceandfire:chared_cobblestone":74,"minecraft:bundle":12,"alexsmobs:kangaroo_hide":3,"create:crimsite":2,"minecraft:angler_pottery_sherd":1,"iceandfire:crackled_stone":5,"minecraft:blue_ice":2,"minecraft:granite":203,"minecraft:spruce_button":2,"minecraft:rooted_dirt":2,"born_in_chaos_v1:rotten_fish":12,"rocks:cobblestone_splitter":3,"iceandfire:raw_silver":8,"iceandfire:dragon_skull_lightning":1,"minecraft:crafting_table":8,"minecraft:shelter_pottery_sherd":1,"minecraft:coarse_dirt":2,"iceandfire:witherbone":32,"minecraft:clay_ball":3,"born_in_chaos_v1:seedof_chaos":19,"iceandfire:dragonbone_arrow":1,"alexsmobs:froststalker_horn":2,"born_in_chaos_v1:intoxicating_decoction":8,"minecraft:cracked_stone_bricks":2,"minecraft:cartography_table":1,"minecraft:beef":24,"born_in_chaos_v1:gnawed_bones":20,"majruszsdifficulty:pillager_treasure_bag":1,"minecraft:poppy":5,"minecraft:chest":2,"minecraft:birch_sapling":1,"farmersdelight:tomato_seeds":7,"born_in_chaos_v1:pieceofdarkmetal":119,"minecraft:carrot":156,"minecraft:redstone":108,"minecraft:tnt":3,"born_in_chaos_v1:charmof_fury":2,"minecraft:beetroot_seeds":6,"minecraft:peony":2,"iceandfire:dragonscales_silver":44,"tombstone:essence_of_undeath":4,"minecraft:mutton":33,"alexsmobs:kangaroo_meat":7,"minecraft:white_wool":2,"minecraft:stripped_oak_log":1,"born_in_chaos_v1:monster_flesh":49,"born_in_chaos_v1:pumpkin_staff":4,"minecraft:yellow_dye":4,"majruszsdifficulty:tattered_helmet":11,"minecraft:red_mushroom":1,"majruszsdifficulty:cloth":15,"minecraft:torchflower":1,"minecraft:oak_log":138,"mowziesmobs:wrought_axe":2,"tombstone:gift":2,"minecraft:white_banner":7,"born_in_chaos_v1:soul_cutlass":5,"minecraft:stone_bricks":2,"minecraft:kelp":6,"majruszsdifficulty:tattered_leggings":10,"tombstone:bag_of_seeds":8,"minecraft:glass_bottle":27,"minecraft:iron_sword":3,"iceandfire:chared_stone":40,"iceandfire:copper_nugget":200,"minecraft:smooth_basalt":23,"born_in_chaos_v1:orbofthe_summoner":3,"born_in_chaos_v1:ethereal_spirit":55,"minecraft:gravel":63,"minecraft:spruce_sapling":4,"born_in_chaos_v1:fangofthe_hound_leader":5,"minecraft:spruce_log":20,"minecraft:slime_ball":2,"minecraft:snort_pottery_sherd":1,"iceandfire:ice_dragon_flesh":19,"minecraft:melon_seeds":1,"minecraft:wheat":376,"minecraft:yellow_wool":1,"born_in_chaos_v1:holiday_candy":82,"alexsmobs:gazelle_horn":4,"minecraft:raw_copper":7,"minecraft:experience_bottle":5,"minecraft:bucket":2,"minecraft:calcite":15,"minecraft:iron_pickaxe":2,"born_in_chaos_v1:stimulating_decoction":2,"minecraft:furnace":1,"minecraft:iron_boots":1,"minecraft:tipped_arrow":34,"iceandfire:pixie_dust":3,"minecraft:stick":20,"iceandfire:crackled_dirt":2,"minecraft:oak_fence":2,"minecraft:torch":43,"iceandfire:dragonscales_white":9,"minecraft:porkchop":21,"fruitsdelight:lemon":2,"iceandfire:crackled_gravel":7,"minecraft:pointed_dripstone":1,"tombstone:grave_dust":159,"minecraft:diorite":11,"born_in_chaos_v1:nightmare_claw":7,"minecraft:rotten_flesh":1203,"create:asurine":45,"alexsmobs:emu_egg":2,"create:veridium":36,"minecraft:cod":7,"minecraft:cobblestone":1028,"minecraft:pink_petals":2,"minecraft:cherry_planks":18,"minecraft:andesite":24,"minecraft:potato":61,"minecraft:tuff":18,"create:raw_zinc":15,"minecraft:light_gray_dye":1,"minecraft:acacia_boat":6,"skilltree:gem":114,"minecraft:lapis_lazuli":128,"minecraft:dirt":242,"iceandfire:dragonbone_sword_ice":1,"born_in_chaos_v1:monster_skin":52,"minecraft:leather_boots":2,"minecraft:bone":1459,"minecraft:bow":13,"minecraft:wheat_seeds":748,"minecraft:raw_gold":12,"minecraft:mossy_stone_bricks":1,"minecraft:bamboo":10,"minecraft:oak_planks":88,"minecraft:cooked_porkchop":18,"minecraft:poisonous_potato":1,"minecraft:sand":30,"hexerei:sage":6,"minecraft:mossy_cobblestone":6,"minecraft:sugar":5,"born_in_chaos_v1:fire_dust":1,"minecraft:diamond":39,"fruitsdelight:peach":8,"iceandfire:dragonbone_sword_fire":2,"minecraft:crossbow":2,"minecraft:bone_meal":5,"minecraft:emerald":44,"minecraft:oak_sapling":17,"iceandfire:tide_trident":1,"iceandfire:silver_nugget":96,"majruszsdifficulty:tattered_boots":10,"minecraft:charcoal":12,"born_in_chaos_v1:diamond_termite_shard":4,"minecraft:chicken":1,"born_in_chaos_v1:river_mint":3,"minecraft:brown_mushroom":1,"minecraft:packed_ice":3,"iceandfire:frozen_cobblestone":11,"minecraft:chain":6,"minecraft:shield":3,"minecraft:oak_trapdoor":1,"iceandfire:frozen_stone":16,"minecraft:iron_axe":2,"minecraft:item_frame":2,"minecraft:blackstone":266,"minecraft:candle":7,"minecraft:echo_shard":2,"minecraft:lectern":1,"minecraft:sugar_cane":4,"minecraft:phantom_membrane":9,"iceandfire:ice_dragon_heart":3,"minecraft:raw_iron":244,"iceandfire:dragonscales_gray":19,"iceandfire:dragonbone":73,"iceandfire:dragonscales_green":112,"minecraft:copper_ingot":4,"minecraft:bowl":2,"minecraft:stone_button":9,"born_in_chaos_v1:charmof_endurance":4,"minecraft:stone_pressure_plate":1,"hexerei:sage_seed":37,"minecraft:arrow":860,"iceandfire:cyclops_eye":1,"minecraft:pumpkin_pie":4,"minecraft:saddle":1,"majruszsdifficulty:cerberus_fang":24,"born_in_chaos_v1:trident_hayfork":1,"minecraft:skeleton_skull":1,"born_in_chaos_v1:fused_bone":20,"born_in_chaos_v1:corpse_maggot":156,"minecraft:air":0,"minecraft:basalt":7,"minecraft:golden_carrot":1,"minecraft:glow_ink_sac":11,"minecraft:salmon":3,"minecraft:leather":29,"minecraft:birch_planks":4,"iceandfire:ectoplasm":2,"minecraft:cobblestone_wall":2,"minecraft:gunpowder":88,"minecraft:cooked_mutton":9,"minecraft:iron_ingot":42,"iceandfire:fire_dragon_flesh":16,"minecraft:acacia_sapling":1,"minecraft:book":60,"minecraft:sculk_catalyst":1,"born_in_chaos_v1:death_totem":1,"minecraft:birch_boat":1,"minecraft:pitcher_plant":1,"born_in_chaos_v1:lifestealer_bone":15,"minecraft:stone_brick_slab":1,"iceandfire:ash":1,"majruszsdifficulty:sonic_boom_scroll":1,"mowziesmobs:wrought_helmet":2,"majruszsdifficulty:bandage":1,"minecraft:white_bed":5,"minecraft:dark_oak_fence_gate":1,"minecraft:spider_eye":183,"minecraft:pumpkin_seeds":110,"minecraft:sculk_sensor":2,"minecraft:cherry_sapling":7,"minecraft:terracotta":10,"tombstone:magic_scroll":25,"majruszsdifficulty:tattered_chestplate":5,"minecraft:coal":421},"minecraft:killed":{"minecraft:cave_spider":26,"born_in_chaos_v1:mr_pumpkin":9,"born_in_chaos_v1:restless_spirit":12,"born_in_chaos_v1:zombie_lumberjack":19,"born_in_chaos_v1:skeleton_demoman":1,"born_in_chaos_v1:sir_the_headless":3,"alexsmobs:murmur":1,"born_in_chaos_v1:siamese_skeletonsright":9,"born_in_chaos_v1:baby_skeleton_minion":21,"minecraft:skeleton":284,"alexsmobs:orca":1,"alexsmobs:leafcutter_ant":3,"minecraft:chicken":3,"majruszsdifficulty:creeperling":2,"alexsmobs:centipede_head":1,"born_in_chaos_v1:supreme_bonescaller_stage_2":3,"minecraft:skeleton_horse":3,"majruszsdifficulty:tank":21,"alexsmobs:seal":2,"minecraft:iron_golem":1,"endermanoverhaul:savanna_enderman":1,"minecraft:pillager":99,"minecraft:zombie":354,"born_in_chaos_v1:corpse_fly":72,"alexsmobs:maned_wolf":1,"minecraft:glow_squid":1,"born_in_chaos_v1:door_knight":8,"minecraft:cow":9,"bugs_aplenty:beetle_lightgray_spotted":1,"alexsmobs:raccoon":3,"minecraft:vindicator":12,"majruszsdifficulty:illusioner":3,"born_in_chaos_v1:skeleton_thrasher_not_despawn":1,"creeperoverhaul:snowy_creeper":1,"born_in_chaos_v1:pumpkinhead":3,"born_in_chaos_v1:dire_hound_leader":2,"mowziesmobs:ferrous_wroughtnaut":1,"minecraft:warden":2,"alexsmobs:rocky_roller":1,"born_in_chaos_v1:barrel_zombie":9,"iceandfire:hippocampus":2,"born_in_chaos_v1:spiritof_chaos":1,"minecraft:husk":74,"bugs_aplenty:beetle_yellow_plain_shiny":1,"born_in_chaos_v1:bone_imp_minion":16,"iceandfire:cyclops":1,"majruszsdifficulty:cursed_armor":1,"minecraft:ravager":3,"born_in_chaos_v1:decrepit_skeleton":74,"born_in_chaos_v1:bloody_gadfly":8,"iceandfire:ghost":10,"born_in_chaos_v1:dark_vortex":8,"iceandfire:ice_dragon":2,"creeperoverhaul:savannah_creeper":1,"born_in_chaos_v1:lifestealer_true_form":2,"born_in_chaos_v1:zombie_clown":5,"minecraft:witch":9,"minecraft:spider":83,"alexsmobs:froststalker":6,"born_in_chaos_v1:scarlet_persecutor":11,"alexsmobs:banana_slug":1,"creeperoverhaul:dark_oak_creeper":1,"minecraft:silverfish":1,"born_in_chaos_v1:firelight_not_despawn":1,"alexsmobs:kangaroo":4,"minecraft:wolf":2,"born_in_chaos_v1:bonescaller":9,"minecraft:pig":9,"alexsmobs:grizzly_bear":2,"minecraft:zombie_villager":8,"born_in_chaos_v1:diamond_termite":8,"born_in_chaos_v1:glutton_fish":2,"minecraft:creeper":16,"minecraft:sheep":5,"bugs_aplenty:beetle_yellow_plain":1,"born_in_chaos_v1:zombie_fisherman":2,"born_in_chaos_v1:dread_hound":27,"alexsmobs:terrapin":1,"minecraft:stray":70,"alexsmobs:fly":3,"cave_dweller:cave_dweller":5,"born_in_chaos_v1:siamese_skeletonsleft":9,"minecraft:vex":7,"born_in_chaos_v1:missioner":3,"born_in_chaos_v1:zombie_clown_not_despawn":1,"born_in_chaos_v1:zombie_bruiser":13,"born_in_chaos_v1:maggot":139,"minecraft:phantom":12,"iceandfire:fire_dragon":2,"minecraft:drowned":10,"born_in_chaos_v1:corpse_fish":14,"majruszsdifficulty:cerberus":6,"born_in_chaos_v1:mr_pumpkin_controlled":2,"born_in_chaos_v1:siamese_skeletons":5,"born_in_chaos_v1:fallen_chaos_knight":6,"born_in_chaos_v1:felsteed":3,"born_in_chaos_v1:baby_skeleton":17,"born_in_chaos_v1:swarmer":8,"creeperoverhaul:spruce_creeper":1,"minecraft:bat":1,"alexsmobs:emu":2,"hexerei:crow":1,"born_in_chaos_v1:decaying_zombie":4,"alexsmobs:gazelle":6,"born_in_chaos_v1:bonescaller_not_despawn":4,"born_in_chaos_v1:nightmare_stalker":7,"alexsmobs:crow":2,"minecraft:wither_skeleton":49,"minecraft:villager":2},"minecraft:killed_by":{"cave_dweller:cave_dweller":1,"iceandfire:ice_dragon":1,"iceandfire:fire_dragon":1,"minecraft:player":2},"minecraft:used":{"minecraft:chest":25,"minecraft:rotten_flesh":12,"born_in_chaos_v1:soul_cutlass":3547,"minecraft:packed_ice":1,"born_in_chaos_v1:mint_candy":1,"minecraft:bow":56,"iceandfire:chared_stone":36,"minecraft:oak_sapling":14,"minecraft:cooked_cod":31,"minecraft:furnace":12,"minecraft:acacia_fence":9,"iceandfire:frozen_cobblestone":11,"fruitsdelight:orange":1,"minecraft:diorite":8,"iceandfire:armor_sapphire_chestplate":1,"minecraft:blackstone":127,"iceandfire:dragonbone_sword_ice":756,"minecraft:wooden_pickaxe":57,"minecraft:glow_berries":9,"minecraft:sand":3,"born_in_chaos_v1:holiday_candy":17,"minecraft:diamond_ore":2,"iceandfire:chared_cobblestone":10,"minecraft:diamond_sword":777,"minecraft:wooden_sword":26,"minecraft:acacia_log":1,"create:veridium":5,"minecraft:cooked_salmon":19,"born_in_chaos_v1:fried_maggot":70,"minecraft:torch":667,"minecraft:iron_axe":334,"minecraft:smooth_basalt":7,"tombstone:gift":14,"minecraft:cobbled_deepslate":30,"minecraft:calcite":13,"minecraft:wheat_seeds":205,"minecraft:birch_planks":6,"iceandfire:crackled_stone":5,"minecraft:cherry_planks":10,"minecraft:mossy_cobblestone":1,"minecraft:crafting_table":17,"minecraft:white_bed":5,"mowziesmobs:wrought_axe":169,"minecraft:diamond_pickaxe":1219,"majruszsdifficulty:undead_army_treasure_bag":6,"iceandfire:dragonbone_sword_fire":351,"alexsmobs:kangaroo_meat":1,"minecraft:iron_pickaxe":1562,"majruszsdifficulty:pillager_treasure_bag":2,"tombstone:magic_scroll":12,"minecraft:cobblestone":503,"majruszsdifficulty:warden_treasure_bag":2,"minecraft:cooked_porkchop":24,"minecraft:cherry_sapling":25,"iceandfire:tide_trident":1,"minecraft:iron_shovel":76,"minecraft:shield":407,"minecraft:iron_sword":462,"minecraft:sculk_sensor":2,"minecraft:iron_chestplate":1,"fruitsdelight:hawberry":1,"minecraft:mutton":1,"minecraft:carrot":137,"iceandfire:frozen_stone":16,"minecraft:tuff":1,"minecraft:obsidian":1,"born_in_chaos_v1:corpse_maggot":44,"iceandfire:armor_white_boots":1,"minecraft:lantern":4,"minecraft:iron_helmet":1,"minecraft:stone_bricks":1,"minecraft:item_frame":1,"minecraft:torchflower":1,"minecraft:stone_pickaxe":526,"minecraft:oak_planks":28,"alexscaves:cave_book":2,"minecraft:crossbow":84,"minecraft:melon_slice":3,"minecraft:bread":80,"create:asurine":35,"minecraft:gravel":17,"minecraft:torchflower_seeds":1,"iceandfire:dragon_skull_fire":2,"minecraft:andesite":23,"fruitsdelight:peach":8,"minecraft:coarse_dirt":1,"minecraft:bone_meal":115,"minecraft:experience_bottle":32,"minecraft:oak_fence":2,"minecraft:cherry_boat":2,"minecraft:spruce_planks":4,"minecraft:stone_hoe":38,"minecraft:dirt":98,"alexsmobs:cooked_kangaroo_meat":6,"minecraft:granite":150,"minecraft:dark_oak_planks":16,"minecraft:wooden_axe":61,"minecraft:stone_brick_slab":1,"iceandfire:crackled_dirt":2,"minecraft:iron_boots":1,"minecraft:golden_carrot":1,"minecraft:pitcher_plant":1,"minecraft:stone_pressure_plate":1,"minecraft:cooked_beef":21,"minecraft:iron_leggings":1,"minecraft:cooked_mutton":40,"minecraft:acacia_boat":6,"iceandfire:fire_dragon_flesh":1,"minecraft:amethyst_block":5,"minecraft:baked_potato":93,"minecraft:birch_boat":1,"majruszsdifficulty:recall_potion":2,"tombstone:bag_of_seeds":10,"iceandfire:ambrosia":6,"hexerei:sage_seed":5,"minecraft:apple":18,"minecraft:stone_slab":1,"minecraft:acacia_fence_gate":1,"minecraft:fishing_rod":29,"minecraft:white_banner":3,"majruszsdifficulty:bandage":2,"minecraft:pumpkin_pie":2,"alexsmobs:animal_dictionary":2,"minecraft:sculk_catalyst":1}},"DataVersion":3465}