{"stats":{"minecraft:broken":{"minecraft:stone_pickaxe":1,"minecraft:wooden_pickaxe":1},"minecraft:custom":{"minecraft:mob_kills":4,"minecraft:interact_with_crafting_table":5,"minecraft:eat_cake_slice":2,"minecraft:leave_game":1,"minecraft:time_since_death":13170,"minecraft:time_since_rest":10771,"minecraft:sprint_one_cm":35914,"minecraft:damage_taken":730,"minecraft:walk_one_cm":157724,"minecraft:drop":3,"minecraft:damage_dealt":962,"minecraft:fly_one_cm":57666,"minecraft:open_chest":1,"minecraft:crouch_one_cm":4628,"minecraft:play_time":31570,"tombstone:undead_killed":4,"minecraft:deaths":2,"minecraft:sneak_time":750,"minecraft:walk_under_water_one_cm":2485,"minecraft:jump":613,"minecraft:walk_on_water_one_cm":4267,"minecraft:total_world_time":31570,"minecraft:fall_one_cm":9070},"minecraft:killed":{"born_in_chaos_v1:zombie_lumberjack":1,"born_in_chaos_v1:decrepit_skeleton":1,"minecraft:skeleton":2},"minecraft:mined":{"minecraft:acacia_leaves":13,"minecraft:torch":1,"minecraft:granite":22,"minecraft:grass_block":5,"minecraft:calcite":12,"minecraft:dead_bush":1,"minecraft:tall_grass":4,"minecraft:moss_block":2,"create:asurine":29,"minecraft:grass":7,"minecraft:coal_ore":62,"minecraft:oak_log":8,"minecraft:sand":3,"minecraft:dirt":26,"minecraft:stone":113,"minecraft:cake":4,"minecraft:oak_leaves":2,"minecraft:deepslate":4,"minecraft:fern":3},"minecraft:dropped":{"minecraft:moss_block":2,"minecraft:cherry_log":1,"minecraft:sand":1},"minecraft:crafted":{"minecraft:wooden_sword":1,"minecraft:oak_planks":32,"minecraft:crafting_table":1,"minecraft:wooden_pickaxe":1,"minecraft:stick":20,"minecraft:stone_pickaxe":2,"minecraft:wooden_axe":1,"minecraft:torch":44,"minecraft:stone_hoe":1},"minecraft:picked_up":{"minecraft:oak_log":8,"skilltree:gem":13,"minecraft:dirt":32,"minecraft:bone":3,"minecraft:wheat_seeds":4,"minecraft:cobbled_deepslate":4,"minecraft:calcite":12,"minecraft:moss_block":4,"fruitsdelight:orange":1,"minecraft:stick":2,"minecraft:torch":1,"minecraft:sand":4,"minecraft:cherry_log":1,"hexerei:sage_seed":1,"minecraft:arrow":2,"minecraft:rotten_flesh":1,"minecraft:granite":26,"create:asurine":29,"minecraft:coal":62,"minecraft:cobblestone":111},"minecraft:used":{"minecraft:calcite":12,"minecraft:wheat_seeds":4,"fruitsdelight:orange":1,"minecraft:stone_pickaxe":187,"minecraft:wooden_pickaxe":57,"minecraft:stone_hoe":5,"minecraft:torch":12,"minecraft:dirt":32,"minecraft:sand":3,"minecraft:crafting_table":1,"minecraft:granite":26,"hexerei:sage_seed":1,"create:asurine":29,"minecraft:wooden_sword":24,"minecraft:cobblestone":57,"majruszsdifficulty:bandage":2,"alexsmobs:animal_dictionary":2,"minecraft:cobbled_deepslate":4}},"DataVersion":3465}