{"stats":{"minecraft:used":{"minecraft:iron_shovel":75,"minecraft:acacia_log":1,"minecraft:chest":8,"minecraft:shield":51,"minecraft:iron_sword":162,"born_in_chaos_v1:fried_maggot":7,"minecraft:cooked_salmon":10,"minecraft:stone_hoe":38,"minecraft:torch":132,"minecraft:dirt":77,"minecraft:mutton":1,"alexsmobs:cooked_kangaroo_meat":6,"minecraft:carrot":6,"minecraft:granite":130,"minecraft:stone_brick_slab":1,"minecraft:wooden_axe":61,"minecraft:lantern":4,"minecraft:iron_axe":125,"iceandfire:crackled_dirt":2,"born_in_chaos_v1:mint_candy":1,"minecraft:stone_bricks":1,"minecraft:oak_sapling":10,"minecraft:furnace":4,"minecraft:acacia_fence":9,"tombstone:gift":10,"minecraft:stone_pressure_plate":1,"minecraft:cooked_beef":1,"minecraft:cobbled_deepslate":4,"minecraft:calcite":12,"minecraft:wheat_seeds":55,"minecraft:cooked_mutton":9,"fruitsdelight:orange":1,"minecraft:stone_pickaxe":526,"minecraft:blackstone":86,"minecraft:wooden_pickaxe":57,"iceandfire:crackled_stone":5,"minecraft:sand":3,"minecraft:crafting_table":3,"minecraft:white_bed":2,"hexerei:sage_seed":5,"alexsmobs:kangaroo_meat":1,"minecraft:iron_pickaxe":504,"create:asurine":35,"minecraft:acacia_fence_gate":1,"minecraft:wooden_sword":26,"minecraft:cobblestone":176,"majruszsdifficulty:bandage":2,"minecraft:andesite":23,"alexsmobs:animal_dictionary":2,"minecraft:bone_meal":35},"minecraft:crafted":{"minecraft:wooden_sword":1,"minecraft:oak_planks":252,"minecraft:furnace":4,"minecraft:acacia_fence_gate":1,"minecraft:bone_meal":75,"minecraft:cooked_mutton":11,"minecraft:iron_boots":2,"minecraft:iron_axe":1,"born_in_chaos_v1:fried_maggot":16,"minecraft:stone_pickaxe":5,"minecraft:chest":8,"minecraft:acacia_fence":9,"minecraft:stone_hoe":1,"minecraft:cooked_beef":1,"minecraft:cooked_porkchop":3,"minecraft:crafting_table":2,"minecraft:wooden_pickaxe":1,"minecraft:iron_helmet":2,"alexsmobs:cooked_kangaroo_meat":6,"minecraft:iron_sword":2,"minecraft:cooked_salmon":5,"minecraft:air":0,"minecraft:iron_chestplate":2,"minecraft:shield":4,"minecraft:stick":168,"minecraft:iron_ingot":108,"minecraft:iron_pickaxe":2,"minecraft:wooden_axe":1,"minecraft:iron_shovel":1,"minecraft:gold_ingot":10,"minecraft:iron_leggings":2,"minecraft:acacia_planks":212,"minecraft:torch":144},"minecraft:killed":{"born_in_chaos_v1:zombie_lumberjack":2,"minecraft:spider":1,"born_in_chaos_v1:maggot":10,"minecraft:skeleton":5,"minecraft:drowned":1,"born_in_chaos_v1:corpse_fish":2,"alexsmobs:kangaroo":4,"minecraft:pig":1,"born_in_chaos_v1:baby_skeleton":1,"born_in_chaos_v1:swarmer":1,"born_in_chaos_v1:decrepit_skeleton":2,"alexsmobs:emu":1,"minecraft:sheep":1,"minecraft:zombie":7,"born_in_chaos_v1:dread_hound":2,"born_in_chaos_v1:corpse_fly":6,"alexsmobs:maned_wolf":1,"alexsmobs:gazelle":5,"creeperoverhaul:savannah_creeper":1},"minecraft:picked_up":{"iceandfire:dragon_skull_lightning":1,"minecraft:charcoal":8,"minecraft:shelter_pottery_sherd":1,"minecraft:crafting_table":1,"minecraft:wheat":21,"minecraft:brewing_stand":1,"alexsmobs:gazelle_horn":3,"minecraft:raw_copper":7,"minecraft:iron_axe":1,"minecraft:cooked_salmon":5,"minecraft:item_frame":1,"minecraft:blackstone":161,"alexsmobs:emu_feather":1,"minecraft:cobbled_deepslate":25,"minecraft:beef":2,"born_in_chaos_v1:gnawed_bones":3,"minecraft:calcite":12,"minecraft:poppy":1,"minecraft:iron_pickaxe":1,"minecraft:mangrove_log":4,"minecraft:sheaf_pottery_sherd":1,"minecraft:stick":10,"minecraft:raw_iron":102,"iceandfire:dragonbone":3,"iceandfire:crackled_dirt":2,"minecraft:torch":11,"minecraft:acacia_log":56,"minecraft:porkchop":3,"iceandfire:crackled_gravel":7,"minecraft:cherry_log":1,"tombstone:grave_dust":1,"minecraft:redstone":36,"minecraft:stone_pressure_plate":1,"hexerei:sage_seed":13,"minecraft:arrow":7,"minecraft:rotten_flesh":9,"create:asurine":45,"alexsmobs:emu_egg":2,"create:veridium":31,"minecraft:mangrove_door":1,"minecraft:mutton":18,"alexsmobs:kangaroo_meat":7,"minecraft:white_wool":1,"minecraft:cobblestone":246,"born_in_chaos_v1:corpse_maggot":16,"minecraft:feather":3,"born_in_chaos_v1:monster_flesh":1,"minecraft:andesite":23,"minecraft:leather":6,"minecraft:tuff":14,"minecraft:oak_log":63,"alexsmobs:cooked_kangaroo_meat":1,"minecraft:gunpowder":2,"skilltree:gem":66,"minecraft:dirt":119,"minecraft:lantern":4,"born_in_chaos_v1:monster_skin":3,"minecraft:bone":13,"minecraft:stone_bricks":1,"minecraft:wheat_seeds":73,"minecraft:raw_gold":10,"minecraft:moss_block":5,"minecraft:iron_sword":1,"minecraft:acacia_sapling":1,"fruitsdelight:orange":1,"hexerei:animal_fat":2,"iceandfire:copper_nugget":200,"minecraft:smooth_basalt":9,"minecraft:stone_brick_slab":1,"minecraft:sand":6,"hexerei:sage":5,"minecraft:white_bed":2,"minecraft:spider_eye":1,"minecraft:bundle":1,"alexsmobs:kangaroo_hide":3,"minecraft:snort_pottery_sherd":1,"minecraft:diamond":9,"minecraft:angler_pottery_sherd":1,"iceandfire:crackled_stone":5,"minecraft:granite":183,"minecraft:emerald":1,"minecraft:terracotta":10,"born_in_chaos_v1:rotten_fish":2,"minecraft:oak_sapling":13,"rocks:cobblestone_splitter":2,"minecraft:coal":154,"iceandfire:raw_silver":7},"minecraft:mined":{"minecraft:tuff":14,"minecraft:oak_sapling":2,"minecraft:white_bed":2,"iceandfire:silver_ore":7,"minecraft:deepslate_diamond_ore":9,"minecraft:brewing_stand":1,"minecraft:glow_lichen":2,"minecraft:granite":178,"minecraft:acacia_log":58,"minecraft:grass_block":54,"minecraft:mangrove_door":1,"minecraft:decorated_pot":1,"minecraft:moss_block":3,"rocks:rock":2,"born_in_chaos_v1:gnawed_bones":1,"minecraft:iron_ore":104,"minecraft:andesite":23,"iceandfire:crackled_dirt":2,"create:asurine":45,"minecraft:lantern":3,"create:veridium":31,"minecraft:stone":247,"minecraft:cake":4,"minecraft:deepslate_redstone_ore":8,"minecraft:acacia_leaves":46,"minecraft:blackstone":164,"minecraft:crafting_table":1,"minecraft:torch":7,"minecraft:emerald_ore":1,"minecraft:calcite":12,"minecraft:poppy":1,"minecraft:dead_bush":5,"minecraft:campfire":4,"minecraft:stone_slab":2,"minecraft:copper_ore":2,"minecraft:tall_grass":46,"minecraft:cobblestone":5,"minecraft:deepslate_gold_ore":10,"minecraft:wall_torch":3,"iceandfire:crackled_stone":5,"minecraft:wheat":23,"minecraft:grass":108,"minecraft:oak_log":65,"minecraft:coal_ore":155,"minecraft:sand":6,"minecraft:dirt":57,"minecraft:smooth_basalt":9,"hexerei:sage_crop":2,"minecraft:oak_leaves":167,"minecraft:deepslate":25,"minecraft:fern":10},"minecraft:dropped":{"minecraft:iron_sword":1,"minecraft:moss_block":4,"minecraft:cherry_log":1,"minecraft:granite":1,"minecraft:wooden_sword":1,"minecraft:sand":3,"minecraft:iron_pickaxe":1,"minecraft:bone":3,"alexsmobs:cooked_kangaroo_meat":1,"majruszsdifficulty:bandage":14,"minecraft:stone_pickaxe":1},"minecraft:killed_by":{"cave_dweller:cave_dweller":1},"minecraft:broken":{"minecraft:wooden_pickaxe":1,"minecraft:stone_pickaxe":4,"minecraft:iron_pickaxe":1,"minecraft:wooden_axe":1},"minecraft:custom":{"minecraft:mob_kills":55,"minecraft:animals_bred":9,"minecraft:interact_with_crafting_table":29,"minecraft:open_barrel":21,"minecraft:damage_dealt_resisted":60,"minecraft:eat_cake_slice":2,"minecraft:leave_game":2,"minecraft:time_since_death":16471,"minecraft:sprint_one_cm":315075,"minecraft:walk_one_cm":1591969,"minecraft:damage_blocked_by_shield":2123,"minecraft:drop":13,"minecraft:play_time":258204,"minecraft:deaths":8,"minecraft:sneak_time":15404,"minecraft:walk_under_water_one_cm":17386,"minecraft:jump":5154,"minecraft:walk_on_water_one_cm":48584,"minecraft:total_world_time":258204,"minecraft:interact_with_furnace":66,"minecraft:time_since_rest":14796,"minecraft:damage_taken":4233,"minecraft:damage_dealt":8834,"minecraft:swim_one_cm":20636,"minecraft:fly_one_cm":340919,"minecraft:open_chest":107,"minecraft:crouch_one_cm":45532,"tombstone:undead_killed":19,"minecraft:fall_one_cm":71837}},"DataVersion":3465}