{"stats":{"minecraft:picked_up":{"iceandfire:dragon_skull_lightning":1,"minecraft:charcoal":8,"minecraft:shelter_pottery_sherd":1,"minecraft:crafting_table":1,"minecraft:wheat":24,"born_in_chaos_v1:seedof_chaos":1,"minecraft:chain":2,"minecraft:brewing_stand":1,"minecraft:oak_trapdoor":1,"alexsmobs:gazelle_horn":4,"minecraft:string":17,"born_in_chaos_v1:mesh_door":2,"minecraft:raw_copper":7,"minecraft:iron_axe":1,"minecraft:cooked_salmon":5,"born_in_chaos_v1:intoxicating_decoction":3,"minecraft:item_frame":1,"minecraft:blackstone":266,"alexsmobs:emu_feather":1,"minecraft:cobbled_deepslate":29,"minecraft:beef":10,"born_in_chaos_v1:gnawed_bones":4,"minecraft:calcite":12,"minecraft:poppy":1,"minecraft:iron_pickaxe":1,"minecraft:mangrove_log":4,"minecraft:tipped_arrow":1,"minecraft:stick":10,"minecraft:raw_iron":162,"iceandfire:dragonbone":3,"minecraft:sheaf_pottery_sherd":1,"iceandfire:crackled_dirt":2,"minecraft:torch":32,"minecraft:acacia_log":56,"minecraft:porkchop":13,"minecraft:pointed_dripstone":1,"minecraft:cherry_log":1,"iceandfire:crackled_gravel":7,"tombstone:grave_dust":1,"born_in_chaos_v1:pieceofdarkmetal":5,"minecraft:redstone":103,"minecraft:stone_pressure_plate":1,"born_in_chaos_v1:fried_maggot":3,"hexerei:sage_seed":16,"minecraft:rotten_flesh":33,"minecraft:arrow":24,"create:asurine":45,"alexsmobs:emu_egg":2,"create:veridium":31,"minecraft:mangrove_door":1,"minecraft:mutton":20,"alexsmobs:kangaroo_meat":7,"minecraft:white_wool":1,"minecraft:cobblestone":472,"minecraft:magma_block":7,"born_in_chaos_v1:corpse_maggot":29,"minecraft:feather":3,"minecraft:basalt":7,"born_in_chaos_v1:monster_flesh":1,"minecraft:andesite":23,"minecraft:leather":14,"minecraft:tuff":14,"minecraft:oak_log":64,"alexsmobs:cooked_kangaroo_meat":1,"minecraft:gunpowder":2,"minecraft:acacia_boat":4,"minecraft:lapis_lazuli":7,"skilltree:gem":78,"minecraft:dirt":131,"minecraft:lantern":4,"born_in_chaos_v1:monster_skin":3,"minecraft:bone":30,"minecraft:stone_bricks":1,"minecraft:bow":1,"minecraft:wheat_seeds":83,"minecraft:raw_gold":10,"minecraft:oak_planks":38,"minecraft:moss_block":5,"minecraft:iron_sword":1,"minecraft:acacia_sapling":1,"fruitsdelight:orange":1,"hexerei:animal_fat":6,"iceandfire:copper_nugget":200,"minecraft:smooth_basalt":13,"minecraft:stone_brick_slab":1,"minecraft:sand":6,"hexerei:sage":6,"minecraft:white_bed":2,"minecraft:spider_eye":4,"minecraft:bundle":1,"alexsmobs:kangaroo_hide":3,"create:crimsite":2,"minecraft:snort_pottery_sherd":1,"minecraft:diamond":21,"minecraft:angler_pottery_sherd":1,"iceandfire:crackled_stone":5,"minecraft:granite":203,"minecraft:emerald":1,"minecraft:rooted_dirt":2,"minecraft:terracotta":10,"minecraft:oak_sapling":13,"born_in_chaos_v1:rotten_fish":4,"rocks:cobblestone_splitter":2,"minecraft:coal":177,"iceandfire:raw_silver":8},"minecraft:killed":{"born_in_chaos_v1:zombie_clown":1,"born_in_chaos_v1:restless_spirit":1,"born_in_chaos_v1:zombie_lumberjack":3,"minecraft:spider":2,"born_in_chaos_v1:maggot":14,"minecraft:skeleton":12,"minecraft:drowned":1,"born_in_chaos_v1:corpse_fish":3,"alexsmobs:kangaroo":4,"born_in_chaos_v1:fallen_chaos_knight":1,"minecraft:husk":1,"born_in_chaos_v1:bonescaller":1,"minecraft:pig":4,"born_in_chaos_v1:diamond_termite":3,"born_in_chaos_v1:baby_skeleton":1,"born_in_chaos_v1:swarmer":1,"endermanoverhaul:savanna_enderman":1,"born_in_chaos_v1:decrepit_skeleton":7,"alexsmobs:emu":2,"minecraft:sheep":2,"minecraft:zombie":15,"born_in_chaos_v1:dread_hound":3,"born_in_chaos_v1:corpse_fly":11,"alexsmobs:maned_wolf":1,"alexsmobs:gazelle":6,"minecraft:stray":1,"born_in_chaos_v1:door_knight":1,"creeperoverhaul:savannah_creeper":1,"minecraft:cow":6},"minecraft:crafted":{"minecraft:wooden_sword":1,"minecraft:oak_planks":256,"minecraft:furnace":4,"minecraft:acacia_fence_gate":1,"minecraft:bone_meal":75,"minecraft:cooked_mutton":14,"minecraft:iron_boots":3,"minecraft:iron_axe":1,"born_in_chaos_v1:fried_maggot":28,"minecraft:stone_pickaxe":5,"minecraft:chest":8,"minecraft:acacia_fence":9,"minecraft:stone_hoe":1,"minecraft:cooked_beef":10,"minecraft:cooked_porkchop":7,"minecraft:crafting_table":4,"minecraft:wooden_pickaxe":1,"minecraft:iron_helmet":3,"alexsmobs:cooked_kangaroo_meat":6,"minecraft:iron_sword":3,"minecraft:cooked_salmon":5,"minecraft:acacia_boat":1,"minecraft:air":0,"minecraft:iron_chestplate":3,"minecraft:shield":6,"minecraft:stick":172,"minecraft:iron_ingot":110,"minecraft:iron_pickaxe":5,"minecraft:wooden_axe":1,"minecraft:iron_shovel":1,"minecraft:iron_leggings":3,"minecraft:gold_ingot":10,"minecraft:acacia_planks":212,"minecraft:torch":224},"minecraft:mined":{"minecraft:tuff":14,"minecraft:white_bed":2,"minecraft:oak_sapling":2,"iceandfire:silver_ore":9,"minecraft:deepslate_diamond_ore":19,"minecraft:sculk_vein":9,"minecraft:brewing_stand":1,"minecraft:glow_lichen":2,"minecraft:granite":178,"minecraft:acacia_log":58,"minecraft:mangrove_door":1,"minecraft:grass_block":61,"minecraft:decorated_pot":1,"minecraft:moss_block":3,"rocks:rock":2,"born_in_chaos_v1:gnawed_bones":1,"minecraft:rooted_dirt":2,"minecraft:magma_block":18,"minecraft:redstone_ore":1,"minecraft:oak_trapdoor":1,"minecraft:sculk_catalyst":1,"minecraft:iron_ore":108,"minecraft:andesite":23,"iceandfire:crackled_dirt":2,"create:asurine":45,"minecraft:bookshelf":1,"minecraft:deepslate_iron_ore":22,"minecraft:lantern":3,"minecraft:stone":473,"create:veridium":31,"minecraft:cake":4,"minecraft:deepslate_redstone_ore":24,"minecraft:acacia_leaves":46,"minecraft:blackstone":283,"minecraft:crafting_table":1,"minecraft:torch":7,"minecraft:emerald_ore":1,"minecraft:calcite":12,"minecraft:poppy":1,"minecraft:dead_bush":5,"minecraft:sculk_sensor":2,"minecraft:campfire":4,"minecraft:stone_slab":2,"minecraft:copper_ore":2,"minecraft:tall_grass":46,"minecraft:cobblestone":8,"minecraft:deepslate_gold_ore":10,"minecraft:oak_planks":2,"minecraft:sculk":118,"minecraft:wall_torch":6,"iceandfire:crackled_stone":5,"minecraft:wheat":27,"minecraft:grass":108,"minecraft:oak_log":65,"minecraft:coal_ore":178,"minecraft:sand":6,"minecraft:dirt":62,"minecraft:cobweb":27,"minecraft:smooth_basalt":10,"hexerei:sage_crop":3,"minecraft:oak_leaves":167,"minecraft:deepslate":27,"minecraft:fern":10},"minecraft:broken":{"minecraft:wooden_pickaxe":1,"minecraft:stone_pickaxe":4,"minecraft:iron_pickaxe":3,"minecraft:wooden_axe":1},"minecraft:custom":{"minecraft:mob_kills":115,"minecraft:animals_bred":11,"minecraft:interact_with_crafting_table":40,"minecraft:open_barrel":24,"minecraft:damage_dealt_resisted":661,"minecraft:eat_cake_slice":2,"minecraft:leave_game":3,"minecraft:time_since_death":120964,"minecraft:sprint_one_cm":480500,"minecraft:walk_one_cm":2438753,"minecraft:damage_blocked_by_shield":3162,"minecraft:drop":29,"minecraft:play_time":395201,"minecraft:sneak_time":21849,"minecraft:deaths":10,"minecraft:walk_under_water_one_cm":25014,"minecraft:boat_one_cm":35505,"minecraft:jump":7268,"minecraft:interact_with_blast_furnace":3,"minecraft:walk_on_water_one_cm":73884,"minecraft:total_world_time":395201,"minecraft:interact_with_furnace":132,"minecraft:interact_with_loom":5,"minecraft:time_since_rest":119913,"minecraft:damage_taken":6302,"minecraft:damage_dealt":19651,"minecraft:swim_one_cm":24432,"minecraft:fly_one_cm":480147,"minecraft:open_chest":130,"minecraft:crouch_one_cm":66669,"tombstone:undead_killed":46,"minecraft:fall_one_cm":98255},"minecraft:dropped":{"minecraft:iron_sword":1,"minecraft:moss_block":4,"minecraft:lapis_lazuli":7,"minecraft:cooked_beef":2,"minecraft:cherry_log":1,"minecraft:cobblestone":12,"minecraft:granite":1,"create:crimsite":2,"minecraft:coal":23,"minecraft:wooden_sword":1,"minecraft:sand":3,"minecraft:iron_pickaxe":1,"minecraft:paper":15,"minecraft:smooth_basalt":4,"minecraft:bone":16,"alexscaves:cave_tablet":4,"born_in_chaos_v1:rotten_fish":1,"minecraft:pointed_dripstone":1,"minecraft:oak_planks":15,"alexsmobs:cooked_kangaroo_meat":1,"majruszsdifficulty:bandage":14,"minecraft:spider_eye":1,"minecraft:stone_pickaxe":1},"minecraft:used":{"minecraft:iron_shovel":76,"minecraft:acacia_log":1,"minecraft:chest":8,"minecraft:shield":72,"minecraft:iron_sword":402,"minecraft:cooked_salmon":10,"born_in_chaos_v1:fried_maggot":31,"minecraft:stone_hoe":38,"minecraft:iron_chestplate":1,"minecraft:torch":224,"minecraft:dirt":77,"minecraft:mutton":1,"alexsmobs:cooked_kangaroo_meat":6,"minecraft:carrot":6,"minecraft:granite":150,"born_in_chaos_v1:corpse_maggot":4,"minecraft:wooden_axe":61,"minecraft:stone_brick_slab":1,"minecraft:lantern":4,"minecraft:iron_axe":148,"iceandfire:crackled_dirt":2,"born_in_chaos_v1:mint_candy":1,"minecraft:iron_helmet":1,"minecraft:iron_boots":1,"minecraft:stone_bricks":1,"minecraft:oak_sapling":10,"minecraft:furnace":4,"minecraft:acacia_fence":9,"tombstone:gift":10,"minecraft:cooked_beef":8,"minecraft:stone_pressure_plate":1,"minecraft:cobbled_deepslate":8,"minecraft:iron_leggings":1,"minecraft:calcite":12,"minecraft:wheat_seeds":60,"minecraft:cooked_mutton":14,"minecraft:acacia_boat":4,"fruitsdelight:orange":1,"minecraft:stone_pickaxe":526,"minecraft:oak_planks":4,"minecraft:blackstone":127,"minecraft:wooden_pickaxe":57,"iceandfire:crackled_stone":5,"minecraft:sand":3,"minecraft:crafting_table":5,"minecraft:white_bed":2,"hexerei:sage_seed":5,"alexsmobs:kangaroo_meat":1,"minecraft:iron_pickaxe":1092,"create:asurine":35,"minecraft:acacia_fence_gate":1,"minecraft:wooden_sword":26,"minecraft:cobblestone":300,"minecraft:cooked_porkchop":4,"majruszsdifficulty:bandage":2,"minecraft:andesite":23,"alexsmobs:animal_dictionary":2,"minecraft:bone_meal":35},"minecraft:killed_by":{"cave_dweller:cave_dweller":1}},"DataVersion":3465}