{"stats":{"minecraft:broken":{"iceandfire:armor_white_boots":1,"minecraft:iron_boots":1,"minecraft:iron_chestplate":1,"minecraft:iron_leggings":2,"minecraft:iron_sword":1,"iceandfire:armor_green_helmet":1,"iceandfire:armor_gray_boots":1,"minecraft:wooden_pickaxe":1,"minecraft:shield":5,"iceandfire:armor_green_chestplate":1,"minecraft:iron_pickaxe":4,"minecraft:iron_helmet":2,"iceandfire:armor_white_helmet":1,"iceandfire:armor_green_leggings":1,"minecraft:stone_pickaxe":4,"minecraft:wooden_axe":1,"iceandfire:armor_green_boots":1,"majruszsdifficulty:tattered_helmet":1,"iceandfire:armor_gray_helmet":2,"iceandfire:armor_silver_helmet":1},"minecraft:custom":{"minecraft:interact_with_crafting_table":143,"minecraft:open_barrel":145,"minecraft:bell_ring":14,"minecraft:eat_cake_slice":2,"minecraft:leave_game":18,"minecraft:time_since_death":39192,"minecraft:damage_blocked_by_shield":11525,"minecraft:play_time":1939228,"minecraft:deaths":50,"tombstone:tomb_raiding":1,"minecraft:jump":37276,"minecraft:interact_with_furnace":305,"minecraft:traded_with_villager":8,"minecraft:interact_with_cartography_table":2,"minecraft:sleep_in_bed":4,"minecraft:damage_dealt":598835,"tombstone:undead_killed":1603,"minecraft:interact_with_smoker":48,"minecraft:horse_one_cm":743,"minecraft:interact_with_smithing_table":23,"minecraft:interact_with_anvil":37,"minecraft:damage_dealt_absorbed":119,"minecraft:sneak_time":48260,"minecraft:interact_with_blast_furnace":5,"minecraft:total_world_time":1939228,"tombstone:raider_killed":177,"minecraft:interact_with_stonecutter":2,"minecraft:time_since_rest":38465,"tombstone:cast_on_ally":1,"minecraft:swim_one_cm":1020715,"minecraft:fly_one_cm":5059704,"minecraft:open_chest":885,"minecraft:fish_caught":10,"minecraft:fall_one_cm":669801,"minecraft:animals_bred":11,"minecraft:damage_resisted":10,"minecraft:sprint_one_cm":3956166,"minecraft:drop":948,"minecraft:talked_to_villager":43,"minecraft:walk_on_water_one_cm":434469,"minecraft:interact_with_loom":8,"minecraft:player_kills":4,"minecraft:crouch_one_cm":174336,"tombstone:villager_killed":2,"minecraft:mob_kills":2523,"minecraft:interact_with_campfire":4,"minecraft:damage_dealt_resisted":35158,"minecraft:climb_one_cm":28831,"minecraft:walk_one_cm":11662554,"minecraft:raid_win":3,"minecraft:walk_under_water_one_cm":334800,"minecraft:boat_one_cm":535313,"minecraft:raid_trigger":2,"minecraft:damage_taken":64824,"minecraft:damage_absorbed":603,"minecraft:trigger_trapped_chest":3},"minecraft:killed":{"minecraft:cave_spider":26,"born_in_chaos_v1:mr_pumpkin":9,"born_in_chaos_v1:restless_spirit":15,"born_in_chaos_v1:zombie_lumberjack":21,"born_in_chaos_v1:sir_the_headless":3,"born_in_chaos_v1:skeleton_demoman":3,"born_in_chaos_v1:door_knight_not_despawn":1,"alexsmobs:murmur":1,"born_in_chaos_v1:siamese_skeletonsright":12,"born_in_chaos_v1:baby_skeleton_minion":24,"minecraft:skeleton":389,"alexsmobs:orca":1,"alexsmobs:leafcutter_ant":3,"minecraft:chicken":5,"majruszsdifficulty:creeperling":8,"alexsmobs:centipede_head":2,"born_in_chaos_v1:supreme_bonescaller_stage_2":3,"minecraft:skeleton_horse":3,"majruszsdifficulty:tank":33,"alexsmobs:seal":2,"minecraft:iron_golem":1,"endermanoverhaul:savanna_enderman":1,"minecraft:pillager":108,"minecraft:zombie":480,"born_in_chaos_v1:corpse_fly":81,"alexsmobs:maned_wolf":1,"minecraft:glow_squid":1,"born_in_chaos_v1:door_knight":9,"minecraft:cow":9,"minecraft:evoker":1,"bugs_aplenty:beetle_lightgray_spotted":1,"alexsmobs:raccoon":3,"minecraft:vindicator":22,"majruszsdifficulty:illusioner":6,"born_in_chaos_v1:skeleton_thrasher_not_despawn":1,"creeperoverhaul:snowy_creeper":1,"born_in_chaos_v1:pumpkinhead":3,"born_in_chaos_v1:dire_hound_leader":2,"mowziesmobs:ferrous_wroughtnaut":1,"iceandfire:siren":4,"minecraft:warden":2,"alexsmobs:rocky_roller":1,"born_in_chaos_v1:barrel_zombie":9,"iceandfire:hippocampus":2,"born_in_chaos_v1:spiritof_chaos":2,"bugs_aplenty:beetle_lightgray_plain":2,"minecraft:husk":126,"bugs_aplenty:beetle_yellow_plain_shiny":1,"born_in_chaos_v1:bone_imp_minion":16,"iceandfire:cyclops":1,"majruszsdifficulty:cursed_armor":1,"minecraft:ravager":5,"born_in_chaos_v1:decrepit_skeleton":88,"born_in_chaos_v1:bloody_gadfly":8,"iceandfire:ghost":10,"born_in_chaos_v1:dark_vortex":12,"iceandfire:ice_dragon":2,"creeperoverhaul:savannah_creeper":1,"born_in_chaos_v1:lifestealer_true_form":4,"born_in_chaos_v1:zombie_clown":5,"minecraft:witch":9,"minecraft:spider":109,"alexsmobs:froststalker":6,"born_in_chaos_v1:scarlet_persecutor":11,"alexsmobs:banana_slug":1,"creeperoverhaul:dark_oak_creeper":1,"minecraft:silverfish":1,"born_in_chaos_v1:firelight_not_despawn":4,"alexsmobs:kangaroo":4,"minecraft:wolf":3,"born_in_chaos_v1:bonescaller":11,"minecraft:pig":16,"alexsmobs:grizzly_bear":2,"minecraft:zombie_villager":11,"born_in_chaos_v1:diamond_termite":8,"born_in_chaos_v1:glutton_fish":2,"minecraft:creeper":21,"minecraft:sheep":11,"bugs_aplenty:beetle_yellow_plain":2,"born_in_chaos_v1:zombie_fisherman":3,"born_in_chaos_v1:dread_hound":28,"alexsmobs:terrapin":3,"minecraft:stray":115,"alexsmobs:fly":3,"cave_dweller:cave_dweller":5,"born_in_chaos_v1:siamese_skeletonsleft":12,"minecraft:vex":10,"born_in_chaos_v1:missioner":4,"born_in_chaos_v1:zombie_clown_not_despawn":1,"born_in_chaos_v1:zombie_bruiser":15,"born_in_chaos_v1:maggot":179,"minecraft:phantom":32,"iceandfire:fire_dragon":2,"minecraft:drowned":11,"born_in_chaos_v1:corpse_fish":16,"majruszsdifficulty:cerberus":9,"born_in_chaos_v1:mr_pumpkin_controlled":2,"born_in_chaos_v1:siamese_skeletons":8,"born_in_chaos_v1:fallen_chaos_knight":6,"born_in_chaos_v1:felsteed":3,"born_in_chaos_v1:baby_skeleton":19,"born_in_chaos_v1:swarmer":9,"creeperoverhaul:spruce_creeper":3,"minecraft:bat":1,"alexsmobs:emu":2,"hexerei:crow":1,"born_in_chaos_v1:decaying_zombie":7,"alexsmobs:gazelle":6,"born_in_chaos_v1:bonescaller_not_despawn":4,"born_in_chaos_v1:nightmare_stalker":8,"alexsmobs:crow":2,"minecraft:wither_skeleton":90,"minecraft:villager":2,"born_in_chaos_v1:decaying_zombie_not_despawn":2},"minecraft:mined":{"minecraft:dark_oak_planks":1,"minecraft:white_bed":5,"minecraft:cherry_log":6,"minecraft:potted_crimson_fungus":1,"minecraft:obsidian":9,"minecraft:granite":178,"minecraft:acacia_log":58,"minecraft:spawner":9,"minecraft:magma_block":18,"minecraft:cobbled_deepslate":27,"minecraft:fire":101,"minecraft:deepslate_lapis_ore":7,"minecraft:sculk_shrieker":2,"minecraft:dirt_path":2,"minecraft:small_amethyst_bud":1,"minecraft:white_banner":1,"create:veridium":36,"minecraft:kelp_plant":2,"minecraft:deepslate_tile_slab":1,"minecraft:powder_snow":60,"minecraft:torch":8,"minecraft:dead_bush":5,"iceandfire:sapphire_ore":1,"minecraft:amethyst_block":4,"minecraft:skeleton_skull":1,"minecraft:chain":4,"iceandfire:crackled_stone":5,"minecraft:wheat":420,"minecraft:pitcher_plant":1,"minecraft:grass":130,"minecraft:smooth_basalt":17,"minecraft:red_mushroom_block":5,"born_in_chaos_v1:infernal_evil_pumpkin_s":2,"minecraft:deepslate":282,"iceandfire:silver_ore":9,"minecraft:mossy_cobblestone":9,"farmersdelight:wild_carrots":1,"minecraft:cherry_sapling":6,"minecraft:dark_oak_log":19,"minecraft:spruce_fence":1,"minecraft:moss_block":4,"minecraft:cartography_table":1,"born_in_chaos_v1:gnawed_bones":1,"minecraft:redstone_ore":2,"minecraft:andesite":28,"minecraft:potatoes":18,"minecraft:bamboo":6,"minecraft:cake":4,"minecraft:cherry_planks":1,"minecraft:brown_carpet":1,"minecraft:emerald_ore":1,"minecraft:campfire":6,"minecraft:copper_ore":2,"minecraft:tall_grass":50,"minecraft:deepslate_gold_ore":19,"minecraft:diorite":17,"minecraft:coarse_dirt":1,"minecraft:cobblestone_wall":2,"minecraft:torchflower":1,"minecraft:spruce_log":61,"minecraft:birch_leaves":11,"iceandfire:silver_pile":3,"minecraft:gravel":17,"minecraft:dripstone_block":2,"minecraft:cobweb":132,"minecraft:stone_bricks":5,"minecraft:gold_ore":4,"minecraft:fern":13,"minecraft:infested_stone":2,"create:deepslate_zinc_ore":4,"minecraft:stone_pressure_plate":1,"minecraft:oak_sapling":2,"minecraft:cobblestone_stairs":3,"minecraft:sculk_vein":23,"minecraft:potted_cactus":1,"minecraft:brewing_stand":1,"minecraft:spruce_trapdoor":1,"minecraft:mangrove_door":1,"minecraft:grass_block":78,"minecraft:sculk_catalyst":9,"minecraft:iron_ore":149,"rocks:oak_stick":1,"iceandfire:crackled_dirt":2,"create:asurine":45,"iceandfire:chared_cobblestone":81,"minecraft:deepslate_redstone_ore":41,"minecraft:blackstone":283,"minecraft:medium_amethyst_bud":1,"iceandfire:dragon_ice_spikes":18,"minecraft:calcite":15,"minecraft:poppy":1,"minecraft:chest":4,"born_in_chaos_v1:black_argillite_column_slab":4,"minecraft:cobblestone":44,"minecraft:oak_planks":27,"minecraft:wall_torch":8,"minecraft:pink_petals":1,"rocks:spruce_stick":1,"minecraft:birch_log":12,"minecraft:tnt":2,"minecraft:oak_log":116,"minecraft:beetroots":3,"minecraft:sand":32,"minecraft:dirt":102,"minecraft:oak_leaves":173,"iceandfire:chared_stone":55,"minecraft:diamond_ore":2,"minecraft:tuff":34,"minecraft:red_carpet":1,"minecraft:deepslate_diamond_ore":36,"iceandfire:frozen_cobblestone":10,"born_in_chaos_v1:infected_diamond_ore":4,"minecraft:glow_lichen":2,"minecraft:ladder":1,"iceandfire:frozen_stone":19,"minecraft:decorated_pot":2,"minecraft:spruce_leaves":29,"rocks:rock":2,"minecraft:rooted_dirt":2,"minecraft:large_fern":1,"minecraft:oak_trapdoor":1,"minecraft:furnace":1,"minecraft:carrots":32,"minecraft:bookshelf":21,"minecraft:deepslate_iron_ore":68,"rocks:gravel_rock":1,"minecraft:lantern":8,"minecraft:stripped_oak_log":6,"minecraft:packed_ice":1,"minecraft:stone":1068,"minecraft:acacia_leaves":46,"minecraft:oak_fence":6,"minecraft:crafting_table":9,"minecraft:sculk_sensor":32,"minecraft:lectern":1,"minecraft:stone_slab":3,"minecraft:deepslate_coal_ore":19,"minecraft:lapis_ore":16,"minecraft:sculk":403,"minecraft:beehive":2,"minecraft:potted_azure_bluet":1,"minecraft:coal_ore":404,"minecraft:cherry_leaves":3,"minecraft:cracked_stone_bricks":1,"hexerei:sage_crop":3,"minecraft:mossy_stone_bricks":1},"minecraft:dropped":{"iceandfire:chared_stone":4,"minecraft:iron_sword":2,"minecraft:lapis_lazuli":7,"minecraft:cooked_beef":5,"minecraft:glow_ink_sac":11,"minecraft:crafting_table":2,"minecraft:cooked_porkchop":3,"minecraft:pitcher_pod":2,"minecraft:crossbow":3,"majruszsdifficulty:sonic_boom_scroll":1,"minecraft:cracked_stone_bricks":1,"born_in_chaos_v1:pieceofdarkmetal":82,"minecraft:red_mushroom":1,"born_in_chaos_v1:monster_flesh":52,"minecraft:dirt":44,"minecraft:stone_button":4,"minecraft:chain":2,"minecraft:gold_nugget":92,"minecraft:wooden_sword":1,"born_in_chaos_v1:trident_hayfork":1,"minecraft:bone_meal":114,"minecraft:phantom_membrane":34,"minecraft:sand":3,"minecraft:iron_pickaxe":2,"born_in_chaos_v1:death_totem":1,"majruszsdifficulty:tattered_leggings":13,"minecraft:white_wool":1,"minecraft:bone":1710,"majruszsdifficulty:cloth":45,"alexsmobs:centipede_leg":4,"usefulbackpacks:backpack_large":1,"minecraft:goat_horn":1,"minecraft:cobbled_deepslate":78,"alexscaves:cave_tablet":4,"minecraft:birch_sapling":1,"minecraft:wheat":2,"minecraft:obsidian":4,"tombstone:gift":2,"minecraft:rotten_flesh":1338,"minecraft:oak_planks":113,"iceandfire:shiny_scales":17,"alexsmobs:froststalker_horn":2,"minecraft:tipped_arrow":4,"minecraft:leather_boots":3,"minecraft:beef":5,"minecraft:egg":1,"minecraft:enchanted_book":1,"farmersdelight:tomato_seeds":8,"minecraft:iron_ingot":2,"majruszsdifficulty:recall_potion":1,"born_in_chaos_v1:shattered_skull":5,"minecraft:wheat_seeds":526,"minecraft:oak_fence":4,"minecraft:feather":4,"minecraft:cobblestone":270,"majruszsdifficulty:soul_jar":5,"minecraft:granite":1,"born_in_chaos_v1:soul_cutlass":3,"minecraft:coal":67,"minecraft:golden_apple":1,"born_in_chaos_v1:gnawed_bones":6,"iceandfire:copper_nugget":4,"skilltree:gem":36,"minecraft:cherry_planks":19,"minecraft:cooked_salmon":5,"minecraft:diamond_helmet":1,"mowziesmobs:wrought_helmet":1,"minecraft:white_banner":2,"minecraft:paper":16,"minecraft:string":173,"create:raw_zinc":15,"iceandfire:dragon_skull_fire":1,"minecraft:spruce_sapling":2,"iceandfire:silver_nugget":92,"hexerei:animal_fat":41,"hexerei:sage_seed":10,"minecraft:player_head":1,"minecraft:stone_sword":3,"minecraft:cobblestone_wall":4,"minecraft:bowl":3,"born_in_chaos_v1:rotten_fish":5,"minecraft:clay_ball":3,"minecraft:iron_boots":4,"minecraft:stone_slab":1,"minecraft:torchflower_seeds":1,"minecraft:pumpkin_seeds":92,"alexsmobs:cooked_kangaroo_meat":1,"minecraft:diamond_sword":2,"minecraft:potato":5,"minecraft:spruce_trapdoor":1,"majruszsdifficulty:bandage":41,"minecraft:peony":2,"minecraft:spruce_planks":8,"minecraft:bundle":8,"minecraft:stone_bricks":4,"minecraft:spider_eye":184,"minecraft:bamboo":1,"minecraft:light_gray_dye":3,"minecraft:bow":9,"minecraft:moss_block":4,"minecraft:candle":5,"minecraft:brown_mushroom":1,"minecraft:birch_planks":2,"minecraft:oak_log":2,"minecraft:baked_potato":74,"majruszsdifficulty:tattered_helmet":18,"minecraft:leather":5,"iceandfire:tide_trident":1,"create:crimsite":2,"born_in_chaos_v1:pileof_dark_metal":1,"minecraft:flint":1,"minecraft:cobblestone_stairs":3,"tombstone:bag_of_seeds":3,"majruszsdifficulty:cerberus_fang":9,"born_in_chaos_v1:monster_skin":44,"minecraft:seagrass":4,"majruszsdifficulty:tattered_boots":14,"minecraft:snowball":4,"minecraft:pumpkin_pie":2,"minecraft:birch_log":8,"iceandfire:armor_gray_helmet":1,"minecraft:gravel":44,"majruszsdifficulty:tattered_chestplate":15,"born_in_chaos_v1:fire_dust":2,"minecraft:pointed_dripstone":1,"minecraft:beetroot":2,"minecraft:carrot":82,"minecraft:leather_chestplate":1,"born_in_chaos_v1:seedof_chaos":23,"minecraft:gunpowder":99,"minecraft:beetroot_seeds":6,"minecraft:melon_seeds":5,"born_in_chaos_v1:corpse_maggot":25,"minecraft:arrow":230,"minecraft:bread":1,"minecraft:cherry_log":1,"minecraft:mossy_cobblestone":5,"mowziesmobs:foliaath_seed":4,"minecraft:diamond_leggings":1,"born_in_chaos_v1:black_argillite_column_slab":1,"minecraft:copper_ingot":4,"born_in_chaos_v1:charmof_power":1,"mowziesmobs:wrought_axe":1,"minecraft:stick":8,"born_in_chaos_v1:pumpkin_staff":2,"farmersdelight:golden_knife":1,"minecraft:diorite":3,"born_in_chaos_v1:river_mint":5,"tombstone:magic_scroll":3,"minecraft:torch":12,"minecraft:sculk_catalyst":1,"minecraft:melon_slice":1,"minecraft:brown_wool":2,"born_in_chaos_v1:fused_bone":6,"tombstone:grave_dust":82,"minecraft:fire_charge":1,"iceandfire:armor_silver_chestplate":1,"born_in_chaos_v1:lifestealer_bone":6,"minecraft:pink_petals":2,"minecraft:smooth_basalt":7,"iceandfire:dragonbone":13,"minecraft:redstone":10,"minecraft:coarse_dirt":1,"minecraft:tuff":3,"minecraft:raw_iron":26,"iceandfire:witherbone":2,"iceandfire:dragonbone_sword_fire":2,"minecraft:stripped_oak_log":3,"iceandfire:dragonbone_sword_ice":1,"minecraft:totem_of_undying":3,"minecraft:filled_map":1,"minecraft:shield":3,"minecraft:iron_chestplate":2,"minecraft:andesite":3,"minecraft:blue_ice":2,"minecraft:oak_sapling":1,"minecraft:golden_sword":1,"tombstone:essence_of_undeath":1,"iceandfire:fire_dragon_heart":1,"minecraft:stone_pickaxe":1,"minecraft:raw_gold":2,"minecraft:calcite":2},"minecraft:crafted":{"minecraft:birch_boat":1,"minecraft:cooked_mutton":30,"minecraft:glass":18,"minecraft:diamond_leggings":1,"minecraft:acacia_fence":9,"iceandfire:ambrosia":3,"iceandfire:armor_gray_boots":1,"minecraft:emerald":5,"minecraft:cooked_porkchop":11,"iceandfire:armor_green_chestplate":1,"iceandfire:armor_gray_chestplate":1,"iceandfire:dragonbone_sword_ice":1,"iceandfire:armor_white_helmet":1,"minecraft:iron_pickaxe":7,"minecraft:iron_block":7,"minecraft:gold_ingot":54,"iceandfire:armor_green_leggings":1,"iceandfire:dragonbone_sword_fire":1,"minecraft:acacia_fence_gate":1,"minecraft:bone_meal":330,"iceandfire:armor_silver_chestplate":1,"minecraft:stone_pickaxe":5,"minecraft:spruce_boat":2,"minecraft:dark_oak_planks":92,"iceandfire:dragonbone_sword":2,"minecraft:enchanting_table":1,"minecraft:enchanted_book":3,"minecraft:golden_apple":6,"minecraft:wooden_axe":1,"minecraft:iron_shovel":1,"minecraft:iron_leggings":5,"minecraft:oak_planks":496,"iceandfire:armor_silver_boots":1,"iceandfire:armor_sapphire_chestplate":1,"minecraft:cherry_boat":1,"minecraft:iron_boots":5,"iceandfire:armor_gray_helmet":2,"iceandfire:armor_green_helmet":2,"minecraft:chest":27,"minecraft:stone_hoe":1,"iceandfire:armor_silver_leggings":1,"minecraft:crafting_table":11,"minecraft:spruce_planks":232,"minecraft:iron_helmet":4,"minecraft:wooden_pickaxe":1,"minecraft:baked_potato":236,"iceandfire:armor_white_boots":1,"minecraft:birch_planks":60,"minecraft:iron_chestplate":4,"minecraft:diamond_pickaxe":1,"minecraft:shield":12,"minecraft:stick":312,"minecraft:iron_ingot":293,"minecraft:cherry_planks":32,"minecraft:wooden_sword":1,"minecraft:furnace":12,"iceandfire:armor_sapphire_leggings":1,"minecraft:iron_axe":1,"born_in_chaos_v1:fried_maggot":122,"minecraft:cooked_beef":20,"minecraft:cooked_cod":25,"alexsmobs:cooked_kangaroo_meat":6,"minecraft:iron_sword":3,"minecraft:cooked_salmon":8,"minecraft:acacia_boat":1,"minecraft:bread":75,"minecraft:air":0,"minecraft:acacia_planks":220,"minecraft:torch":744,"iceandfire:armor_silver_helmet":1,"iceandfire:armor_green_boots":1},"minecraft:killed_by":{"cave_dweller:cave_dweller":1,"iceandfire:ice_dragon":1,"iceandfire:fire_dragon":1,"minecraft:player":2},"minecraft:used":{"minecraft:ladder":1,"minecraft:chest":29,"minecraft:rotten_flesh":12,"born_in_chaos_v1:soul_cutlass":4174,"minecraft:spruce_boat":2,"minecraft:packed_ice":1,"born_in_chaos_v1:mint_candy":1,"minecraft:bow":143,"iceandfire:chared_stone":36,"minecraft:oak_sapling":14,"minecraft:cooked_cod":31,"minecraft:furnace":13,"minecraft:acacia_fence":9,"iceandfire:frozen_cobblestone":11,"fruitsdelight:orange":1,"minecraft:diorite":8,"iceandfire:armor_sapphire_chestplate":1,"minecraft:blackstone":127,"iceandfire:dragonbone_sword_ice":756,"minecraft:wooden_pickaxe":57,"minecraft:glow_berries":9,"minecraft:sand":3,"born_in_chaos_v1:holiday_candy":17,"minecraft:diamond_ore":2,"iceandfire:chared_cobblestone":10,"minecraft:diamond_sword":777,"minecraft:wooden_sword":26,"minecraft:acacia_log":1,"minecraft:enchanting_table":2,"create:veridium":5,"minecraft:cooked_salmon":19,"born_in_chaos_v1:fried_maggot":105,"minecraft:torch":782,"minecraft:iron_axe":334,"minecraft:smooth_basalt":7,"tombstone:gift":14,"minecraft:cobbled_deepslate":74,"minecraft:calcite":13,"minecraft:wheat_seeds":205,"tombstone:scroll_of_reach":1,"minecraft:birch_planks":14,"iceandfire:crackled_stone":5,"minecraft:cherry_planks":10,"minecraft:mossy_cobblestone":2,"minecraft:crafting_table":18,"minecraft:white_bed":5,"mowziesmobs:wrought_axe":554,"minecraft:diamond_pickaxe":1601,"majruszsdifficulty:undead_army_treasure_bag":9,"iceandfire:dragonbone_sword_fire":351,"alexsmobs:kangaroo_meat":1,"minecraft:iron_pickaxe":1562,"majruszsdifficulty:pillager_treasure_bag":3,"tombstone:magic_scroll":19,"minecraft:cobblestone":524,"majruszsdifficulty:warden_treasure_bag":2,"minecraft:cooked_porkchop":24,"tombstone:scroll_of_unstable_intangibility":1,"minecraft:cherry_sapling":25,"iceandfire:tide_trident":1,"minecraft:iron_shovel":76,"minecraft:shield":463,"minecraft:iron_sword":462,"minecraft:bell":1,"minecraft:soul_campfire":2,"minecraft:sculk_sensor":2,"minecraft:iron_chestplate":1,"fruitsdelight:hawberry":1,"minecraft:mutton":1,"minecraft:carrot":245,"iceandfire:frozen_stone":16,"minecraft:tuff":1,"minecraft:obsidian":1,"born_in_chaos_v1:corpse_maggot":44,"iceandfire:armor_white_boots":1,"minecraft:lantern":6,"minecraft:iron_helmet":1,"minecraft:stone_bricks":1,"minecraft:item_frame":1,"minecraft:torchflower":1,"minecraft:stone_pickaxe":526,"minecraft:oak_planks":33,"minecraft:white_wool":2,"alexscaves:cave_book":2,"minecraft:crossbow":209,"minecraft:melon_slice":3,"minecraft:bread":95,"create:asurine":35,"minecraft:gravel":17,"minecraft:torchflower_seeds":1,"iceandfire:dragon_skull_fire":2,"minecraft:andesite":23,"fruitsdelight:peach":8,"minecraft:coarse_dirt":1,"minecraft:bone_meal":115,"minecraft:cobweb":2,"minecraft:experience_bottle":32,"minecraft:oak_fence":2,"minecraft:cherry_boat":2,"minecraft:spruce_planks":4,"minecraft:stone_hoe":38,"minecraft:dirt":98,"alexsmobs:cooked_kangaroo_meat":6,"minecraft:granite":150,"minecraft:dark_oak_planks":16,"minecraft:wooden_axe":61,"minecraft:stone_brick_slab":1,"minecraft:bookshelf":1,"iceandfire:crackled_dirt":2,"minecraft:iron_boots":1,"minecraft:golden_carrot":1,"minecraft:pitcher_plant":1,"minecraft:stone_pressure_plate":1,"minecraft:cooked_beef":21,"minecraft:iron_leggings":1,"minecraft:cooked_mutton":40,"minecraft:acacia_boat":6,"iceandfire:fire_dragon_flesh":1,"minecraft:amethyst_block":5,"minecraft:baked_potato":161,"minecraft:birch_boat":1,"majruszsdifficulty:recall_potion":6,"tombstone:bag_of_seeds":10,"iceandfire:ambrosia":6,"hexerei:sage_seed":5,"minecraft:apple":18,"minecraft:stone_slab":1,"minecraft:acacia_fence_gate":1,"minecraft:fishing_rod":29,"minecraft:white_banner":6,"majruszsdifficulty:bandage":2,"minecraft:pumpkin_pie":2,"alexsmobs:animal_dictionary":2,"minecraft:sculk_catalyst":1},"minecraft:picked_up":{"minecraft:seagrass":4,"minecraft:iron_chestplate":1,"minecraft:prismarine_shard":12,"minecraft:stone_slab":2,"minecraft:diamond_sword":3,"minecraft:oak_stairs":2,"minecraft:enchanted_book":2,"minecraft:brewing_stand":1,"minecraft:amethyst_block":5,"minecraft:string":346,"minecraft:dark_oak_trapdoor":1,"born_in_chaos_v1:mesh_door":2,"minecraft:cooked_salmon":16,"minecraft:beetroot":5,"minecraft:cherry_boat":1,"alexsmobs:emu_feather":1,"minecraft:gold_nugget":220,"minecraft:cobbled_deepslate":295,"born_in_chaos_v1:charmof_power":2,"minecraft:spruce_planks":24,"minecraft:mangrove_log":4,"iceandfire:ambrosia":4,"minecraft:beehive":2,"minecraft:sheaf_pottery_sherd":1,"born_in_chaos_v1:shattered_skull":14,"minecraft:acacia_log":58,"born_in_chaos_v1:pileof_dark_metal":1,"minecraft:cherry_log":7,"alexsmobs:centipede_leg":12,"minecraft:stone_sword":3,"born_in_chaos_v1:fried_maggot":3,"iceandfire:fire_dragon_heart":4,"minecraft:mangrove_door":1,"majruszsdifficulty:undead_army_treasure_bag":3,"minecraft:snowball":4,"minecraft:birch_log":31,"iceandfire:armor_silver_chestplate":1,"minecraft:magma_block":7,"minecraft:feather":8,"minecraft:cooked_beef":7,"farmersdelight:rice":1,"born_in_chaos_v1:spiritual_dust":9,"minecraft:jungle_log":2,"minecraft:brown_wool":2,"minecraft:flint":3,"alexsmobs:cooked_kangaroo_meat":1,"minecraft:lantern":12,"born_in_chaos_v1:nightmare_stalker_skull":1,"iceandfire:ice_dragon_blood":1,"majruszsdifficulty:golden_bandage":2,"minecraft:moss_block":6,"fruitsdelight:orange":1,"hexerei:animal_fat":51,"iceandfire:dragonscales_sapphire":22,"iceandfire:dragon_skull_fire":5,"iceandfire:shiny_scales":26,"minecraft:dark_oak_log":23,"iceandfire:chared_cobblestone":74,"minecraft:bundle":18,"alexsmobs:kangaroo_hide":3,"create:crimsite":2,"minecraft:angler_pottery_sherd":1,"iceandfire:crackled_stone":5,"minecraft:blue_ice":2,"minecraft:granite":203,"minecraft:spruce_button":2,"minecraft:rooted_dirt":2,"born_in_chaos_v1:rotten_fish":13,"rocks:cobblestone_splitter":3,"iceandfire:raw_silver":8,"iceandfire:dragon_skull_lightning":1,"minecraft:crafting_table":9,"minecraft:shelter_pottery_sherd":1,"minecraft:coarse_dirt":2,"iceandfire:witherbone":66,"minecraft:clay_ball":3,"born_in_chaos_v1:seedof_chaos":30,"iceandfire:dragonbone_arrow":1,"alexsmobs:froststalker_horn":2,"iceandfire:armor_gray_helmet":1,"born_in_chaos_v1:intoxicating_decoction":8,"minecraft:iron_shovel":1,"minecraft:cracked_stone_bricks":2,"minecraft:cartography_table":1,"minecraft:beef":24,"born_in_chaos_v1:gnawed_bones":20,"majruszsdifficulty:pillager_treasure_bag":1,"minecraft:poppy":5,"minecraft:chest":2,"minecraft:birch_sapling":1,"minecraft:egg":1,"farmersdelight:tomato_seeds":7,"born_in_chaos_v1:pieceofdarkmetal":130,"minecraft:carrot":158,"minecraft:redstone":123,"minecraft:prismarine_crystals":9,"minecraft:tnt":3,"born_in_chaos_v1:charmof_fury":2,"minecraft:beetroot_seeds":6,"minecraft:peony":2,"iceandfire:dragonscales_silver":44,"tombstone:essence_of_undeath":5,"minecraft:totem_of_undying":3,"minecraft:mutton":103,"alexsmobs:kangaroo_meat":7,"minecraft:white_wool":19,"minecraft:stripped_oak_log":3,"born_in_chaos_v1:black_argillite_column_slab":1,"born_in_chaos_v1:monster_flesh":53,"born_in_chaos_v1:pumpkin_staff":4,"minecraft:yellow_dye":4,"majruszsdifficulty:tattered_helmet":19,"minecraft:red_mushroom":1,"majruszsdifficulty:cloth":15,"minecraft:torchflower":1,"minecraft:oak_log":149,"mowziesmobs:wrought_axe":2,"minecraft:paper":1,"tombstone:gift":2,"minecraft:white_banner":10,"born_in_chaos_v1:soul_cutlass":5,"minecraft:stone_bricks":6,"minecraft:kelp":6,"mowziesmobs:foliaath_seed":4,"majruszsdifficulty:tattered_leggings":14,"tombstone:bag_of_seeds":10,"minecraft:glass_bottle":27,"minecraft:iron_sword":3,"iceandfire:chared_stone":40,"iceandfire:copper_nugget":204,"minecraft:smooth_basalt":23,"born_in_chaos_v1:orbofthe_summoner":3,"born_in_chaos_v1:ethereal_spirit":69,"minecraft:gravel":64,"minecraft:spruce_sapling":5,"born_in_chaos_v1:fangofthe_hound_leader":5,"minecraft:spruce_log":61,"minecraft:slime_ball":2,"minecraft:snort_pottery_sherd":1,"iceandfire:ice_dragon_flesh":19,"alexscaves:cave_map":1,"minecraft:melon_seeds":5,"minecraft:wheat":377,"minecraft:yellow_wool":1,"born_in_chaos_v1:holiday_candy":82,"alexsmobs:gazelle_horn":4,"minecraft:raw_copper":7,"minecraft:experience_bottle":5,"minecraft:bucket":4,"minecraft:calcite":15,"minecraft:iron_pickaxe":2,"born_in_chaos_v1:stimulating_decoction":2,"minecraft:iron_boots":1,"minecraft:furnace":1,"minecraft:tipped_arrow":77,"iceandfire:pixie_dust":3,"minecraft:stick":20,"iceandfire:crackled_dirt":2,"minecraft:oak_fence":6,"minecraft:torch":46,"iceandfire:dragonscales_white":9,"minecraft:porkchop":71,"fruitsdelight:lemon":2,"iceandfire:crackled_gravel":7,"minecraft:pointed_dripstone":1,"tombstone:grave_dust":204,"minecraft:diorite":11,"born_in_chaos_v1:nightmare_claw":8,"minecraft:rotten_flesh":1746,"create:asurine":45,"alexsmobs:emu_egg":2,"create:veridium":36,"minecraft:obsidian":9,"minecraft:cod":7,"minecraft:cobblestone":1140,"minecraft:pink_petals":2,"minecraft:leather_chestplate":1,"minecraft:cherry_planks":18,"minecraft:andesite":26,"minecraft:potato":128,"minecraft:tuff":18,"create:raw_zinc":15,"minecraft:light_gray_dye":3,"minecraft:acacia_boat":6,"skilltree:gem":120,"minecraft:lapis_lazuli":128,"minecraft:dirt":243,"iceandfire:dragonbone_sword_ice":1,"born_in_chaos_v1:monster_skin":52,"minecraft:leather_boots":3,"minecraft:bone":2222,"minecraft:bow":16,"minecraft:wheat_seeds":754,"minecraft:raw_gold":25,"minecraft:mossy_stone_bricks":1,"minecraft:bamboo":10,"minecraft:oak_planks":92,"minecraft:cooked_porkchop":18,"minecraft:poisonous_potato":1,"minecraft:sand":31,"hexerei:sage":6,"minecraft:mossy_cobblestone":7,"minecraft:sugar":5,"born_in_chaos_v1:fire_dust":3,"minecraft:diamond":48,"fruitsdelight:peach":8,"iceandfire:dragonbone_sword_fire":2,"minecraft:crossbow":4,"minecraft:bone_meal":5,"minecraft:emerald":51,"minecraft:oak_sapling":17,"iceandfire:tide_trident":1,"iceandfire:silver_nugget":96,"majruszsdifficulty:tattered_boots":15,"minecraft:charcoal":12,"born_in_chaos_v1:diamond_termite_shard":4,"born_in_chaos_v1:river_mint":5,"minecraft:chicken":15,"minecraft:ladder":1,"minecraft:brown_mushroom":1,"minecraft:packed_ice":3,"iceandfire:frozen_cobblestone":11,"minecraft:chain":8,"minecraft:shield":3,"minecraft:oak_trapdoor":1,"iceandfire:frozen_stone":16,"minecraft:iron_axe":2,"minecraft:item_frame":2,"minecraft:blackstone":266,"minecraft:candle":7,"minecraft:echo_shard":2,"minecraft:player_head":1,"minecraft:lectern":1,"minecraft:sugar_cane":4,"minecraft:spruce_trapdoor":1,"minecraft:phantom_membrane":39,"iceandfire:ice_dragon_heart":3,"minecraft:raw_iron":249,"iceandfire:dragonscales_gray":24,"iceandfire:dragonbone":73,"iceandfire:dragonscales_green":112,"minecraft:copper_ingot":4,"minecraft:bowl":2,"minecraft:stone_button":9,"born_in_chaos_v1:charmof_endurance":4,"minecraft:stone_pressure_plate":1,"hexerei:sage_seed":38,"minecraft:arrow":1512,"iceandfire:cyclops_eye":1,"minecraft:pumpkin_pie":4,"minecraft:saddle":2,"majruszsdifficulty:cerberus_fang":33,"born_in_chaos_v1:trident_hayfork":1,"minecraft:skeleton_skull":1,"born_in_chaos_v1:fused_bone":24,"born_in_chaos_v1:corpse_maggot":238,"minecraft:air":0,"minecraft:basalt":7,"minecraft:golden_carrot":1,"minecraft:glow_ink_sac":11,"minecraft:salmon":3,"minecraft:leather":29,"minecraft:birch_planks":4,"iceandfire:ectoplasm":2,"minecraft:cobblestone_wall":4,"minecraft:gunpowder":95,"minecraft:cobblestone_stairs":3,"minecraft:cooked_mutton":9,"minecraft:iron_ingot":53,"iceandfire:fire_dragon_flesh":16,"minecraft:acacia_sapling":1,"minecraft:book":60,"minecraft:sculk_catalyst":1,"born_in_chaos_v1:death_totem":1,"minecraft:birch_boat":1,"minecraft:pitcher_plant":1,"born_in_chaos_v1:lifestealer_bone":21,"minecraft:stone_brick_slab":1,"iceandfire:ash":1,"born_in_chaos_v1:dark_rod":22,"majruszsdifficulty:sonic_boom_scroll":1,"mowziesmobs:wrought_helmet":2,"majruszsdifficulty:bandage":1,"minecraft:white_bed":5,"minecraft:dark_oak_fence_gate":1,"minecraft:spider_eye":203,"minecraft:pumpkin_seeds":110,"minecraft:sculk_sensor":2,"minecraft:cherry_sapling":7,"minecraft:terracotta":10,"tombstone:magic_scroll":29,"majruszsdifficulty:tattered_chestplate":15,"minecraft:coal":519}},"DataVersion":3465}