{"stats":{"minecraft:custom":{"minecraft:jump":88,"minecraft:open_chest":1,"minecraft:time_since_rest":5592,"minecraft:crouch_one_cm":1,"minecraft:sprint_one_cm":4690,"minecraft:play_time":5592,"minecraft:damage_taken":60,"minecraft:time_since_death":5592,"minecraft:walk_one_cm":33540,"minecraft:sneak_time":3,"minecraft:total_world_time":5592,"minecraft:fall_one_cm":3239,"minecraft:fly_one_cm":3700,"minecraft:eat_cake_slice":2},"minecraft:mined":{"minecraft:oak_log":8,"minecraft:cake":4},"minecraft:crafted":{"minecraft:oak_planks":32},"minecraft:used":{"alexsmobs:animal_dictionary":2},"minecraft:picked_up":{"minecraft:oak_log":8,"fruitsdelight:orange":1}},"DataVersion":3465}