{"stats":{"minecraft:broken":{"minecraft:wooden_pickaxe":1,"minecraft:stone_pickaxe":4,"minecraft:wooden_axe":1},"minecraft:custom":{"minecraft:mob_kills":11,"minecraft:animals_bred":1,"minecraft:interact_with_crafting_table":23,"minecraft:open_barrel":21,"minecraft:eat_cake_slice":2,"minecraft:leave_game":1,"minecraft:time_since_death":96023,"minecraft:sprint_one_cm":161660,"minecraft:walk_one_cm":864222,"minecraft:drop":10,"minecraft:play_time":131127,"minecraft:deaths":3,"minecraft:sneak_time":8316,"minecraft:walk_under_water_one_cm":10254,"minecraft:jump":2936,"minecraft:walk_on_water_one_cm":31195,"minecraft:total_world_time":131127,"minecraft:interact_with_furnace":36,"minecraft:time_since_rest":94088,"minecraft:damage_taken":1631,"minecraft:damage_dealt":1929,"minecraft:swim_one_cm":8286,"minecraft:fly_one_cm":174714,"minecraft:open_chest":41,"minecraft:crouch_one_cm":22212,"tombstone:undead_killed":6,"minecraft:fall_one_cm":40550},"minecraft:killed":{"born_in_chaos_v1:zombie_lumberjack":1,"minecraft:skeleton":2,"born_in_chaos_v1:decrepit_skeleton":1,"alexsmobs:emu":1,"minecraft:zombie":2,"alexsmobs:maned_wolf":1,"alexsmobs:gazelle":3},"minecraft:mined":{"minecraft:tuff":1,"minecraft:white_bed":1,"minecraft:deepslate_diamond_ore":9,"minecraft:brewing_stand":1,"minecraft:granite":134,"minecraft:acacia_log":54,"minecraft:grass_block":8,"minecraft:mangrove_door":1,"minecraft:moss_block":2,"rocks:rock":2,"born_in_chaos_v1:gnawed_bones":1,"minecraft:iron_ore":67,"create:asurine":43,"minecraft:lantern":3,"minecraft:stone":143,"minecraft:cake":4,"minecraft:acacia_leaves":46,"minecraft:blackstone":115,"minecraft:crafting_table":1,"minecraft:torch":3,"minecraft:emerald_ore":1,"minecraft:calcite":12,"minecraft:dead_bush":5,"minecraft:campfire":4,"minecraft:stone_slab":2,"minecraft:tall_grass":46,"minecraft:cobblestone":3,"minecraft:deepslate_gold_ore":8,"minecraft:wall_torch":2,"minecraft:wheat":3,"minecraft:grass":100,"minecraft:oak_log":17,"minecraft:coal_ore":90,"minecraft:sand":6,"minecraft:dirt":34,"minecraft:oak_leaves":143,"minecraft:fern":10,"minecraft:deepslate":25},"minecraft:dropped":{"minecraft:moss_block":4,"minecraft:cherry_log":1,"minecraft:granite":1,"minecraft:wooden_sword":1,"minecraft:sand":3,"minecraft:bone":3,"majruszsdifficulty:bandage":14,"minecraft:stone_pickaxe":1},"minecraft:crafted":{"minecraft:wooden_sword":1,"minecraft:oak_planks":68,"minecraft:furnace":4,"minecraft:acacia_fence_gate":1,"minecraft:cooked_mutton":6,"minecraft:iron_boots":2,"minecraft:iron_axe":1,"minecraft:stone_pickaxe":5,"minecraft:chest":4,"minecraft:acacia_fence":9,"minecraft:stone_hoe":1,"minecraft:crafting_table":2,"minecraft:wooden_pickaxe":1,"minecraft:iron_helmet":2,"minecraft:iron_sword":1,"minecraft:cooked_salmon":5,"minecraft:air":0,"minecraft:iron_chestplate":2,"minecraft:shield":3,"minecraft:stick":168,"minecraft:iron_ingot":71,"minecraft:iron_pickaxe":2,"minecraft:wooden_axe":1,"minecraft:iron_leggings":2,"minecraft:acacia_planks":200,"minecraft:torch":68},"minecraft:used":{"minecraft:acacia_log":1,"minecraft:chest":4,"minecraft:iron_sword":22,"minecraft:cooked_salmon":10,"minecraft:stone_hoe":23,"minecraft:torch":71,"minecraft:dirt":42,"minecraft:granite":130,"minecraft:stone_brick_slab":1,"minecraft:wooden_axe":61,"minecraft:lantern":4,"minecraft:iron_axe":61,"born_in_chaos_v1:mint_candy":1,"minecraft:stone_bricks":1,"minecraft:furnace":4,"minecraft:acacia_fence":9,"tombstone:gift":4,"minecraft:stone_pressure_plate":1,"minecraft:cobbled_deepslate":4,"minecraft:calcite":12,"minecraft:wheat_seeds":22,"minecraft:cooked_mutton":4,"fruitsdelight:orange":1,"minecraft:stone_pickaxe":526,"minecraft:blackstone":86,"minecraft:wooden_pickaxe":57,"minecraft:sand":3,"minecraft:crafting_table":3,"minecraft:white_bed":1,"hexerei:sage_seed":3,"minecraft:iron_pickaxe":84,"create:asurine":33,"minecraft:acacia_fence_gate":1,"minecraft:wooden_sword":26,"minecraft:cobblestone":88,"majruszsdifficulty:bandage":2,"alexsmobs:animal_dictionary":2},"minecraft:picked_up":{"minecraft:charcoal":8,"minecraft:crafting_table":1,"minecraft:wheat":3,"minecraft:brewing_stand":1,"alexsmobs:gazelle_horn":2,"minecraft:iron_axe":1,"minecraft:cooked_salmon":5,"minecraft:item_frame":1,"minecraft:blackstone":112,"alexsmobs:emu_feather":1,"minecraft:cobbled_deepslate":25,"born_in_chaos_v1:gnawed_bones":1,"minecraft:calcite":12,"minecraft:stick":8,"minecraft:raw_iron":65,"minecraft:torch":5,"minecraft:acacia_log":51,"minecraft:cherry_log":1,"minecraft:stone_pressure_plate":1,"hexerei:sage_seed":4,"minecraft:arrow":2,"minecraft:rotten_flesh":1,"create:asurine":43,"alexsmobs:emu_egg":1,"minecraft:mangrove_door":1,"minecraft:mutton":15,"minecraft:cobblestone":143,"minecraft:feather":3,"minecraft:leather":5,"minecraft:tuff":1,"minecraft:oak_log":17,"skilltree:gem":37,"minecraft:dirt":43,"minecraft:lantern":4,"minecraft:bone":3,"minecraft:stone_bricks":1,"minecraft:wheat_seeds":29,"minecraft:raw_gold":8,"minecraft:moss_block":4,"fruitsdelight:orange":1,"minecraft:stone_brick_slab":1,"minecraft:sand":6,"minecraft:white_bed":1,"minecraft:diamond":9,"minecraft:granite":139,"minecraft:emerald":1,"minecraft:oak_sapling":10,"minecraft:coal":89,"rocks:cobblestone_splitter":1}},"DataVersion":3465}