{"stats":{"minecraft:broken":{"minecraft:stone_pickaxe":2,"minecraft:wooden_axe":1,"minecraft:wooden_pickaxe":1},"minecraft:custom":{"minecraft:mob_kills":4,"minecraft:interact_with_crafting_table":7,"minecraft:eat_cake_slice":2,"minecraft:leave_game":1,"minecraft:time_since_death":18023,"minecraft:time_since_rest":16088,"minecraft:sprint_one_cm":49184,"minecraft:damage_taken":1080,"minecraft:walk_one_cm":284584,"minecraft:drop":5,"minecraft:damage_dealt":962,"minecraft:fly_one_cm":84083,"minecraft:open_chest":1,"minecraft:crouch_one_cm":15346,"minecraft:play_time":53127,"tombstone:undead_killed":4,"minecraft:deaths":3,"minecraft:sneak_time":5826,"minecraft:walk_under_water_one_cm":3360,"minecraft:jump":1181,"minecraft:walk_on_water_one_cm":7844,"minecraft:total_world_time":53127,"minecraft:fall_one_cm":16812},"minecraft:killed":{"born_in_chaos_v1:zombie_lumberjack":1,"born_in_chaos_v1:decrepit_skeleton":1,"minecraft:skeleton":2},"minecraft:mined":{"minecraft:acacia_leaves":45,"minecraft:blackstone":88,"minecraft:crafting_table":1,"minecraft:torch":1,"minecraft:granite":113,"minecraft:grass_block":6,"minecraft:calcite":12,"minecraft:dead_bush":5,"minecraft:stone_slab":1,"minecraft:tall_grass":44,"minecraft:moss_block":2,"rocks:rock":2,"minecraft:iron_ore":32,"create:asurine":33,"minecraft:grass":97,"minecraft:coal_ore":76,"minecraft:oak_log":17,"minecraft:sand":6,"minecraft:dirt":34,"minecraft:stone":120,"minecraft:cake":4,"minecraft:oak_leaves":142,"minecraft:deepslate":4,"minecraft:fern":10},"minecraft:dropped":{"minecraft:moss_block":4,"minecraft:cherry_log":1,"minecraft:sand":1,"minecraft:bone":3},"minecraft:crafted":{"minecraft:wooden_sword":1,"minecraft:oak_planks":68,"minecraft:crafting_table":2,"minecraft:wooden_pickaxe":1,"minecraft:stick":32,"minecraft:stone_pickaxe":5,"minecraft:wooden_axe":1,"minecraft:torch":68,"minecraft:stone_hoe":1},"minecraft:picked_up":{"minecraft:crafting_table":1,"minecraft:oak_log":17,"skilltree:gem":23,"minecraft:dirt":41,"minecraft:bone":3,"minecraft:blackstone":86,"minecraft:wheat_seeds":24,"minecraft:cobbled_deepslate":4,"minecraft:calcite":12,"minecraft:moss_block":4,"fruitsdelight:orange":1,"minecraft:raw_iron":32,"minecraft:stick":8,"minecraft:torch":1,"minecraft:sand":6,"minecraft:cherry_log":1,"hexerei:sage_seed":4,"minecraft:arrow":2,"minecraft:rotten_flesh":1,"minecraft:granite":117,"create:asurine":33,"minecraft:oak_sapling":10,"rocks:cobblestone_splitter":1,"minecraft:coal":76,"minecraft:cobblestone":118},"minecraft:used":{"minecraft:calcite":12,"minecraft:wheat_seeds":10,"fruitsdelight:orange":1,"minecraft:stone_pickaxe":429,"minecraft:blackstone":51,"minecraft:wooden_pickaxe":57,"minecraft:stone_hoe":13,"minecraft:torch":46,"minecraft:dirt":32,"minecraft:sand":3,"minecraft:crafting_table":3,"minecraft:granite":117,"minecraft:wooden_axe":61,"hexerei:sage_seed":3,"create:asurine":29,"minecraft:wooden_sword":24,"minecraft:cobblestone":83,"majruszsdifficulty:bandage":2,"tombstone:gift":2,"alexsmobs:animal_dictionary":2,"minecraft:cobbled_deepslate":4}},"DataVersion":3465}