{"stats":{"minecraft:used":{"minecraft:acacia_log":1,"minecraft:chest":4,"minecraft:shield":23,"minecraft:iron_sword":65,"minecraft:cooked_salmon":10,"minecraft:stone_hoe":31,"minecraft:torch":126,"minecraft:dirt":45,"alexsmobs:cooked_kangaroo_meat":2,"minecraft:carrot":6,"minecraft:granite":130,"minecraft:stone_brick_slab":1,"minecraft:wooden_axe":61,"minecraft:lantern":4,"minecraft:iron_axe":61,"iceandfire:crackled_dirt":2,"born_in_chaos_v1:mint_candy":1,"minecraft:stone_bricks":1,"minecraft:furnace":4,"minecraft:acacia_fence":9,"tombstone:gift":8,"minecraft:stone_pressure_plate":1,"minecraft:cooked_beef":1,"minecraft:cobbled_deepslate":4,"minecraft:calcite":12,"minecraft:wheat_seeds":46,"minecraft:cooked_mutton":6,"fruitsdelight:orange":1,"minecraft:stone_pickaxe":526,"minecraft:blackstone":86,"minecraft:wooden_pickaxe":57,"iceandfire:crackled_stone":5,"minecraft:sand":3,"minecraft:crafting_table":3,"minecraft:white_bed":2,"hexerei:sage_seed":3,"minecraft:iron_pickaxe":489,"create:asurine":35,"minecraft:acacia_fence_gate":1,"minecraft:wooden_sword":26,"minecraft:cobblestone":141,"majruszsdifficulty:bandage":2,"minecraft:andesite":23,"alexsmobs:animal_dictionary":2},"minecraft:crafted":{"minecraft:wooden_sword":1,"minecraft:oak_planks":68,"minecraft:furnace":4,"minecraft:acacia_fence_gate":1,"minecraft:bone_meal":75,"minecraft:cooked_mutton":9,"minecraft:iron_boots":2,"minecraft:iron_axe":1,"minecraft:stone_pickaxe":5,"minecraft:chest":4,"minecraft:acacia_fence":9,"minecraft:stone_hoe":1,"minecraft:cooked_beef":1,"minecraft:crafting_table":2,"minecraft:wooden_pickaxe":1,"minecraft:iron_helmet":2,"alexsmobs:cooked_kangaroo_meat":6,"minecraft:iron_sword":1,"minecraft:cooked_salmon":5,"minecraft:air":0,"minecraft:iron_chestplate":2,"minecraft:shield":4,"minecraft:stick":168,"minecraft:iron_ingot":80,"minecraft:iron_pickaxe":2,"minecraft:wooden_axe":1,"minecraft:gold_ingot":10,"minecraft:iron_leggings":2,"minecraft:acacia_planks":200,"minecraft:torch":144},"minecraft:killed":{"born_in_chaos_v1:zombie_lumberjack":2,"born_in_chaos_v1:maggot":2,"minecraft:skeleton":2,"born_in_chaos_v1:corpse_fish":2,"alexsmobs:kangaroo":3,"born_in_chaos_v1:baby_skeleton":1,"born_in_chaos_v1:decrepit_skeleton":2,"alexsmobs:emu":1,"minecraft:zombie":2,"alexsmobs:maned_wolf":1,"alexsmobs:gazelle":3},"minecraft:picked_up":{"iceandfire:dragon_skull_lightning":1,"minecraft:charcoal":8,"minecraft:crafting_table":1,"minecraft:wheat":18,"minecraft:brewing_stand":1,"alexsmobs:gazelle_horn":2,"minecraft:raw_copper":7,"minecraft:iron_axe":1,"minecraft:cooked_salmon":5,"minecraft:item_frame":1,"minecraft:blackstone":161,"alexsmobs:emu_feather":1,"minecraft:cobbled_deepslate":25,"minecraft:beef":1,"born_in_chaos_v1:gnawed_bones":1,"minecraft:calcite":12,"minecraft:iron_pickaxe":1,"minecraft:mangrove_log":4,"minecraft:stick":8,"minecraft:raw_iron":100,"iceandfire:dragonbone":3,"iceandfire:crackled_dirt":2,"minecraft:torch":11,"minecraft:acacia_log":53,"iceandfire:crackled_gravel":7,"minecraft:cherry_log":1,"minecraft:redstone":36,"minecraft:stone_pressure_plate":1,"hexerei:sage_seed":9,"minecraft:arrow":2,"minecraft:rotten_flesh":3,"create:asurine":45,"alexsmobs:emu_egg":1,"create:veridium":31,"minecraft:mangrove_door":1,"minecraft:mutton":15,"alexsmobs:kangaroo_meat":6,"minecraft:cobblestone":238,"minecraft:feather":3,"minecraft:andesite":23,"minecraft:leather":5,"minecraft:tuff":14,"minecraft:oak_log":17,"alexsmobs:cooked_kangaroo_meat":1,"skilltree:gem":66,"minecraft:dirt":46,"minecraft:lantern":4,"minecraft:bone":6,"minecraft:stone_bricks":1,"minecraft:wheat_seeds":63,"minecraft:raw_gold":10,"minecraft:moss_block":5,"minecraft:acacia_sapling":1,"fruitsdelight:orange":1,"hexerei:animal_fat":1,"iceandfire:copper_nugget":200,"minecraft:smooth_basalt":9,"minecraft:stone_brick_slab":1,"minecraft:sand":6,"hexerei:sage":5,"minecraft:white_bed":2,"alexsmobs:kangaroo_hide":3,"minecraft:diamond":9,"iceandfire:crackled_stone":5,"minecraft:granite":179,"minecraft:emerald":1,"born_in_chaos_v1:rotten_fish":2,"minecraft:oak_sapling":10,"rocks:cobblestone_splitter":2,"minecraft:coal":154,"iceandfire:raw_silver":7},"minecraft:dropped":{"minecraft:moss_block":4,"minecraft:cherry_log":1,"minecraft:granite":1,"minecraft:wooden_sword":1,"minecraft:sand":3,"minecraft:iron_pickaxe":1,"minecraft:bone":3,"alexsmobs:cooked_kangaroo_meat":1,"majruszsdifficulty:bandage":14,"minecraft:stone_pickaxe":1},"minecraft:mined":{"minecraft:tuff":14,"minecraft:white_bed":2,"iceandfire:silver_ore":7,"minecraft:deepslate_diamond_ore":9,"minecraft:brewing_stand":1,"minecraft:glow_lichen":2,"minecraft:granite":174,"minecraft:acacia_log":54,"minecraft:grass_block":9,"minecraft:mangrove_door":1,"minecraft:moss_block":3,"rocks:rock":2,"born_in_chaos_v1:gnawed_bones":1,"minecraft:iron_ore":102,"minecraft:andesite":23,"iceandfire:crackled_dirt":2,"create:asurine":45,"minecraft:lantern":3,"create:veridium":31,"minecraft:stone":239,"minecraft:cake":4,"minecraft:deepslate_redstone_ore":8,"minecraft:acacia_leaves":46,"minecraft:blackstone":164,"minecraft:crafting_table":1,"minecraft:torch":7,"minecraft:emerald_ore":1,"minecraft:calcite":12,"minecraft:dead_bush":5,"minecraft:campfire":4,"minecraft:stone_slab":2,"minecraft:copper_ore":2,"minecraft:tall_grass":46,"minecraft:cobblestone":5,"minecraft:deepslate_gold_ore":10,"minecraft:wall_torch":3,"iceandfire:crackled_stone":5,"minecraft:wheat":19,"minecraft:grass":101,"minecraft:oak_log":17,"minecraft:coal_ore":155,"minecraft:sand":6,"minecraft:dirt":34,"minecraft:smooth_basalt":9,"hexerei:sage_crop":2,"minecraft:oak_leaves":143,"minecraft:deepslate":25,"minecraft:fern":10},"minecraft:killed_by":{"cave_dweller:cave_dweller":1},"minecraft:broken":{"minecraft:wooden_pickaxe":1,"minecraft:stone_pickaxe":4,"minecraft:iron_pickaxe":1,"minecraft:wooden_axe":1},"minecraft:custom":{"minecraft:mob_kills":21,"minecraft:animals_bred":3,"minecraft:interact_with_crafting_table":25,"minecraft:open_barrel":21,"minecraft:eat_cake_slice":2,"minecraft:leave_game":2,"minecraft:time_since_death":34658,"minecraft:sprint_one_cm":215041,"minecraft:walk_one_cm":1308692,"minecraft:damage_blocked_by_shield":513,"minecraft:drop":12,"minecraft:play_time":210204,"minecraft:deaths":7,"minecraft:sneak_time":13238,"minecraft:walk_under_water_one_cm":11490,"minecraft:jump":4293,"minecraft:walk_on_water_one_cm":40661,"minecraft:total_world_time":210204,"minecraft:interact_with_furnace":51,"minecraft:time_since_rest":34638,"minecraft:damage_taken":3266,"minecraft:damage_dealt":4084,"minecraft:swim_one_cm":15120,"minecraft:fly_one_cm":241138,"minecraft:open_chest":89,"minecraft:crouch_one_cm":34343,"tombstone:undead_killed":9,"minecraft:fall_one_cm":56700}},"DataVersion":3465}