{"stats":{"minecraft:broken":{"minecraft:stone_pickaxe":1},"minecraft:custom":{"minecraft:interact_with_furnace":36,"minecraft:mob_kills":11,"minecraft:interact_with_crafting_table":10,"minecraft:damage_dealt_resisted":10,"minecraft:leave_game":1,"minecraft:time_since_death":29252,"minecraft:climb_one_cm":3076,"minecraft:time_since_rest":29252,"minecraft:sprint_one_cm":83337,"minecraft:damage_taken":790,"minecraft:walk_one_cm":172118,"minecraft:damage_blocked_by_shield":150,"minecraft:drop":7,"minecraft:damage_dealt":1225,"minecraft:swim_one_cm":17927,"minecraft:fly_one_cm":121303,"minecraft:open_chest":27,"minecraft:crouch_one_cm":2515,"minecraft:play_time":29252,"tombstone:undead_killed":7,"minecraft:sneak_time":596,"minecraft:walk_under_water_one_cm":2203,"minecraft:jump":675,"minecraft:walk_on_water_one_cm":2713,"minecraft:total_world_time":29252,"minecraft:fall_one_cm":17827},"minecraft:killed":{"bugs_aplenty:beetle_lightgray_plain":1,"born_in_chaos_v1:baby_skeleton":1,"born_in_chaos_v1:decrepit_skeleton":1,"minecraft:skeleton":1,"minecraft:zombie":4,"born_in_chaos_v1:corpse_fly":1,"alexsmobs:fly":2},"minecraft:mined":{"minecraft:tuff":2,"minecraft:jungle_leaves":6,"minecraft:crafting_table":3,"minecraft:grass_block":4,"minecraft:decorated_pot":1,"minecraft:melon":1,"minecraft:jungle_log":6,"minecraft:copper_ore":1,"minecraft:tall_grass":21,"minecraft:oak_planks":3,"minecraft:moss_block":1,"rocks:rock":1,"minecraft:mangrove_propagule":1,"minecraft:magma_block":1,"minecraft:furnace":3,"minecraft:iron_ore":7,"minecraft:moss_carpet":1,"minecraft:pumpkin":1,"minecraft:grass":40,"minecraft:oak_log":16,"minecraft:coal_ore":49,"minecraft:vine":3,"minecraft:oak_stairs":2,"minecraft:gravel":1,"minecraft:dirt":3,"minecraft:smooth_basalt":1,"minecraft:stone":80,"minecraft:oak_leaves":23,"minecraft:fern":4},"minecraft:dropped":{"minecraft:wheat_seeds":1,"minecraft:mangrove_propagule":1,"minecraft:pumpkin_seeds":8,"minecraft:cooked_salmon":1,"minecraft:pumpkin":1,"minecraft:wooden_pickaxe":1,"minecraft:smooth_basalt":1},"minecraft:crafted":{"minecraft:oak_planks":12,"minecraft:stone_shovel":1,"minecraft:crafting_table":2,"farmersdelight:iron_knife":1,"minecraft:wooden_pickaxe":1,"minecraft:furnace":3,"minecraft:cooked_salmon":34,"minecraft:bucket":1,"minecraft:stone_axe":1,"minecraft:air":0,"minecraft:jungle_planks":24,"minecraft:charcoal":12,"minecraft:stick":28,"minecraft:iron_ingot":6,"minecraft:stone_pickaxe":2,"minecraft:stone_sword":1,"minecraft:torch":60},"minecraft:picked_up":{"born_in_chaos_v1:corpse_maggot":1,"minecraft:crafting_table":3,"minecraft:magma_block":1,"minecraft:jungle_log":6,"minecraft:salmon":7,"minecraft:light_gray_dye":1,"minecraft:tuff":1,"minecraft:oak_log":18,"skilltree:gem":3,"minecraft:dirt":15,"minecraft:bone":3,"minecraft:wheat_seeds":1,"minecraft:moss_block":1,"minecraft:melon_slice":6,"minecraft:furnace":2,"fruitsdelight:orange_sapling":2,"fruitsdelight:orange":3,"minecraft:stick":1,"minecraft:raw_iron":7,"minecraft:smooth_basalt":1,"minecraft:pumpkin":1,"minecraft:torch":1,"minecraft:gravel":1,"minecraft:arrow":1,"hexerei:sage_seed":1,"minecraft:rotten_flesh":4,"minecraft:pumpkin_seeds":8,"minecraft:decorated_pot":1,"minecraft:birch_sign":2,"minecraft:oak_sapling":4,"minecraft:mangrove_propagule":1,"minecraft:coal":58,"minecraft:cobblestone":80},"minecraft:used":{"minecraft:moss_block":1,"farmersdelight:iron_knife":2,"fruitsdelight:orange":3,"minecraft:water_bucket":2,"minecraft:stone_sword":21,"minecraft:stone_shovel":9,"minecraft:stone_pickaxe":132,"minecraft:decorated_pot":1,"minecraft:shield":2,"minecraft:wooden_pickaxe":13,"minecraft:cooked_salmon":9,"minecraft:salmon":9,"minecraft:torch":42,"minecraft:dirt":11,"fruitsdelight:orange_sapling":2,"minecraft:crafting_table":5,"minecraft:melon_slice":6,"minecraft:stone_axe":51,"minecraft:furnace":3,"minecraft:oak_sapling":3,"majruszsdifficulty:bandage":10,"minecraft:bucket":2}},"DataVersion":3465}