{"stats":{"minecraft:broken":{"minecraft:stone_pickaxe":1,"minecraft:iron_pickaxe":1,"minecraft:stone_shovel":2},"minecraft:custom":{"minecraft:mob_kills":37,"minecraft:interact_with_crafting_table":51,"minecraft:open_barrel":3,"minecraft:damage_dealt_resisted":71,"minecraft:leave_game":2,"minecraft:time_since_death":63561,"minecraft:climb_one_cm":3925,"minecraft:sprint_one_cm":324582,"minecraft:walk_one_cm":636625,"minecraft:damage_blocked_by_shield":1170,"minecraft:drop":30,"minecraft:play_time":108772,"minecraft:deaths":1,"minecraft:sneak_time":4319,"minecraft:walk_under_water_one_cm":12553,"minecraft:jump":2156,"minecraft:walk_on_water_one_cm":21729,"minecraft:total_world_time":108772,"minecraft:interact_with_furnace":78,"minecraft:interact_with_stonecutter":2,"minecraft:time_since_rest":62140,"minecraft:damage_taken":2104,"minecraft:minecart_one_cm":4871,"minecraft:damage_dealt":6367,"minecraft:swim_one_cm":46487,"minecraft:fly_one_cm":396841,"minecraft:open_chest":114,"minecraft:crouch_one_cm":28036,"tombstone:undead_killed":19,"minecraft:fall_one_cm":51237},"minecraft:killed":{"born_in_chaos_v1:zombie_lumberjack":2,"minecraft:spider":1,"born_in_chaos_v1:maggot":4,"minecraft:skeleton":3,"alexsmobs:kangaroo":1,"born_in_chaos_v1:spirit_guide":1,"bugs_aplenty:beetle_lightgray_plain":1,"minecraft:zombie_villager":1,"born_in_chaos_v1:baby_skeleton":1,"alexsmobs:rhinoceros":1,"minecraft:creeper":3,"born_in_chaos_v1:decrepit_skeleton":2,"minecraft:zombie":9,"born_in_chaos_v1:dread_hound":4,"born_in_chaos_v1:corpse_fly":1,"alexsmobs:fly":2},"minecraft:mined":{"create:zinc_ore":11,"minecraft:tuff":2,"minecraft:oak_sapling":1,"iceandfire:silver_ore":14,"minecraft:jungle_leaves":6,"minecraft:granite":2,"minecraft:acacia_log":42,"minecraft:grass_block":328,"minecraft:decorated_pot":1,"born_in_chaos_v1:black_argillite":1,"minecraft:jungle_log":6,"minecraft:moss_block":1,"rocks:rock":3,"minecraft:mangrove_propagule":1,"minecraft:hay_block":5,"minecraft:magma_block":1,"minecraft:redstone_ore":5,"minecraft:furnace":3,"minecraft:carrots":1,"rocks:acacia_stick":1,"minecraft:iron_ore":63,"minecraft:fire":15,"minecraft:andesite":30,"minecraft:pumpkin":1,"minecraft:moss_carpet":3,"minecraft:potatoes":1,"minecraft:vine":3,"minecraft:deepslate_iron_ore":3,"minecraft:oak_stairs":2,"minecraft:stone":266,"create:veridium":50,"create:limestone":1,"minecraft:acacia_leaves":28,"minecraft:crafting_table":3,"minecraft:torch":2,"minecraft:poppy":1,"minecraft:melon":1,"minecraft:chest":1,"minecraft:dead_bush":1,"minecraft:cobblestone":1,"minecraft:tall_grass":44,"minecraft:copper_ore":20,"minecraft:lapis_ore":5,"minecraft:sugar_cane":4,"minecraft:oak_planks":3,"create:cut_veridium_slab":5,"minecraft:coarse_dirt":1,"minecraft:acacia_sapling":3,"minecraft:wheat":17,"minecraft:grass":163,"minecraft:coal_ore":106,"minecraft:oak_log":23,"minecraft:gravel":5,"minecraft:dirt":71,"minecraft:smooth_basalt":1,"hexerei:sage_crop":5,"minecraft:gold_ore":4,"create:crimsite":1,"minecraft:oak_leaves":29,"minecraft:fern":4},"minecraft:dropped":{"farmersdelight:iron_knife":1,"minecraft:wheat_seeds":1,"minecraft:mangrove_propagule":2,"minecraft:cobblestone":27,"create:crimsite":1,"minecraft:acacia_log":1,"minecraft:dirt":41,"minecraft:cooked_salmon":1,"iceandfire:copper_pickaxe":1,"minecraft:pumpkin":1,"minecraft:smooth_basalt":1,"minecraft:stone_axe":1,"hexerei:sage_seed":1,"minecraft:stone_sword":1,"minecraft:stone_shovel":3,"minecraft:rotten_flesh":2,"minecraft:pumpkin_seeds":8,"minecraft:andesite":58,"born_in_chaos_v1:corpse_maggot":2,"minecraft:acacia_sapling":1,"create:limestone":1,"minecraft:light_gray_dye":1,"minecraft:stone_pickaxe":1,"minecraft:wooden_pickaxe":1},"minecraft:crafted":{"minecraft:oak_planks":36,"minecraft:stone_shovel":6,"minecraft:furnace":5,"iceandfire:armor_copper_metal_leggings":1,"minecraft:stone":3,"iceandfire:armor_copper_metal_helmet":1,"iceandfire:armor_copper_metal_boots":1,"minecraft:iron_hoe":1,"minecraft:stone_pickaxe":2,"iceandfire:armor_copper_metal_chestplate":1,"minecraft:chest":15,"iceandfire:copper_pickaxe":1,"minecraft:wheat":45,"minecraft:crafting_table":3,"farmersdelight:iron_knife":1,"minecraft:wooden_pickaxe":1,"create:cut_veridium_slab":96,"minecraft:cooked_salmon":41,"minecraft:copper_ingot":56,"minecraft:mangrove_planks":8,"minecraft:bucket":1,"minecraft:stone_axe":2,"minecraft:bread":20,"minecraft:air":0,"minecraft:jungle_planks":24,"minecraft:charcoal":12,"minecraft:stick":64,"minecraft:iron_ingot":67,"minecraft:iron_pickaxe":2,"minecraft:stone_sword":1,"minecraft:stonecutter":1,"minecraft:gold_ingot":4,"minecraft:acacia_planks":144,"minecraft:torch":140,"minecraft:mangrove_slab":12},"minecraft:picked_up":{"minecraft:crafting_table":3,"create:cut_veridium_slab":8,"born_in_chaos_v1:black_argillite":1,"minecraft:string":2,"minecraft:moss_carpet":2,"minecraft:raw_copper":56,"create:limestone":1,"minecraft:poppy":2,"minecraft:minecart":1,"minecraft:sugar_cane":4,"minecraft:melon_slice":6,"minecraft:chest":1,"minecraft:mangrove_log":2,"fruitsdelight:orange_sapling":2,"minecraft:furnace":2,"minecraft:raw_iron":67,"minecraft:stick":7,"minecraft:torch":17,"minecraft:acacia_log":42,"minecraft:carrot":1,"minecraft:redstone":22,"hexerei:sage_seed":26,"minecraft:arrow":7,"minecraft:rotten_flesh":13,"minecraft:decorated_pot":1,"minecraft:hay_block":5,"alexsmobs:emu_egg":3,"create:veridium":48,"alexsmobs:kangaroo_meat":2,"minecraft:cobblestone":286,"born_in_chaos_v1:corpse_maggot":3,"minecraft:magma_block":1,"born_in_chaos_v1:monster_flesh":3,"minecraft:salmon":7,"minecraft:jungle_log":6,"minecraft:andesite":58,"minecraft:potato":1,"minecraft:flint":1,"minecraft:tuff":1,"minecraft:light_gray_dye":2,"create:raw_zinc":11,"minecraft:oak_log":24,"minecraft:gunpowder":3,"skilltree:gem":28,"minecraft:lapis_lazuli":30,"minecraft:dirt":402,"born_in_chaos_v1:monster_skin":1,"minecraft:bone":12,"minecraft:acacia_planks":28,"farmersdelight:iron_knife":1,"minecraft:apple":1,"minecraft:wheat_seeds":36,"minecraft:raw_gold":8,"minecraft:iron_ingot":1,"minecraft:stone_pickaxe":1,"minecraft:moss_block":1,"minecraft:acacia_sapling":7,"fruitsdelight:orange":3,"minecraft:smooth_basalt":1,"minecraft:pumpkin":1,"born_in_chaos_v1:ethereal_spirit":1,"minecraft:dandelion":1,"minecraft:gravel":4,"majruszsdifficulty:bandage":7,"minecraft:bundle":1,"minecraft:pumpkin_seeds":8,"create:crimsite":1,"minecraft:granite":2,"minecraft:birch_sign":2,"minecraft:oak_sapling":5,"rocks:cobblestone_splitter":1,"minecraft:coal":114,"minecraft:mangrove_propagule":2,"iceandfire:raw_silver":14},"minecraft:used":{"alexsmobs:emu_egg":1,"minecraft:moss_block":1,"minecraft:moss_carpet":2,"minecraft:stone_sword":46,"minecraft:acacia_log":5,"minecraft:stone_shovel":452,"minecraft:poppy":2,"minecraft:decorated_pot":1,"minecraft:chest":16,"minecraft:shield":19,"born_in_chaos_v1:black_argillite":1,"minecraft:iron_sword":79,"minecraft:cooked_salmon":28,"minecraft:torch":154,"minecraft:dirt":338,"fruitsdelight:orange_sapling":2,"minecraft:carrot":3,"minecraft:acacia_sapling":6,"minecraft:iron_hoe":108,"minecraft:oak_sapling":5,"minecraft:furnace":7,"minecraft:mangrove_slab":12,"minecraft:minecart":1,"tombstone:gift":3,"minecraft:potato":2,"minecraft:acacia_planks":3,"minecraft:wheat_seeds":41,"farmersdelight:iron_knife":2,"fruitsdelight:orange":3,"minecraft:water_bucket":7,"create:cut_veridium_slab":104,"minecraft:stone_pickaxe":158,"minecraft:wooden_pickaxe":13,"minecraft:stonecutter":1,"minecraft:salmon":9,"minecraft:crafting_table":6,"hexerei:sage_seed":24,"minecraft:bread":1,"minecraft:melon_slice":6,"minecraft:iron_pickaxe":425,"minecraft:stone_axe":105,"minecraft:cobblestone":54,"majruszsdifficulty:bandage":10,"minecraft:bucket":7,"alexsmobs:animal_dictionary":1}},"DataVersion":3465}