{"stats":{"minecraft:broken":{"minecraft:stone_pickaxe":1},"minecraft:custom":{"minecraft:mob_kills":17,"minecraft:interact_with_crafting_table":22,"minecraft:open_barrel":1,"minecraft:damage_dealt_resisted":10,"minecraft:leave_game":1,"minecraft:time_since_death":14041,"minecraft:climb_one_cm":3925,"minecraft:sprint_one_cm":176687,"minecraft:walk_one_cm":339207,"minecraft:damage_blocked_by_shield":840,"minecraft:drop":25,"minecraft:play_time":59252,"minecraft:deaths":1,"minecraft:sneak_time":1736,"minecraft:walk_under_water_one_cm":9597,"minecraft:jump":1325,"minecraft:walk_on_water_one_cm":14585,"minecraft:total_world_time":59252,"minecraft:interact_with_furnace":65,"minecraft:time_since_rest":12620,"minecraft:damage_taken":1428,"minecraft:damage_dealt":2627,"minecraft:swim_one_cm":37601,"minecraft:fly_one_cm":228196,"minecraft:open_chest":56,"minecraft:crouch_one_cm":10459,"tombstone:undead_killed":10,"minecraft:fall_one_cm":34008},"minecraft:killed":{"minecraft:skeleton":3,"bugs_aplenty:beetle_lightgray_plain":1,"born_in_chaos_v1:baby_skeleton":1,"minecraft:creeper":3,"born_in_chaos_v1:decrepit_skeleton":1,"minecraft:zombie":5,"born_in_chaos_v1:corpse_fly":1,"alexsmobs:fly":2},"minecraft:mined":{"create:zinc_ore":11,"minecraft:tuff":2,"iceandfire:silver_ore":14,"minecraft:jungle_leaves":6,"minecraft:acacia_log":17,"minecraft:grass_block":129,"minecraft:decorated_pot":1,"born_in_chaos_v1:black_argillite":1,"minecraft:jungle_log":6,"minecraft:moss_block":1,"rocks:rock":2,"minecraft:mangrove_propagule":1,"minecraft:magma_block":1,"minecraft:redstone_ore":5,"minecraft:furnace":3,"minecraft:iron_ore":63,"minecraft:fire":15,"minecraft:andesite":30,"minecraft:pumpkin":1,"minecraft:moss_carpet":2,"minecraft:vine":3,"minecraft:deepslate_iron_ore":3,"minecraft:oak_stairs":2,"minecraft:stone":134,"create:veridium":21,"create:limestone":1,"minecraft:acacia_leaves":14,"minecraft:crafting_table":3,"minecraft:melon":1,"minecraft:chest":1,"minecraft:dead_bush":1,"minecraft:tall_grass":23,"minecraft:copper_ore":20,"minecraft:lapis_ore":5,"minecraft:oak_planks":3,"minecraft:grass":78,"minecraft:coal_ore":71,"minecraft:oak_log":22,"minecraft:gravel":1,"minecraft:dirt":31,"minecraft:smooth_basalt":1,"minecraft:gold_ore":4,"create:crimsite":1,"minecraft:oak_leaves":27,"minecraft:fern":4},"minecraft:dropped":{"farmersdelight:iron_knife":1,"minecraft:wheat_seeds":1,"minecraft:mangrove_propagule":2,"minecraft:cobblestone":27,"create:crimsite":1,"minecraft:acacia_log":1,"minecraft:dirt":12,"minecraft:cooked_salmon":1,"minecraft:pumpkin":1,"minecraft:smooth_basalt":1,"minecraft:stone_axe":1,"hexerei:sage_seed":1,"minecraft:stone_sword":1,"minecraft:stone_shovel":1,"minecraft:rotten_flesh":2,"minecraft:pumpkin_seeds":8,"minecraft:andesite":58,"minecraft:acacia_sapling":1,"create:limestone":1,"minecraft:light_gray_dye":1,"minecraft:stone_pickaxe":1,"minecraft:wooden_pickaxe":1},"minecraft:crafted":{"minecraft:oak_planks":12,"minecraft:stone_shovel":2,"minecraft:furnace":3,"iceandfire:armor_copper_metal_boots":1,"minecraft:iron_hoe":1,"minecraft:stone_pickaxe":2,"iceandfire:armor_copper_metal_chestplate":1,"minecraft:chest":5,"minecraft:crafting_table":2,"farmersdelight:iron_knife":1,"minecraft:wooden_pickaxe":1,"minecraft:cooked_salmon":41,"minecraft:copper_ingot":56,"minecraft:bucket":1,"minecraft:stone_axe":1,"minecraft:air":0,"minecraft:jungle_planks":24,"minecraft:charcoal":12,"minecraft:stick":48,"minecraft:iron_ingot":10,"minecraft:iron_pickaxe":1,"minecraft:stone_sword":1,"minecraft:gold_ingot":1,"minecraft:acacia_planks":64,"minecraft:torch":108},"minecraft:picked_up":{"minecraft:crafting_table":3,"born_in_chaos_v1:black_argillite":1,"minecraft:moss_carpet":1,"minecraft:raw_copper":56,"create:limestone":1,"minecraft:poppy":2,"minecraft:melon_slice":6,"minecraft:chest":1,"fruitsdelight:orange_sapling":2,"minecraft:furnace":2,"minecraft:raw_iron":67,"minecraft:stick":4,"minecraft:torch":3,"minecraft:acacia_log":17,"minecraft:redstone":22,"hexerei:sage_seed":7,"minecraft:arrow":5,"minecraft:rotten_flesh":6,"minecraft:decorated_pot":1,"create:veridium":20,"minecraft:cobblestone":155,"born_in_chaos_v1:corpse_maggot":1,"minecraft:magma_block":1,"minecraft:salmon":7,"minecraft:jungle_log":6,"minecraft:andesite":58,"minecraft:tuff":1,"minecraft:light_gray_dye":2,"create:raw_zinc":11,"minecraft:oak_log":23,"minecraft:gunpowder":3,"skilltree:gem":25,"minecraft:lapis_lazuli":30,"minecraft:dirt":173,"minecraft:bone":3,"minecraft:acacia_planks":28,"farmersdelight:iron_knife":1,"minecraft:apple":1,"minecraft:wheat_seeds":6,"minecraft:raw_gold":8,"minecraft:stone_pickaxe":1,"minecraft:moss_block":1,"minecraft:acacia_sapling":3,"fruitsdelight:orange":3,"minecraft:smooth_basalt":1,"minecraft:pumpkin":1,"minecraft:gravel":1,"majruszsdifficulty:bandage":7,"minecraft:pumpkin_seeds":8,"create:crimsite":1,"minecraft:birch_sign":2,"minecraft:oak_sapling":4,"minecraft:coal":80,"minecraft:mangrove_propagule":2,"iceandfire:raw_silver":14},"minecraft:used":{"minecraft:moss_block":1,"minecraft:moss_carpet":1,"minecraft:stone_sword":46,"minecraft:stone_shovel":188,"minecraft:poppy":2,"minecraft:decorated_pot":1,"minecraft:chest":6,"minecraft:shield":11,"born_in_chaos_v1:black_argillite":1,"minecraft:iron_sword":10,"minecraft:cooked_salmon":12,"minecraft:torch":80,"minecraft:dirt":116,"fruitsdelight:orange_sapling":2,"minecraft:carrot":2,"minecraft:acacia_sapling":2,"minecraft:iron_hoe":25,"minecraft:oak_sapling":4,"minecraft:furnace":5,"tombstone:gift":3,"minecraft:potato":1,"minecraft:acacia_planks":3,"minecraft:wheat_seeds":17,"farmersdelight:iron_knife":2,"fruitsdelight:orange":3,"minecraft:water_bucket":4,"minecraft:stone_pickaxe":158,"minecraft:wooden_pickaxe":13,"minecraft:salmon":9,"minecraft:crafting_table":5,"hexerei:sage_seed":5,"minecraft:melon_slice":6,"minecraft:iron_pickaxe":221,"minecraft:stone_axe":72,"majruszsdifficulty:bandage":10,"minecraft:bucket":4}},"DataVersion":3465}