{"stats":{"minecraft:custom":{"minecraft:interact_with_furnace":36,"minecraft:mob_kills":8,"minecraft:interact_with_crafting_table":8,"minecraft:damage_dealt_resisted":10,"minecraft:time_since_death":23706,"minecraft:climb_one_cm":537,"minecraft:time_since_rest":23706,"minecraft:sprint_one_cm":32227,"minecraft:damage_taken":540,"minecraft:walk_one_cm":131605,"minecraft:drop":2,"minecraft:damage_dealt":857,"minecraft:swim_one_cm":14367,"minecraft:fly_one_cm":18102,"minecraft:open_chest":27,"minecraft:crouch_one_cm":821,"minecraft:play_time":23706,"tombstone:undead_killed":5,"minecraft:sneak_time":401,"minecraft:walk_under_water_one_cm":1783,"minecraft:jump":295,"minecraft:walk_on_water_one_cm":2089,"minecraft:total_world_time":23706,"minecraft:fall_one_cm":4502},"minecraft:killed":{"born_in_chaos_v1:decrepit_skeleton":1,"minecraft:zombie":4,"born_in_chaos_v1:corpse_fly":1,"alexsmobs:fly":2},"minecraft:mined":{"minecraft:tuff":2,"minecraft:jungle_leaves":6,"minecraft:crafting_table":3,"minecraft:grass_block":4,"minecraft:melon":1,"minecraft:jungle_log":6,"minecraft:tall_grass":4,"minecraft:moss_block":1,"minecraft:magma_block":1,"minecraft:furnace":3,"minecraft:iron_ore":6,"minecraft:oak_log":16,"minecraft:coal_ore":49,"minecraft:vine":3,"minecraft:gravel":1,"minecraft:dirt":3,"minecraft:smooth_basalt":1,"minecraft:stone":77,"minecraft:oak_leaves":18},"minecraft:dropped":{"minecraft:wooden_pickaxe":1,"minecraft:smooth_basalt":1},"minecraft:crafted":{"minecraft:oak_planks":12,"minecraft:stone_shovel":1,"minecraft:crafting_table":1,"farmersdelight:iron_knife":1,"minecraft:wooden_pickaxe":1,"minecraft:furnace":3,"minecraft:cooked_salmon":34,"minecraft:stone_axe":1,"minecraft:air":0,"minecraft:jungle_planks":24,"minecraft:charcoal":12,"minecraft:stick":24,"minecraft:iron_ingot":6,"minecraft:stone_pickaxe":1,"minecraft:stone_sword":1,"minecraft:torch":60},"minecraft:picked_up":{"born_in_chaos_v1:corpse_maggot":1,"minecraft:magma_block":1,"minecraft:crafting_table":3,"minecraft:jungle_log":6,"minecraft:salmon":7,"minecraft:tuff":1,"minecraft:oak_log":18,"skilltree:gem":3,"minecraft:dirt":15,"minecraft:bone":1,"minecraft:melon_slice":6,"minecraft:moss_block":1,"fruitsdelight:orange_sapling":2,"minecraft:furnace":2,"fruitsdelight:orange":3,"minecraft:stick":1,"minecraft:raw_iron":6,"minecraft:smooth_basalt":1,"minecraft:torch":1,"minecraft:gravel":1,"minecraft:rotten_flesh":4,"minecraft:birch_sign":2,"minecraft:oak_sapling":3,"minecraft:coal":58,"minecraft:cobblestone":77},"minecraft:used":{"minecraft:moss_block":1,"fruitsdelight:orange":3,"minecraft:stone_sword":11,"minecraft:stone_shovel":9,"minecraft:stone_pickaxe":127,"minecraft:wooden_pickaxe":13,"minecraft:cooked_salmon":2,"minecraft:salmon":9,"minecraft:torch":13,"minecraft:dirt":6,"fruitsdelight:orange_sapling":2,"minecraft:crafting_table":3,"minecraft:melon_slice":6,"minecraft:stone_axe":43,"minecraft:oak_sapling":3,"minecraft:furnace":3,"majruszsdifficulty:bandage":9}},"DataVersion":3465}