{"stats":{"minecraft:killed_by":{"minecraft:warden":2,"minecraft:drowned":1,"iceandfire:ice_dragon":12,"iceandfire:fire_dragon":6,"minecraft:player":1,"minecraft:skeleton":3,"iceandfire:lightning_dragon":5},"minecraft:crafted":{"minecraft:oak_sign":3,"iceandfire:banner_pattern_fire":1,"minecraft:birch_boat":2,"minecraft:loom":1,"minecraft:diamond_shovel":1,"minecraft:bookshelf":5,"minecraft:cooked_mutton":45,"minecraft:glass":91,"minecraft:diamond_helmet":8,"minecraft:diamond_leggings":6,"iceandfire:dragonbone_arrow":312,"iceandfire:ambrosia":6,"iceandfire:dragonarmor_diamond_tail":2,"iceandfire:dragonarmor_diamond_neck":2,"minecraft:glass_bottle":57,"minecraft:emerald":21,"minecraft:cooked_porkchop":25,"minecraft:diamond_axe":2,"iceandfire:dragonscale_silver":6,"skilltree:toxic_quiver":1,"iceandfire:armor_red_chestplate":1,"minecraft:smithing_table":1,"iceandfire:wither_shard":63,"minecraft:lectern":3,"iceandfire:dragonbone_sword_ice":1,"usefulbackpacks:backpack_large":5,"born_in_chaos_v1:smoked_flesh":332,"iceandfire:dragonsteel_fire_helmet":2,"iceandfire:summoning_crystal_fire":1,"minecraft:iron_pickaxe":2,"minecraft:iron_block":9,"iceandfire:dragonarmor_diamond_body":2,"minecraft:gold_ingot":220,"iceandfire:dragon_horn":4,"iceandfire:dragonsteel_fire_leggings":1,"tombstone:book_of_disenchantment":10,"minecraft:diamond_hoe":2,"iceandfire:dragonforge_ice_brick":8,"iceandfire:dragon_flute":3,"minecraft:bone_meal":618,"iceandfire:dragonscale_gray":9,"iceandfire:armor_silver_chestplate":1,"minecraft:stone_pickaxe":11,"minecraft:diamond_boots":8,"minecraft:spruce_boat":3,"iceandfire:dragonsteel_fire_ingot":30,"minecraft:dark_oak_planks":208,"iceandfire:dragonsteel_fire_chestplate":2,"minecraft:wheat":810,"iceandfire:dragonbone_sword":2,"iceandfire:dragonforge_fire_input":1,"iceandfire:pixie_jar_empty":3,"minecraft:enchanted_book":25,"iceandfire:armor_red_helmet":1,"minecraft:fermented_spider_eye":3,"minecraft:wooden_axe":3,"minecraft:white_bed":10,"iceandfire:armor_bronze_leggings":1,"iceandfire:dragonforge_fire_brick":32,"minecraft:oak_planks":324,"iceandfire:armor_silver_boots":2,"iceandfire:dragonsteel_fire_axe":1,"minecraft:dark_oak_boat":1,"iceandfire:banner_pattern_fire_head":2,"usefulbackpacks:backpack_small":3,"iceandfire:dragonbone_sword_lightning":2,"tombstone:grave_key":2,"iceandfire:dragonscale_copper":2,"iceandfire:armor_gray_helmet":1,"minecraft:chest":3,"minecraft:golden_boots":1,"minecraft:white_banner":3,"minecraft:oak_slab":12,"minecraft:crafting_table":20,"minecraft:spruce_planks":372,"minecraft:wooden_pickaxe":4,"minecraft:baked_potato":494,"iceandfire:dragonarmor_diamond_head":2,"minecraft:birch_planks":28,"iceandfire:dragonbone_bow":1,"minecraft:spruce_trapdoor":2,"minecraft:paper":6,"minecraft:diamond_pickaxe":6,"iceandfire:armor_blue_leggings":1,"minecraft:yellow_dye":2,"minecraft:shield":8,"iceandfire:dragonscale_bronze":8,"minecraft:stick":736,"iceandfire:dragonsteel_fire_sword":1,"minecraft:light_blue_dye":1,"minecraft:iron_ingot":48,"minecraft:stone_sword":1,"iceandfire:dragonscale_sapphire":5,"iceandfire:dragonforge_fire_core_disabled":1,"iceandfire:armor_gray_leggings":1,"iceandfire:dragonsteel_fire_boots":2,"iceandfire:armor_blue_chestplate":2,"iceandfire:dragon_stick":4,"iceandfire:dragonscale_green":20,"minecraft:furnace":16,"minecraft:mushroom_stew":4,"minecraft:diamond_block":45,"minecraft:flint_and_steel":1,"minecraft:iron_axe":1,"usefulbackpacks:backpack_medium":3,"iceandfire:armor_bronze_chestplate":2,"iceandfire:dragon_bone_block":16,"iceandfire:armor_red_boots":1,"minecraft:cooked_beef":64,"iceandfire:dragonscale_red":8,"minecraft:sugar":25,"minecraft:red_dye":8,"minecraft:diamond_sword":4,"iceandfire:dragon_meal":75,"iceandfire:armor_bronze_boots":2,"minecraft:iron_sword":1,"minecraft:bowl":4,"minecraft:cooked_salmon":71,"minecraft:bucket":4,"minecraft:stone_axe":2,"minecraft:bread":374,"minecraft:acacia_boat":1,"minecraft:blue_dye":1,"minecraft:oak_boat":3,"iceandfire:dragonscale_blue":4,"minecraft:anvil":3,"minecraft:acacia_planks":52,"minecraft:torch":388,"iceandfire:armor_silver_helmet":1,"minecraft:diamond_chestplate":8},"minecraft:mined":{"minecraft:white_bed":73,"iceandfire:copper_pile":4,"minecraft:obsidian":18,"minecraft:granite":144,"minecraft:acacia_log":14,"minecraft:oxeye_daisy":1,"minecraft:spawner":1,"minecraft:magma_block":3,"minecraft:fire":30,"minecraft:cobbled_deepslate":77,"minecraft:moss_carpet":1,"minecraft:deepslate_lapis_ore":5,"minecraft:enchanting_table":1,"iceandfire:gold_pile":235,"minecraft:white_banner":2,"create:veridium":25,"minecraft:player_head":1,"hexerei:witch_hazel_drying_rack":2,"minecraft:brown_mushroom":30,"minecraft:crimson_nylium":5,"minecraft:smoker":4,"minecraft:powder_snow":2,"minecraft:torch":115,"born_in_chaos_v1:infected_deepslate_diamond_ore":6,"minecraft:melon":2,"minecraft:dead_bush":2,"iceandfire:sapphire_ore":1,"minecraft:sugar_cane":15,"iceandfire:crackled_stone":25,"minecraft:wheat":506,"minecraft:pitcher_plant":1,"minecraft:stone_brick_stairs":1,"minecraft:grass":153,"minecraft:smooth_basalt":32,"minecraft:red_mushroom_block":2,"minecraft:deepslate":1858,"minecraft:infested_deepslate":7,"create:zinc_ore":10,"iceandfire:silver_ore":4,"minecraft:mossy_cobblestone":7,"minecraft:dark_oak_log":53,"minecraft:spruce_fence":46,"born_in_chaos_v1:black_argillite":10,"minecraft:crimson_roots":1,"minecraft:moss_block":25,"minecraft:red_mushroom":13,"minecraft:redstone_ore":1,"minecraft:andesite":447,"minecraft:vine":3,"minecraft:bamboo":4,"minecraft:white_wool":16,"minecraft:bone_block":51,"minecraft:cake":1,"minecraft:smithing_table":2,"minecraft:soul_sand":9,"minecraft:dandelion":3,"minecraft:cornflower":2,"minecraft:emerald_ore":223,"minecraft:copper_ore":30,"minecraft:tall_grass":46,"minecraft:deepslate_gold_ore":18,"minecraft:diorite":388,"minecraft:coarse_dirt":2,"minecraft:white_carpet":17,"minecraft:spruce_log":172,"minecraft:birch_leaves":11,"iceandfire:silver_pile":3,"minecraft:gravel":91,"minecraft:cobweb":62,"minecraft:spruce_fence_gate":6,"minecraft:stone_bricks":103,"minecraft:chipped_anvil":1,"minecraft:infested_stone":5,"minecraft:fern":2,"create:deepslate_zinc_ore":14,"minecraft:spruce_planks":4,"minecraft:stone_pressure_plate":2,"minecraft:sculk_vein":12,"minecraft:brewing_stand":1,"minecraft:spruce_trapdoor":4,"minecraft:budding_amethyst":1,"minecraft:grass_block":69,"minecraft:soul_soil":92,"minecraft:frosted_ice":2,"minecraft:composter":4,"iceandfire:crackled_cobblestone":24,"minecraft:raw_iron_block":1,"minecraft:glowstone":49,"minecraft:iron_ore":47,"minecraft:black_carpet":2,"minecraft:anvil":3,"iceandfire:crackled_dirt":3,"minecraft:red_tulip":3,"minecraft:black_candle":1,"minecraft:azalea":3,"rocks:bamboo_stick":1,"iceandfire:chared_cobblestone":277,"minecraft:deepslate_redstone_ore":6,"minecraft:blackstone":798,"minecraft:clay":75,"iceandfire:dragon_ice_spikes":114,"iceandfire:ghost_chest":1,"minecraft:calcite":43,"minecraft:poppy":2,"minecraft:chest":3,"minecraft:cobblestone":173,"minecraft:oak_planks":22,"minecraft:iron_door":1,"minecraft:wall_torch":65,"minecraft:deepslate_copper_ore":7,"minecraft:birch_log":7,"minecraft:oak_log":82,"minecraft:sand":97,"minecraft:dirt":133,"minecraft:ancient_debris":6,"minecraft:netherrack":195,"minecraft:oak_leaves":3,"iceandfire:chared_stone":316,"minecraft:diamond_ore":14,"minecraft:tuff":271,"minecraft:deepslate_diamond_ore":518,"iceandfire:frozen_cobblestone":136,"iceandfire:crackled_gravel":1,"born_in_chaos_v1:infected_diamond_ore":2,"minecraft:gray_stained_glass_pane":1,"iceandfire:frozen_stone":152,"minecraft:spruce_leaves":18,"iceandfire:chared_dirt":1,"iceandfire:dragon_ice":1,"minecraft:rooted_dirt":2,"rocks:rock":1,"minecraft:sandstone":3,"minecraft:large_fern":1,"minecraft:hay_block":117,"minecraft:oak_trapdoor":2,"minecraft:furnace":16,"iceandfire:crackled_grass":1,"create:scorchia":10,"minecraft:stripped_spruce_log":11,"minecraft:bookshelf":26,"minecraft:deepslate_iron_ore":3,"minecraft:lantern":1,"minecraft:stone":3685,"minecraft:podzol":2,"minecraft:acacia_leaves":8,"minecraft:crafting_table":73,"minecraft:oak_wood":2,"minecraft:rose_bush":2,"minecraft:sculk_sensor":22,"minecraft:lectern":226,"minecraft:stone_slab":1,"minecraft:lapis_ore":7,"minecraft:sculk":640,"minecraft:spruce_stairs":3,"minecraft:birch_planks":11,"minecraft:potted_azure_bluet":1,"minecraft:coal_ore":447,"minecraft:cyan_carpet":1,"minecraft:terracotta":16},"minecraft:killed":{"minecraft:cave_spider":4,"iceandfire:hippogryph":1,"born_in_chaos_v1:zombie_lumberjack":13,"born_in_chaos_v1:restless_spirit":24,"born_in_chaos_v1:skeleton_demoman":7,"born_in_chaos_v1:door_knight_not_despawn":1,"born_in_chaos_v1:pumpkin_spirit":2,"iceandfire:stymphalian_bird":1,"born_in_chaos_v1:siamese_skeletonsright":7,"minecraft:zombie_horse":3,"born_in_chaos_v1:baby_skeleton_minion":14,"creeperoverhaul:dripstone_creeper":7,"minecraft:skeleton":290,"minecraft:chicken":2,"alexsmobs:capuchin_monkey":2,"creeperoverhaul:jungle_creeper":1,"born_in_chaos_v1:skeleton_thrasher":8,"majruszsdifficulty:creeperling":5,"creeperoverhaul:cave_creeper":2,"alexsmobs:centipede_head":3,"born_in_chaos_v1:supreme_bonescaller_stage_2":1,"bugs_aplenty:sunbeam_butterfly":2,"born_in_chaos_v1:supreme_bonescaller":1,"born_in_chaos_v1:bone_imp":6,"alexsmobs:seal":10,"minecraft:iron_golem":10,"majruszsdifficulty:tank":21,"minecraft:pillager":69,"minecraft:zombie":362,"born_in_chaos_v1:corpse_fly":40,"ribbits:ribbit":2,"iceandfire:lightning_dragon":7,"born_in_chaos_v1:door_knight":7,"iceandfire:sea_serpent":3,"minecraft:cow":60,"minecraft:evoker":8,"alexsmobs:raccoon":2,"minecraft:vindicator":37,"majruszsdifficulty:illusioner":3,"alexsmobs:seagull":1,"born_in_chaos_v1:skeleton_thrasher_not_despawn":1,"born_in_chaos_v1:firelight":7,"minecraft:horse":1,"born_in_chaos_v1:dire_hound_leader":2,"bugs_aplenty:dragonfly_auburn":1,"born_in_chaos_v1:lifestealer":1,"iceandfire:siren":7,"minecraft:warden":1,"born_in_chaos_v1:barrel_zombie":9,"born_in_chaos_v1:spiritof_chaos":2,"minecraft:husk":84,"alexsmobs:guster":1,"born_in_chaos_v1:bone_imp_minion":4,"iceandfire:cyclops":3,"minecraft:wandering_trader":1,"majruszsdifficulty:cursed_armor":2,"minecraft:ravager":6,"born_in_chaos_v1:decrepit_skeleton":67,"born_in_chaos_v1:bloody_gadfly":10,"endermanoverhaul:cave_enderman":1,"iceandfire:ghost":4,"born_in_chaos_v1:dark_vortex":4,"iceandfire:ice_dragon":16,"creeperoverhaul:savannah_creeper":1,"minecraft:enderman":6,"born_in_chaos_v1:lifestealer_true_form":4,"born_in_chaos_v1:zombie_clown":5,"minecraft:zombified_piglin":1,"minecraft:witch":13,"endermanoverhaul:mushroom_fields_enderman":3,"creeperoverhaul:beach_creeper":4,"minecraft:spider":80,"born_in_chaos_v1:scarlet_persecutor":13,"creeperoverhaul:bamboo_creeper":3,"alexsmobs:banana_slug":2,"minecraft:bee":2,"minecraft:silverfish":7,"born_in_chaos_v1:firelight_not_despawn":1,"minecraft:piglin":2,"born_in_chaos_v1:bonescaller":10,"minecraft:pig":49,"alexsmobs:grizzly_bear":1,"born_in_chaos_v1:diamond_termite":13,"minecraft:zombie_villager":14,"alexsmobs:stradpole":3,"minecraft:creeper":65,"alexsmobs:crimson_mosquito":6,"minecraft:sheep":167,"minecraft:trader_llama":2,"born_in_chaos_v1:zombie_fisherman":9,"born_in_chaos_v1:dread_hound":38,"alexsmobs:terrapin":3,"alexsmobs:sunbird":1,"minecraft:stray":92,"alexsmobs:fly":1,"iceandfire:pixie":11,"cave_dweller:cave_dweller":6,"bugs_aplenty:monarch_butterfly":1,"mowziesmobs:umvuthana_raptor":1,"born_in_chaos_v1:siamese_skeletonsleft":8,"minecraft:vex":23,"born_in_chaos_v1:missioner":5,"bugs_aplenty:hairstreak_butterfly":1,"bugs_aplenty:beetle_lightgray_striped":1,"alexsmobs:tasmanian_devil":2,"minecraft:slime":10,"born_in_chaos_v1:zombie_bruiser":12,"born_in_chaos_v1:maggot":137,"minecraft:phantom":12,"alexsmobs:blue_jay":1,"iceandfire:fire_dragon":22,"alexsmobs:soul_vulture":1,"alexsmobs:bison":1,"minecraft:drowned":11,"born_in_chaos_v1:corpse_fish":3,"majruszsdifficulty:cerberus":4,"mowziesmobs:umvuthana":3,"born_in_chaos_v1:siamese_skeletons":4,"born_in_chaos_v1:fallen_chaos_knight":5,"born_in_chaos_v1:baby_skeleton":28,"born_in_chaos_v1:swarmer":5,"creeperoverhaul:spruce_creeper":3,"iceandfire:amphithere":1,"minecraft:bat":3,"mowziesmobs:umvuthana_follower_raptor":5,"alexsmobs:emu":3,"born_in_chaos_v1:phantom_creeper_copy":2,"born_in_chaos_v1:decaying_zombie":31,"alexsmobs:cockroach":2,"alexsmobs:gazelle":1,"born_in_chaos_v1:nightmare_stalker":12,"minecraft:wither_skeleton":59,"minecraft:villager":1},"minecraft:broken":{"minecraft:golden_boots":1,"minecraft:diamond_helmet":2,"minecraft:diamond_pickaxe":3,"minecraft:diamond_leggings":1,"minecraft:shield":1,"minecraft:iron_pickaxe":3,"minecraft:stone_pickaxe":4,"minecraft:diamond_boots":3,"minecraft:wooden_axe":2},"minecraft:custom":{"minecraft:interact_with_crafting_table":385,"minecraft:open_barrel":139,"minecraft:bell_ring":2,"minecraft:eat_cake_slice":21,"minecraft:leave_game":41,"minecraft:time_since_death":427582,"minecraft:damage_blocked_by_shield":1750,"minecraft:play_time":2656914,"minecraft:deaths":107,"minecraft:jump":54369,"minecraft:enchant_item":1,"minecraft:interact_with_furnace":250,"minecraft:traded_with_villager":49,"minecraft:sleep_in_bed":74,"minecraft:damage_dealt":661714,"tombstone:use_disenchantment":10,"tombstone:undead_killed":1226,"minecraft:interact_with_smithing_table":20,"minecraft:interact_with_smoker":121,"minecraft:horse_one_cm":239041,"minecraft:use_cauldron":1,"minecraft:interact_with_anvil":85,"minecraft:damage_dealt_absorbed":560,"minecraft:sneak_time":21146,"minecraft:interact_with_lectern":4,"minecraft:interact_with_blast_furnace":4,"minecraft:total_world_time":2656914,"tombstone:raider_killed":145,"minecraft:time_since_rest":4304,"tombstone:cast_on_ally":1,"minecraft:swim_one_cm":862695,"minecraft:fly_one_cm":10672916,"minecraft:open_chest":878,"minecraft:fall_one_cm":1112006,"minecraft:animals_bred":76,"minecraft:sprint_one_cm":11092826,"minecraft:drop":1640,"minecraft:talked_to_villager":319,"minecraft:interact_with_brewingstand":7,"minecraft:walk_on_water_one_cm":525494,"minecraft:interact_with_loom":18,"minecraft:player_kills":3,"minecraft:crouch_one_cm":63855,"tombstone:villager_killed":2,"minecraft:mob_kills":2385,"minecraft:interact_with_campfire":9,"minecraft:damage_dealt_resisted":52028,"minecraft:climb_one_cm":38833,"minecraft:walk_one_cm":7578330,"tombstone:consume_soul":10,"minecraft:raid_win":3,"minecraft:walk_under_water_one_cm":250427,"minecraft:boat_one_cm":703487,"minecraft:raid_trigger":2,"minecraft:interact_with_grindstone":1,"minecraft:damage_absorbed":180,"minecraft:damage_taken":79108,"minecraft:trigger_trapped_chest":2},"minecraft:picked_up":{"minecraft:seagrass":4,"minecraft:iron_chestplate":3,"minecraft:anvil":3,"minecraft:flower_pot":1,"minecraft:prismarine_shard":16,"minecraft:stone_slab":1,"minecraft:smithing_table":2,"minecraft:lead":2,"minecraft:diamond_sword":1,"minecraft:enchanted_book":8,"minecraft:brewing_stand":1,"iceandfire:manuscript":2,"minecraft:string":316,"minecraft:soul_soil":70,"minecraft:beetroot":1,"minecraft:diamond_leggings":2,"minecraft:gold_nugget":2373,"minecraft:cobbled_deepslate":2075,"born_in_chaos_v1:charmof_power":1,"minecraft:spruce_planks":11,"iceandfire:dragonforge_ice_brick":5,"minecraft:melon_slice":9,"minecraft:golden_helmet":1,"born_in_chaos_v1:shattered_skull":7,"minecraft:composter":5,"iceandfire:dragonarmor_diamond_neck":1,"minecraft:acacia_log":13,"born_in_chaos_v1:pileof_dark_metal":1,"iceandfire:lightning_dragon_flesh":32,"minecraft:cherry_log":4,"rocks:sandstone_splitter":1,"alexsmobs:centipede_leg":2,"minecraft:stone_sword":3,"farmersdelight:onion":1,"iceandfire:fire_dragon_heart":18,"minecraft:red_tulip":3,"minecraft:carved_pumpkin":1,"majruszsdifficulty:undead_army_treasure_bag":8,"minecraft:birch_log":13,"iceandfire:dragonscales_black":11,"iceandfire:sapphire_gem":6,"minecraft:magma_block":3,"minecraft:feather":3,"minecraft:cooked_beef":3,"minecraft:iron_door":1,"born_in_chaos_v1:spiritual_dust":6,"minecraft:water_bucket":2,"minecraft:jungle_log":3,"minecraft:dark_oak_boat":1,"minecraft:smoker":4,"hexerei:witch_hazel_drying_rack":1,"minecraft:flint":26,"minecraft:lantern":5,"minecraft:chipped_anvil":1,"majruszsdifficulty:golden_bandage":12,"minecraft:diamond_helmet":1,"minecraft:glowstone_dust":121,"minecraft:moss_block":22,"hexerei:animal_fat":138,"iceandfire:dragonscales_sapphire":57,"iceandfire:dragon_skull_fire":21,"iceandfire:shiny_scales":24,"iceandfire:stymphalian_bird_feather":2,"minecraft:stripped_spruce_log":10,"minecraft:ink_sac":1,"iceandfire:lightning_dragon_heart":5,"minecraft:dark_oak_log":55,"minecraft:barrel":3,"iceandfire:chared_cobblestone":279,"minecraft:bundle":15,"iceandfire:crackled_stone":27,"iceandfire:dragonegg_blue":2,"minecraft:granite":144,"iceandfire:dragonbone_bow":1,"minecraft:bread":6,"minecraft:rooted_dirt":2,"alexsmobs:maggot":4,"born_in_chaos_v1:rotten_fish":14,"iceandfire:raw_silver":6,"rocks:cobblestone_splitter":2,"minecraft:diamond_pickaxe":8,"iceandfire:dragon_skull_lightning":7,"minecraft:coarse_dirt":2,"minecraft:crafting_table":73,"iceandfire:witherbone":26,"minecraft:clay_ball":296,"born_in_chaos_v1:seedof_chaos":12,"minecraft:leather_leggings":1,"iceandfire:dragonbone_arrow":19,"born_in_chaos_v1:charmof_resistance":3,"minecraft:fire_coral":1,"minecraft:cornflower":2,"iceandfire:frozen_splinters":1,"iceandfire:dragonegg_silver":1,"minecraft:flint_and_steel":2,"alexsmobs:pigshoes":1,"born_in_chaos_v1:intoxicating_decoction":9,"create:scorchia":10,"minecraft:white_carpet":19,"minecraft:beef":129,"born_in_chaos_v1:gnawed_bones":11,"minecraft:iron_nugget":25,"minecraft:poppy":7,"minecraft:spruce_slab":1,"iceandfire:dragonscales_electric":78,"minecraft:chest":5,"minecraft:egg":4,"minecraft:sandstone":3,"minecraft:stone":2,"minecraft:oak_door":1,"rocks:soul_soil_splitter":1,"minecraft:spruce_fence":45,"minecraft:fire_charge":2,"born_in_chaos_v1:pieceofdarkmetal":65,"minecraft:carrot":4,"minecraft:redstone":39,"minecraft:prismarine_crystals":23,"iceandfire:dragon_skull_ice":17,"minecraft:diamond_chestplate":2,"born_in_chaos_v1:wood_splitter_axe":1,"minecraft:diamond_boots":1,"iceandfire:dragonscales_silver":189,"minecraft:hay_block":118,"majruszsdifficulty:soul_jar":1,"minecraft:gold_ingot":1,"tombstone:essence_of_undeath":4,"minecraft:totem_of_undying":6,"skilltree:toxic_quiver":1,"minecraft:glow_berries":5,"minecraft:mutton":414,"minecraft:rail":1,"minecraft:white_wool":155,"minecraft:bone_block":51,"minecraft:oxeye_daisy":1,"iceandfire:sea_serpent_fang":7,"born_in_chaos_v1:monster_flesh":31,"minecraft:red_mushroom":27,"majruszsdifficulty:tattered_helmet":15,"minecraft:oak_log":113,"minecraft:ancient_debris":6,"minecraft:golden_boots":1,"iceandfire:dragonscales_blue":178,"minecraft:white_banner":13,"tombstone:gift":2,"minecraft:apple":3,"minecraft:stone_bricks":103,"majruszsdifficulty:tattered_leggings":9,"minecraft:spore_blossom":2,"born_in_chaos_v1:smoked_flesh":41,"minecraft:cobweb":13,"tombstone:bag_of_seeds":10,"minecraft:glass_bottle":15,"minecraft:iron_sword":1,"iceandfire:chared_stone":301,"iceandfire:copper_nugget":220,"minecraft:smooth_basalt":31,"minecraft:sweet_berries":36,"iceandfire:dragonsteel_fire_sword":1,"born_in_chaos_v1:orbofthe_summoner":1,"born_in_chaos_v1:ethereal_spirit":58,"minecraft:gravel":65,"iceandfire:cyclops_skull":1,"hexerei:witch_hazel_stairs":1,"minecraft:spruce_sapling":2,"born_in_chaos_v1:fangofthe_hound_leader":1,"minecraft:spruce_log":171,"minecraft:crying_obsidian":1,"minecraft:leather_helmet":1,"iceandfire:dragonscales_copper":72,"tombstone:scroll_of_true_sight":1,"minecraft:oak_wood":2,"minecraft:slime_ball":6,"minecraft:stone_axe":1,"minecraft:diamond_axe":1,"iceandfire:ice_dragon_flesh":91,"minecraft:baked_potato":34,"minecraft:ender_pearl":8,"minecraft:wheat":539,"minecraft:black_carpet":2,"minecraft:potion":1,"tombstone:grave_key":1,"minecraft:stone_brick_stairs":1,"born_in_chaos_v1:bloody_gadfly_eye":1,"born_in_chaos_v1:holiday_candy":91,"born_in_chaos_v1:black_argillite":9,"minecraft:raw_copper":207,"minecraft:experience_bottle":1,"minecraft:sea_pickle":2,"alexsmobs:blood_sac":3,"minecraft:bucket":2,"minecraft:rose_bush":2,"iceandfire:wither_shard":24,"minecraft:calcite":43,"minecraft:azalea":3,"minecraft:iron_pickaxe":1,"alexsmobs:raccoon_tail":1,"born_in_chaos_v1:stimulating_decoction":3,"iceandfire:dragonscales_red":194,"minecraft:iron_boots":3,"minecraft:furnace":15,"minecraft:tipped_arrow":39,"iceandfire:pixie_dust":20,"minecraft:stick":23,"iceandfire:ghost_chest":1,"iceandfire:crackled_dirt":3,"minecraft:oak_fence":1,"minecraft:torch":205,"iceandfire:dragonscales_white":7,"minecraft:spruce_stairs":6,"minecraft:porkchop":119,"iceandfire:crackled_gravel":2,"tombstone:grave_dust":145,"fruitsdelight:lemon":1,"minecraft:pointed_dripstone":9,"minecraft:diorite":449,"born_in_chaos_v1:nightmare_claw":9,"iceandfire:dragonarmor_diamond_head":1,"minecraft:rotten_flesh":550,"fruitsdelight:cranberry":2,"iceandfire:dragonegg_bronze":2,"iceandfire:crackled_grass":1,"alexsmobs:emu_egg":1,"create:veridium":25,"minecraft:obsidian":20,"minecraft:cobblestone":3901,"minecraft:enchanting_table":1,"minecraft:andesite":448,"minecraft:potato":73,"minecraft:light_gray_dye":1,"create:raw_zinc":34,"minecraft:tuff":241,"minecraft:horn_coral":2,"minecraft:wither_skeleton_skull":4,"skilltree:gem":205,"minecraft:lapis_lazuli":97,"minecraft:dirt":238,"iceandfire:dragonscales_bronze":230,"iceandfire:dragonbone_sword_ice":4,"born_in_chaos_v1:monster_skin":24,"minecraft:leather_boots":1,"minecraft:mangrove_fence":3,"minecraft:glass":2,"minecraft:bone":686,"hexerei:wax_blend":6,"minecraft:bow":12,"minecraft:wheat_seeds":1327,"minecraft:raw_gold":20,"minecraft:bamboo":37,"minecraft:oak_planks":26,"minecraft:sand":99,"minecraft:grass_block":1,"minecraft:spectral_arrow":11,"minecraft:mossy_cobblestone":22,"iceandfire:dragonegg_red":2,"minecraft:spruce_fence_gate":6,"born_in_chaos_v1:fire_dust":7,"minecraft:diamond":648,"minecraft:spruce_boat":3,"iceandfire:dragonbone_sword_fire":2,"iceandfire:dragon_ice":2,"minecraft:crossbow":2,"minecraft:bone_meal":10,"minecraft:emerald":483,"alexsmobs:banana_slug_slime":2,"minecraft:oak_sapling":13,"minecraft:netherrack":198,"iceandfire:silver_nugget":645,"minecraft:charcoal":1,"majruszsdifficulty:tattered_boots":13,"minecraft:mud_brick_slab":6,"born_in_chaos_v1:diamond_termite_shard":12,"minecraft:allium":3,"minecraft:azure_bluet":1,"born_in_chaos_v1:river_mint":2,"minecraft:brown_mushroom":42,"iceandfire:frozen_cobblestone":128,"minecraft:chain":19,"minecraft:shield":3,"minecraft:moss_carpet":11,"iceandfire:frozen_stone":151,"minecraft:iron_axe":2,"minecraft:item_frame":3,"minecraft:cyan_carpet":1,"minecraft:blackstone":710,"minecraft:oak_boat":5,"minecraft:player_head":3,"minecraft:light_gray_wool":1,"minecraft:lectern":226,"minecraft:sugar_cane":31,"minecraft:phantom_membrane":26,"iceandfire:ice_dragon_heart":12,"minecraft:spruce_trapdoor":4,"minecraft:dark_oak_sapling":1,"minecraft:raw_iron":80,"iceandfire:dragonscales_green":287,"iceandfire:dragonbone":859,"iceandfire:dragonscales_gray":252,"minecraft:bowl":13,"iceandfire:dragonarmor_diamond_tail":1,"minecraft:stone_button":2,"iceandfire:dragonegg_amythest":1,"born_in_chaos_v1:charmof_endurance":1,"minecraft:brown_dye":1,"minecraft:stone_pressure_plate":2,"hexerei:sage_seed":33,"minecraft:arrow":387,"iceandfire:cyclops_eye":3,"minecraft:pink_tulip":2,"minecraft:saddle":5,"born_in_chaos_v1:fused_bone":8,"mowziesmobs:umvuthana_mask_fury":1,"born_in_chaos_v1:corpse_maggot":86,"minecraft:salmon":1,"minecraft:glow_ink_sac":10,"minecraft:leather":112,"minecraft:birch_planks":11,"minecraft:crimson_fungus":1,"minecraft:chainmail_chestplate":1,"iceandfire:ectoplasm":4,"iceandfire:dragonegg_gray":1,"minecraft:gunpowder":53,"hexerei:pestle_and_mortar":2,"minecraft:iron_ingot":62,"minecraft:cooked_chicken":3,"minecraft:acacia_sapling":3,"iceandfire:sea_serpent_scales_deepblue":4,"mowziesmobs:umvuthana_mask_misery":1,"iceandfire:fire_dragon_flesh":127,"minecraft:soul_sand":31,"iceandfire:crackled_cobblestone":42,"minecraft:book":100,"minecraft:sculk_catalyst":9,"iceandfire:dragon_horn":3,"minecraft:birch_boat":1,"minecraft:pitcher_plant":1,"born_in_chaos_v1:lifestealer_bone":8,"iceandfire:ash":3,"minecraft:dandelion":4,"minecraft:raw_iron_block":1,"born_in_chaos_v1:dark_rod":2,"majruszsdifficulty:sonic_boom_scroll":2,"majruszsdifficulty:bandage":9,"minecraft:white_bed":74,"minecraft:spider_eye":28,"usefulbackpacks:backpack_large":4,"mowziesmobs:naga_fang":1,"minecraft:iron_helmet":2,"minecraft:terracotta":16,"tombstone:magic_scroll":15,"minecraft:black_wool":4,"majruszsdifficulty:tattered_chestplate":6,"minecraft:coal":893},"minecraft:used":{"minecraft:moss_block":1,"iceandfire:dragonforge_fire_input":1,"minecraft:spruce_slab":1,"minecraft:chest":4,"minecraft:soul_sand":2,"majruszsdifficulty:golden_bandage":13,"minecraft:spruce_boat":6,"born_in_chaos_v1:smoked_flesh":320,"minecraft:lava_bucket":5,"iceandfire:crackled_gravel":1,"minecraft:bow":2,"minecraft:sweet_berries":37,"minecraft:dark_oak_boat":2,"iceandfire:chared_stone":114,"minecraft:furnace":22,"minecraft:egg":2,"minecraft:potato":34,"iceandfire:frozen_cobblestone":19,"minecraft:diorite":100,"minecraft:blackstone":66,"iceandfire:dragonbone_sword_ice":1818,"minecraft:wooden_pickaxe":64,"minecraft:composter":1,"born_in_chaos_v1:holiday_candy":6,"minecraft:cyan_carpet":1,"minecraft:lectern":222,"iceandfire:chared_cobblestone":23,"minecraft:diamond_sword":850,"minecraft:smithing_table":2,"iceandfire:dragon_bone_block":16,"minecraft:oak_boat":8,"iceandfire:dragonforge_ice_brick":13,"minecraft:stone_sword":12,"minecraft:enchanting_table":1,"minecraft:cooked_salmon":68,"minecraft:netherrack":90,"minecraft:torch":634,"minecraft:anvil":6,"minecraft:chipped_anvil":1,"minecraft:rooted_dirt":1,"minecraft:iron_axe":13,"iceandfire:dragon_ice":2,"minecraft:beef":12,"tombstone:gift":9,"minecraft:cobbled_deepslate":558,"minecraft:acacia_planks":1,"minecraft:wheat_seeds":697,"minecraft:water_bucket":97,"minecraft:birch_planks":12,"iceandfire:crackled_stone":22,"minecraft:salmon":1,"minecraft:crafting_table":85,"minecraft:white_bed":81,"minecraft:oak_log":2,"minecraft:diamond_pickaxe":10776,"majruszsdifficulty:undead_army_treasure_bag":13,"minecraft:diamond_shovel":176,"minecraft:iron_pickaxe":668,"iceandfire:dragonbone_sword_fire":168,"iceandfire:dragon_horn":77,"tombstone:magic_scroll":1,"majruszsdifficulty:pillager_treasure_bag":2,"minecraft:spruce_trapdoor":6,"iceandfire:crackled_cobblestone":1,"minecraft:cobblestone":2240,"minecraft:potion":9,"majruszsdifficulty:warden_treasure_bag":2,"minecraft:porkchop":5,"minecraft:cooked_porkchop":25,"minecraft:oak_sign":1,"minecraft:diamond_hoe":38,"minecraft:shield":379,"minecraft:iron_sword":52,"minecraft:sculk_sensor":1,"minecraft:mutton":8,"hexerei:witch_hazel_stairs":1,"iceandfire:frozen_stone":42,"minecraft:tuff":21,"minecraft:obsidian":15,"minecraft:glass":1,"iceandfire:dragonsteel_fire_sword":631,"born_in_chaos_v1:gnawed_bones":1,"minecraft:stone_bricks":34,"minecraft:item_frame":3,"minecraft:diamond_boots":1,"minecraft:stone_pickaxe":748,"minecraft:oak_planks":48,"minecraft:diamond_axe":584,"minecraft:loom":1,"minecraft:mushroom_stew":4,"iceandfire:dragonbone_sword_lightning":37,"iceandfire:dragonsteel_fire_axe":2,"minecraft:dark_oak_log":1,"minecraft:melon_slice":9,"minecraft:bread":255,"tombstone:grave_key":11,"iceandfire:ice_dragon_flesh":3,"iceandfire:dragon_skull_fire":2,"minecraft:andesite":170,"iceandfire:dragonegg_red":1,"minecraft:coarse_dirt":2,"minecraft:bone_meal":263,"minecraft:cobweb":5,"minecraft:experience_bottle":15,"minecraft:flint_and_steel":2,"minecraft:spruce_planks":60,"minecraft:cooked_chicken":3,"minecraft:oak_door":1,"minecraft:dirt":13,"minecraft:white_carpet":19,"minecraft:granite":89,"minecraft:spruce_fence":9,"minecraft:wooden_axe":67,"iceandfire:dragonforge_fire_core_disabled":1,"iceandfire:dragonforge_fire_brick":17,"minecraft:soul_soil":28,"minecraft:cooked_beef":57,"minecraft:cooked_mutton":28,"minecraft:acacia_boat":1,"iceandfire:fire_dragon_flesh":14,"fruitsdelight:cranberry":2,"minecraft:glass_bottle":1,"minecraft:baked_potato":421,"iceandfire:crackled_grass":1,"minecraft:birch_boat":2,"minecraft:terracotta":16,"iceandfire:dragonsteel_fire_leggings":3,"minecraft:smoker":3,"tombstone:bag_of_seeds":1,"iceandfire:ambrosia":2,"iceandfire:dragonbone_bow":128,"minecraft:stone_axe":49,"iceandfire:dragonsteel_fire_helmet":2,"minecraft:white_banner":2,"majruszsdifficulty:bandage":29,"minecraft:bucket":103},"minecraft:dropped":{"iceandfire:chared_stone":63,"iceandfire:dragonarmor_diamond_head":1,"minecraft:iron_sword":2,"hexerei:wax_blend":6,"iceandfire:raw_silver":6,"minecraft:lapis_lazuli":23,"minecraft:porkchop":4,"minecraft:cooked_beef":1,"minecraft:glow_ink_sac":10,"minecraft:diamond":7,"minecraft:spore_blossom":2,"minecraft:crafting_table":4,"hexerei:pestle_and_mortar":2,"minecraft:crossbow":3,"majruszsdifficulty:sonic_boom_scroll":1,"minecraft:glow_berries":5,"minecraft:rooted_dirt":1,"iceandfire:ectoplasm":4,"minecraft:saddle":2,"born_in_chaos_v1:pieceofdarkmetal":30,"born_in_chaos_v1:nightmare_claw":6,"minecraft:rail":1,"minecraft:leather_helmet":1,"minecraft:red_mushroom":15,"minecraft:emerald":1,"born_in_chaos_v1:monster_flesh":26,"minecraft:dirt":256,"minecraft:stone_button":2,"iceandfire:armor_red_boots":1,"create:scorchia":10,"iceandfire:dragon_horn":5,"minecraft:horn_coral":2,"minecraft:chain":7,"minecraft:gold_nugget":194,"minecraft:bone_meal":115,"minecraft:phantom_membrane":10,"minecraft:sand":4,"iceandfire:fire_dragon_blood":1,"minecraft:iron_pickaxe":2,"majruszsdifficulty:tattered_leggings":8,"minecraft:dark_oak_planks":1,"alexsmobs:raccoon_tail":1,"minecraft:white_wool":55,"minecraft:bone":533,"usefulbackpacks:backpack_large":2,"majruszsdifficulty:cloth":54,"alexsmobs:centipede_leg":2,"minecraft:stone_axe":3,"minecraft:diamond_block":1,"minecraft:iron_nugget":25,"tombstone:scroll_of_aquatic_life":1,"minecraft:cobbled_deepslate":1137,"alexsmobs:animal_dictionary":1,"minecraft:black_carpet":2,"minecraft:wheat":29,"iceandfire:sea_serpent_scales_deepblue":4,"minecraft:obsidian":4,"tombstone:gift":7,"minecraft:rotten_flesh":311,"born_in_chaos_v1:smoked_flesh":2,"alexsmobs:emu_egg":1,"minecraft:azure_bluet":1,"minecraft:white_bed":1,"iceandfire:crackled_gravel":1,"minecraft:salmon":1,"iceandfire:dragonscales_blue":7,"minecraft:mangrove_fence":3,"iceandfire:shiny_scales":13,"iceandfire:armor_gray_leggings":1,"iceandfire:sapphire_gem":5,"alexsmobs:blood_sac":3,"minecraft:tipped_arrow":33,"born_in_chaos_v1:fangofthe_hound_leader":1,"minecraft:charcoal":1,"minecraft:jungle_log":2,"minecraft:acacia_sapling":1,"minecraft:leather_boots":1,"iceandfire:crackled_cobblestone":38,"minecraft:leather_leggings":1,"minecraft:glass":11,"minecraft:beef":6,"iceandfire:ice_dragon_blood":15,"iceandfire:armor_bronze_leggings":1,"iceandfire:manuscript":2,"minecraft:egg":1,"farmersdelight:tomato_seeds":1,"minecraft:enchanted_book":13,"minecraft:golden_boots":1,"minecraft:iron_ingot":28,"born_in_chaos_v1:intoxicating_decoction":5,"born_in_chaos_v1:shattered_skull":4,"iceandfire:dragonarmor_diamond_body":1,"minecraft:wheat_seeds":86,"minecraft:prismarine_crystals":6,"minecraft:feather":3,"born_in_chaos_v1:holiday_candy":91,"minecraft:cobblestone":728,"majruszsdifficulty:soul_jar":7,"iceandfire:dragon_stick":2,"minecraft:apple":2,"minecraft:granite":55,"skilltree:toxic_quiver":1,"born_in_chaos_v1:charmof_endurance":1,"minecraft:coal":80,"minecraft:oxeye_daisy":1,"born_in_chaos_v1:gnawed_bones":5,"iceandfire:armor_red_helmet":1,"born_in_chaos_v1:black_argillite":8,"minecraft:ink_sac":1,"iceandfire:copper_nugget":132,"minecraft:wooden_axe":1,"skilltree:gem":163,"minecraft:cooked_salmon":20,"minecraft:diamond_helmet":4,"minecraft:white_banner":8,"iceandfire:dragonsteel_fire_sword":1,"minecraft:paper":3,"minecraft:string":269,"minecraft:acacia_planks":26,"create:raw_zinc":22,"minecraft:spruce_sapling":2,"minecraft:pink_tulip":2,"iceandfire:frozen_cobblestone":28,"iceandfire:silver_nugget":353,"iceandfire:dragonscales_gray":5,"minecraft:moss_carpet":4,"hexerei:animal_fat":114,"hexerei:sage_seed":34,"minecraft:soul_soil":15,"minecraft:player_head":3,"minecraft:pitcher_plant":1,"minecraft:stone_sword":3,"minecraft:cocoa_beans":1,"minecraft:bowl":3,"iceandfire:dragonegg_silver":1,"alexsmobs:pigshoes":1,"born_in_chaos_v1:rotten_fish":12,"iceandfire:armor_bronze_boots":1,"iceandfire:dragonegg_amythest":1,"minecraft:clay_ball":220,"minecraft:iron_boots":3,"iceandfire:ambrosia":4,"iceandfire:dragon_skull_ice":1,"minecraft:stone_slab":1,"iceandfire:armor_bronze_chestplate":1,"minecraft:spruce_fence":36,"minecraft:torchflower_seeds":3,"minecraft:oak_sign":2,"minecraft:diamond_sword":2,"minecraft:potato":37,"minecraft:hay_block":15,"minecraft:flower_pot":1,"minecraft:sea_pickle":2,"minecraft:allium":3,"iceandfire:frozen_splinters":1,"majruszsdifficulty:bandage":87,"minecraft:bundle":9,"minecraft:spruce_planks":74,"minecraft:diamond_pickaxe":7,"iceandfire:dragonbone_arrow":177,"minecraft:barrel":2,"minecraft:stone_bricks":3,"minecraft:spider_eye":19,"born_in_chaos_v1:charmof_resistance":1,"minecraft:bamboo":26,"minecraft:light_gray_dye":1,"minecraft:bow":8,"iceandfire:dragonbone_sword_lightning":2,"iceandfire:crackled_stone":4,"minecraft:magma_block":3,"iceandfire:sea_serpent_fang":7,"minecraft:black_wool":4,"minecraft:candle":8,"minecraft:soul_sand":23,"minecraft:moss_block":21,"minecraft:brown_mushroom":5,"minecraft:birch_planks":11,"alexsmobs:banana_slug_slime":2,"minecraft:oak_log":2,"minecraft:baked_potato":82,"iceandfire:dragonscales_silver":95,"minecraft:ender_pearl":1,"minecraft:dark_oak_sapling":1,"iceandfire:ice_dragon_flesh":7,"majruszsdifficulty:tattered_helmet":12,"iceandfire:fire_dragon_flesh":7,"minecraft:lantern":3,"minecraft:leather":27,"minecraft:flint":15,"tombstone:bag_of_seeds":7,"rocks:cobblestone_splitter":2,"minecraft:dark_oak_log":2,"born_in_chaos_v1:monster_skin":16,"minecraft:cornflower":1,"minecraft:mutton":16,"minecraft:coast_armor_trim_smithing_template":1,"minecraft:seagrass":4,"majruszsdifficulty:tattered_boots":13,"iceandfire:dragonscales_red":2,"farmersdelight:onion":1,"iceandfire:ash":2,"minecraft:birch_log":3,"iceandfire:armor_gray_helmet":1,"minecraft:gold_ingot":22,"minecraft:gravel":58,"majruszsdifficulty:tattered_chestplate":5,"minecraft:crimson_fungus":1,"minecraft:blackstone":619,"born_in_chaos_v1:fire_dust":7,"born_in_chaos_v1:ethereal_spirit":26,"minecraft:pointed_dripstone":4,"iceandfire:frozen_stone":26,"minecraft:cooked_mutton":17,"minecraft:carrot":4,"minecraft:poppy":3,"born_in_chaos_v1:seedof_chaos":1,"minecraft:gunpowder":33,"iceandfire:dragonscale_silver":4,"iceandfire:armor_silver_boots":1,"born_in_chaos_v1:corpse_maggot":44,"iceandfire:dragonarmor_diamond_tail":1,"minecraft:azalea":2,"iceandfire:pixie_dust":3,"minecraft:chest":3,"born_in_chaos_v1:diamond_termite_shard":11,"minecraft:arrow":465,"minecraft:netherrack":30,"mowziesmobs:umvuthana_mask_fury":1,"born_in_chaos_v1:dark_rod":2,"fruitsdelight:lemon":1,"minecraft:bread":6,"iceandfire:dragonscales_sapphire":12,"born_in_chaos_v1:wood_splitter_axe":1,"minecraft:golden_helmet":1,"minecraft:cherry_log":3,"minecraft:mossy_cobblestone":21,"mowziesmobs:foliaath_seed":2,"minecraft:diamond_leggings":5,"minecraft:prismarine_shard":12,"minecraft:lead":2,"minecraft:spruce_stairs":4,"minecraft:grass_block":1,"minecraft:spruce_fence_gate":6,"minecraft:stick":23,"iceandfire:dragon_flute":2,"minecraft:diorite":100,"born_in_chaos_v1:river_mint":2,"iceandfire:crackled_dirt":2,"tombstone:magic_scroll":5,"minecraft:torch":81,"tombstone:grave_key":8,"born_in_chaos_v1:fused_bone":4,"tombstone:grave_dust":73,"iceandfire:armor_silver_chestplate":1,"minecraft:iron_leggings":1,"born_in_chaos_v1:lifestealer_bone":4,"iceandfire:ice_dragon_heart":1,"minecraft:iron_axe":3,"minecraft:raw_iron_block":1,"minecraft:bucket":1,"minecraft:dandelion":2,"iceandfire:dragonbone":12,"minecraft:smooth_basalt":6,"minecraft:redstone":14,"iceandfire:armor_red_chestplate":1,"iceandfire:dragonscale_sapphire":1,"minecraft:sweet_berries":1,"alexsmobs:maggot":4,"minecraft:brown_dye":1,"hexerei:witch_hazel_drying_rack":1,"minecraft:raw_copper":120,"minecraft:tuff":201,"minecraft:composter":3,"minecraft:raw_iron":32,"iceandfire:dragonegg_blue":1,"minecraft:wither_skeleton_skull":2,"minecraft:light_gray_wool":1,"iceandfire:dragonbone_sword_fire":1,"iceandfire:dragonbone_sword_ice":2,"born_in_chaos_v1:spiritual_dust":1,"minecraft:totem_of_undying":1,"minecraft:shield":5,"minecraft:diamond_chestplate":4,"mowziesmobs:umvuthana_mask_misery":1,"iceandfire:chared_cobblestone":121,"minecraft:iron_chestplate":1,"minecraft:andesite":88,"minecraft:fire_coral":1,"minecraft:oak_sapling":14,"iceandfire:dragonbone_bow":1,"tombstone:essence_of_undeath":3,"minecraft:spruce_log":2,"minecraft:diamond_boots":3,"minecraft:slime_ball":4,"minecraft:stone_pickaxe":5,"minecraft:wooden_pickaxe":3,"minecraft:raw_gold":5,"minecraft:calcite":21,"iceandfire:dragonarmor_diamond_neck":1}},"DataVersion":3465}