{"stats":{"minecraft:custom":{"minecraft:time_since_rest":8895,"minecraft:crouch_one_cm":89,"minecraft:play_time":8895,"minecraft:sprint_one_cm":24139,"minecraft:damage_taken":40,"minecraft:walk_one_cm":22946,"minecraft:sneak_time":37,"minecraft:mob_kills":12,"minecraft:jump":174,"minecraft:damage_dealt":1030,"minecraft:time_since_death":8895,"minecraft:total_world_time":8895,"minecraft:climb_one_cm":1572,"minecraft:interact_with_crafting_table":1,"minecraft:fall_one_cm":3779,"minecraft:fly_one_cm":19817},"minecraft:mined":{"minecraft:oak_log":21},"minecraft:killed":{"minecraft:sheep":12},"minecraft:crafted":{"minecraft:oak_planks":12,"minecraft:crafting_table":1,"minecraft:stick":4,"minecraft:wooden_axe":1},"minecraft:picked_up":{"minecraft:oak_log":21,"minecraft:black_wool":1,"minecraft:mutton":20,"minecraft:white_wool":11},"minecraft:used":{"minecraft:wooden_axe":25,"minecraft:crafting_table":1}},"DataVersion":3465}