{"stats":{"minecraft:used":{"minecraft:chest":1,"minecraft:shield":7,"minecraft:netherrack":2,"minecraft:torch":7,"minecraft:wooden_axe":35,"born_in_chaos_v1:smoked_flesh":3,"minecraft:iron_axe":13,"minecraft:furnace":6,"tombstone:gift":3,"minecraft:cooked_beef":23,"minecraft:cooked_mutton":15,"minecraft:water_bucket":2,"minecraft:glass_bottle":1,"minecraft:stone_pickaxe":390,"minecraft:blackstone":66,"iceandfire:crackled_grass":1,"minecraft:wooden_pickaxe":33,"iceandfire:crackled_stone":1,"minecraft:diamond_axe":51,"minecraft:crafting_table":21,"minecraft:white_bed":9,"minecraft:diamond_pickaxe":564,"minecraft:iron_pickaxe":250,"minecraft:stone_axe":28,"minecraft:diamond_sword":336,"minecraft:cobblestone":54,"minecraft:potion":5,"minecraft:cooked_porkchop":21,"minecraft:bucket":2},"minecraft:crafted":{"minecraft:oak_planks":88,"usefulbackpacks:backpack_small":1,"minecraft:furnace":3,"minecraft:cooked_mutton":23,"minecraft:glass":22,"minecraft:diamond_helmet":1,"minecraft:diamond_leggings":1,"minecraft:iron_axe":1,"minecraft:stone_pickaxe":4,"minecraft:chest":1,"minecraft:diamond_boots":1,"usefulbackpacks:backpack_medium":1,"minecraft:cooked_beef":44,"minecraft:diamond_sword":1,"minecraft:cooked_porkchop":21,"minecraft:diamond_axe":1,"minecraft:crafting_table":4,"minecraft:wooden_pickaxe":1,"iceandfire:pixie_jar_empty":3,"minecraft:diamond_pickaxe":2,"minecraft:shield":1,"minecraft:stick":32,"usefulbackpacks:backpack_large":1,"minecraft:iron_ingot":9,"minecraft:iron_pickaxe":1,"minecraft:wooden_axe":2,"minecraft:white_bed":5,"minecraft:torch":8,"minecraft:diamond_chestplate":1},"minecraft:killed":{"iceandfire:hippogryph":1,"born_in_chaos_v1:restless_spirit":2,"born_in_chaos_v1:zombie_lumberjack":1,"minecraft:spider":4,"minecraft:zombie_horse":2,"born_in_chaos_v1:siamese_skeletonsright":1,"born_in_chaos_v1:zombie_bruiser":1,"born_in_chaos_v1:maggot":4,"minecraft:skeleton":2,"bugs_aplenty:dragonfly_auburn":1,"mowziesmobs:umvuthana":3,"minecraft:pig":12,"born_in_chaos_v1:baby_skeleton":3,"majruszsdifficulty:cursed_armor":1,"mowziesmobs:umvuthana_follower_raptor":5,"minecraft:creeper":1,"born_in_chaos_v1:decrepit_skeleton":5,"alexsmobs:emu":3,"minecraft:sheep":29,"minecraft:zombie":5,"born_in_chaos_v1:dread_hound":3,"born_in_chaos_v1:corpse_fly":2,"alexsmobs:gazelle":1,"born_in_chaos_v1:dark_vortex":1,"ribbits:ribbit":2,"iceandfire:lightning_dragon":1,"born_in_chaos_v1:door_knight":1,"creeperoverhaul:savannah_creeper":1,"mowziesmobs:umvuthana_raptor":1,"minecraft:cow":29,"born_in_chaos_v1:siamese_skeletonsleft":1},"minecraft:picked_up":{"iceandfire:dragon_skull_lightning":2,"minecraft:crafting_table":19,"minecraft:black_carpet":2,"minecraft:clay_ball":24,"minecraft:enchanted_book":1,"tombstone:grave_key":1,"minecraft:chain":1,"minecraft:brewing_stand":1,"minecraft:string":12,"minecraft:raw_copper":15,"minecraft:blackstone":665,"minecraft:gold_nugget":8,"minecraft:cobbled_deepslate":40,"minecraft:bucket":1,"minecraft:beef":51,"minecraft:furnace":6,"iceandfire:ghost_chest":1,"minecraft:raw_iron":19,"iceandfire:dragonbone":64,"born_in_chaos_v1:shattered_skull":1,"minecraft:torch":4,"minecraft:porkchop":22,"tombstone:grave_dust":3,"minecraft:redstone":25,"hexerei:sage_seed":3,"minecraft:rotten_flesh":5,"minecraft:hay_block":13,"iceandfire:crackled_grass":1,"alexsmobs:emu_egg":1,"minecraft:obsidian":8,"minecraft:mutton":43,"minecraft:white_wool":28,"minecraft:cobblestone":162,"mowziesmobs:umvuthana_mask_fury":1,"minecraft:magma_block":3,"minecraft:feather":3,"minecraft:leather":29,"minecraft:smoker":1,"minecraft:oak_log":52,"create:raw_zinc":12,"minecraft:light_gray_dye":1,"minecraft:gunpowder":2,"minecraft:lapis_lazuli":13,"skilltree:gem":27,"minecraft:dirt":33,"born_in_chaos_v1:monster_skin":1,"minecraft:glass":2,"minecraft:bone":8,"minecraft:wheat_seeds":2,"minecraft:raw_gold":13,"minecraft:iron_ingot":1,"minecraft:bamboo":1,"mowziesmobs:umvuthana_mask_misery":1,"minecraft:oak_planks":2,"minecraft:acacia_sapling":1,"minecraft:book":3,"hexerei:animal_fat":14,"iceandfire:copper_nugget":114,"born_in_chaos_v1:ethereal_spirit":6,"minecraft:gravel":11,"minecraft:sand":26,"born_in_chaos_v1:dark_rod":1,"minecraft:white_bed":4,"minecraft:diamond":69,"iceandfire:crackled_stone":1,"minecraft:stone_axe":1,"minecraft:iron_helmet":1,"minecraft:granite":10,"minecraft:emerald":1,"minecraft:oak_sapling":1,"minecraft:netherrack":2,"tombstone:magic_scroll":1,"minecraft:black_wool":2,"minecraft:coal":55,"minecraft:diamond_pickaxe":1},"minecraft:dropped":{"born_in_chaos_v1:shattered_skull":1,"minecraft:wheat_seeds":2,"minecraft:crafting_table":2,"minecraft:feather":3,"minecraft:granite":10,"minecraft:dirt":29,"iceandfire:copper_nugget":128,"minecraft:mutton":12,"minecraft:wooden_axe":1,"skilltree:gem":26,"tombstone:grave_dust":2,"minecraft:gold_nugget":8,"minecraft:bone":3,"minecraft:gravel":10,"minecraft:stone_axe":1,"hexerei:animal_fat":14,"minecraft:blackstone":583,"hexerei:sage_seed":3,"alexsmobs:animal_dictionary":1,"minecraft:cobbled_deepslate":40,"minecraft:raw_copper":15,"minecraft:black_carpet":2,"minecraft:raw_iron":7,"minecraft:rotten_flesh":2,"minecraft:cooked_mutton":8,"alexsmobs:emu_egg":1,"minecraft:gunpowder":2,"mowziesmobs:umvuthana_mask_misery":1,"minecraft:diamond_pickaxe":2,"minecraft:bamboo":1,"minecraft:light_gray_dye":1,"minecraft:wooden_pickaxe":1,"minecraft:magma_block":3,"minecraft:black_wool":2,"born_in_chaos_v1:dark_rod":1},"minecraft:mined":{"create:deepslate_zinc_ore":12,"minecraft:white_bed":4,"minecraft:deepslate_diamond_ore":69,"minecraft:brewing_stand":1,"minecraft:obsidian":8,"minecraft:granite":10,"minecraft:grass_block":1,"iceandfire:chared_dirt":1,"minecraft:hay_block":13,"minecraft:magma_block":3,"minecraft:furnace":6,"minecraft:iron_ore":14,"minecraft:fire":22,"iceandfire:crackled_grass":1,"minecraft:black_carpet":2,"minecraft:deepslate_lapis_ore":3,"minecraft:bookshelf":1,"minecraft:vine":1,"minecraft:stone":157,"minecraft:cake":1,"minecraft:deepslate_redstone_ore":6,"minecraft:blackstone":798,"minecraft:smoker":1,"minecraft:clay":6,"minecraft:crafting_table":19,"minecraft:torch":2,"minecraft:emerald_ore":1,"iceandfire:ghost_chest":1,"minecraft:dead_bush":1,"minecraft:tall_grass":32,"minecraft:deepslate_gold_ore":16,"minecraft:oak_planks":2,"minecraft:deepslate_copper_ore":4,"iceandfire:crackled_stone":1,"minecraft:grass":82,"minecraft:oak_log":52,"minecraft:coal_ore":54,"minecraft:gravel":11,"minecraft:sand":25,"minecraft:dirt":4,"minecraft:cobweb":14,"minecraft:netherrack":2,"minecraft:deepslate":41},"minecraft:killed_by":{"iceandfire:lightning_dragon":2},"minecraft:broken":{"minecraft:stone_pickaxe":3,"minecraft:iron_pickaxe":1,"minecraft:wooden_axe":1},"minecraft:custom":{"minecraft:mob_kills":129,"minecraft:interact_with_crafting_table":32,"minecraft:open_barrel":64,"minecraft:damage_dealt_resisted":514,"minecraft:eat_cake_slice":11,"minecraft:leave_game":2,"minecraft:time_since_death":6105,"minecraft:climb_one_cm":8095,"minecraft:sprint_one_cm":865012,"minecraft:walk_one_cm":633040,"minecraft:damage_blocked_by_shield":320,"minecraft:drop":92,"minecraft:play_time":218516,"minecraft:deaths":7,"minecraft:sneak_time":793,"minecraft:walk_under_water_one_cm":27190,"minecraft:jump":4828,"minecraft:interact_with_brewingstand":3,"minecraft:walk_on_water_one_cm":70102,"minecraft:total_world_time":218516,"minecraft:interact_with_furnace":76,"minecraft:interact_with_loom":3,"minecraft:sleep_in_bed":4,"minecraft:time_since_rest":308,"minecraft:damage_taken":5099,"minecraft:damage_dealt":18846,"minecraft:swim_one_cm":90110,"minecraft:fly_one_cm":883522,"minecraft:open_chest":44,"minecraft:crouch_one_cm":836,"tombstone:undead_killed":22,"minecraft:fall_one_cm":115896}},"DataVersion":3465}