{"stats":{"minecraft:killed_by":{"minecraft:drowned":1,"iceandfire:fire_dragon":2,"minecraft:skeleton":3,"iceandfire:lightning_dragon":5},"minecraft:crafted":{"minecraft:oak_planks":212,"minecraft:oak_sign":3,"minecraft:dark_oak_boat":1,"usefulbackpacks:backpack_small":1,"minecraft:cooked_mutton":23,"minecraft:glass":22,"minecraft:diamond_helmet":3,"minecraft:diamond_leggings":3,"minecraft:chest":1,"minecraft:golden_boots":1,"minecraft:cooked_porkchop":21,"minecraft:diamond_axe":1,"minecraft:crafting_table":8,"minecraft:wooden_pickaxe":1,"minecraft:diamond_pickaxe":3,"minecraft:shield":1,"minecraft:stick":56,"born_in_chaos_v1:smoked_flesh":29,"usefulbackpacks:backpack_large":1,"minecraft:iron_ingot":9,"minecraft:iron_pickaxe":1,"minecraft:gold_ingot":87,"minecraft:diamond_hoe":1,"minecraft:furnace":3,"minecraft:flint_and_steel":1,"minecraft:iron_axe":1,"minecraft:stone_pickaxe":6,"minecraft:diamond_boots":3,"usefulbackpacks:backpack_medium":1,"minecraft:dark_oak_planks":12,"minecraft:wheat":495,"minecraft:cooked_beef":44,"minecraft:diamond_sword":2,"iceandfire:pixie_jar_empty":3,"minecraft:bucket":2,"minecraft:bread":172,"minecraft:oak_boat":2,"minecraft:wooden_axe":2,"minecraft:white_bed":5,"minecraft:torch":8,"minecraft:diamond_chestplate":3},"minecraft:mined":{"create:deepslate_zinc_ore":12,"minecraft:white_bed":11,"iceandfire:copper_pile":4,"minecraft:brewing_stand":1,"minecraft:obsidian":18,"minecraft:granite":10,"minecraft:grass_block":7,"minecraft:soul_soil":76,"minecraft:magma_block":3,"minecraft:glowstone":49,"minecraft:iron_ore":14,"minecraft:fire":22,"minecraft:black_carpet":2,"minecraft:deepslate_lapis_ore":4,"iceandfire:crackled_dirt":2,"iceandfire:gold_pile":87,"rocks:bamboo_stick":1,"minecraft:deepslate_redstone_ore":6,"minecraft:blackstone":798,"minecraft:smoker":1,"minecraft:crimson_nylium":5,"minecraft:clay":6,"minecraft:torch":12,"iceandfire:ghost_chest":1,"minecraft:chest":3,"minecraft:dead_bush":1,"minecraft:cobblestone":7,"minecraft:oak_planks":16,"minecraft:wall_torch":2,"minecraft:deepslate_copper_ore":4,"iceandfire:crackled_stone":1,"minecraft:grass":88,"minecraft:oak_log":65,"minecraft:sand":25,"minecraft:dirt":9,"minecraft:netherrack":157,"minecraft:ancient_debris":6,"minecraft:oak_leaves":1,"minecraft:deepslate":219,"minecraft:infested_deepslate":1,"minecraft:diamond_ore":2,"minecraft:tuff":44,"minecraft:mossy_cobblestone":1,"minecraft:deepslate_diamond_ore":100,"minecraft:dark_oak_log":3,"iceandfire:crackled_gravel":1,"minecraft:crimson_roots":1,"iceandfire:chared_dirt":1,"minecraft:moss_block":1,"minecraft:hay_block":68,"minecraft:furnace":6,"iceandfire:crackled_grass":1,"minecraft:bookshelf":1,"minecraft:vine":1,"minecraft:stone":304,"minecraft:cake":1,"minecraft:acacia_leaves":6,"minecraft:soul_sand":8,"minecraft:crafting_table":33,"minecraft:emerald_ore":1,"minecraft:oak_wood":2,"minecraft:copper_ore":5,"minecraft:tall_grass":35,"minecraft:lapis_ore":2,"minecraft:deepslate_gold_ore":16,"minecraft:coal_ore":54,"minecraft:gravel":19,"minecraft:cobweb":14,"minecraft:terracotta":16},"minecraft:killed":{"born_in_chaos_v1:zombie_clown":1,"iceandfire:hippogryph":1,"born_in_chaos_v1:restless_spirit":4,"born_in_chaos_v1:zombie_lumberjack":1,"minecraft:spider":4,"born_in_chaos_v1:siamese_skeletonsright":1,"minecraft:zombie_horse":2,"minecraft:skeleton":5,"minecraft:pig":12,"born_in_chaos_v1:bone_imp":6,"alexsmobs:stradpole":1,"minecraft:creeper":1,"alexsmobs:crimson_mosquito":6,"minecraft:sheep":29,"minecraft:zombie":5,"born_in_chaos_v1:dread_hound":4,"born_in_chaos_v1:corpse_fly":2,"ribbits:ribbit":2,"iceandfire:lightning_dragon":2,"born_in_chaos_v1:door_knight":1,"mowziesmobs:umvuthana_raptor":1,"minecraft:cow":29,"born_in_chaos_v1:siamese_skeletonsleft":1,"born_in_chaos_v1:zombie_bruiser":1,"born_in_chaos_v1:firelight":7,"born_in_chaos_v1:maggot":6,"bugs_aplenty:dragonfly_auburn":1,"iceandfire:fire_dragon":2,"alexsmobs:soul_vulture":1,"mowziesmobs:umvuthana":3,"born_in_chaos_v1:baby_skeleton":6,"majruszsdifficulty:cursed_armor":1,"mowziesmobs:umvuthana_follower_raptor":5,"born_in_chaos_v1:decrepit_skeleton":7,"alexsmobs:emu":3,"alexsmobs:gazelle":1,"born_in_chaos_v1:dark_vortex":1,"creeperoverhaul:savannah_creeper":1},"minecraft:broken":{"minecraft:golden_boots":1,"minecraft:diamond_helmet":1,"minecraft:stone_pickaxe":3,"minecraft:diamond_boots":1,"minecraft:wooden_axe":1,"minecraft:diamond_leggings":1,"minecraft:iron_pickaxe":2},"minecraft:custom":{"minecraft:interact_with_crafting_table":56,"minecraft:open_barrel":72,"minecraft:eat_cake_slice":11,"minecraft:leave_game":6,"minecraft:time_since_death":4215,"minecraft:sprint_one_cm":2402842,"minecraft:damage_blocked_by_shield":755,"minecraft:drop":192,"minecraft:play_time":487233,"minecraft:deaths":43,"minecraft:jump":11507,"minecraft:interact_with_brewingstand":3,"minecraft:walk_on_water_one_cm":170838,"minecraft:interact_with_furnace":76,"minecraft:interact_with_loom":3,"minecraft:sleep_in_bed":11,"minecraft:damage_dealt":32849,"minecraft:crouch_one_cm":4954,"tombstone:undead_killed":38,"minecraft:interact_with_smoker":2,"minecraft:horse_one_cm":239041,"minecraft:mob_kills":170,"minecraft:damage_dealt_resisted":888,"minecraft:climb_one_cm":11226,"minecraft:walk_one_cm":1206466,"minecraft:sneak_time":2762,"minecraft:walk_under_water_one_cm":61849,"minecraft:boat_one_cm":102915,"minecraft:total_world_time":487233,"minecraft:time_since_rest":3587,"minecraft:damage_taken":19311,"minecraft:swim_one_cm":278517,"minecraft:fly_one_cm":2123099,"minecraft:open_chest":99,"minecraft:fall_one_cm":256978},"minecraft:picked_up":{"minecraft:black_carpet":2,"minecraft:potion":1,"minecraft:enchanted_book":1,"tombstone:grave_key":1,"minecraft:brewing_stand":1,"minecraft:string":19,"minecraft:soul_soil":54,"minecraft:raw_copper":33,"alexsmobs:blood_sac":3,"minecraft:gold_nugget":796,"minecraft:cobbled_deepslate":216,"minecraft:bucket":1,"born_in_chaos_v1:stimulating_decoction":3,"iceandfire:dragonscales_red":4,"minecraft:iron_boots":2,"minecraft:furnace":6,"minecraft:stick":2,"iceandfire:ghost_chest":1,"born_in_chaos_v1:shattered_skull":1,"iceandfire:crackled_dirt":2,"minecraft:torch":15,"minecraft:porkchop":22,"iceandfire:crackled_gravel":2,"tombstone:grave_dust":7,"minecraft:rotten_flesh":11,"iceandfire:fire_dragon_heart":1,"iceandfire:crackled_grass":1,"alexsmobs:emu_egg":1,"minecraft:obsidian":20,"minecraft:cobblestone":313,"minecraft:magma_block":3,"minecraft:feather":3,"minecraft:water_bucket":1,"minecraft:dark_oak_boat":1,"minecraft:tuff":43,"minecraft:smoker":1,"minecraft:flint":3,"create:raw_zinc":12,"minecraft:light_gray_dye":1,"minecraft:lapis_lazuli":28,"skilltree:gem":30,"minecraft:dirt":44,"minecraft:lantern":1,"born_in_chaos_v1:monster_skin":1,"minecraft:glass":2,"minecraft:bone":23,"minecraft:wheat_seeds":7,"minecraft:raw_gold":13,"minecraft:glowstone_dust":121,"minecraft:bamboo":2,"minecraft:moss_block":1,"minecraft:oak_planks":17,"hexerei:animal_fat":14,"iceandfire:dragon_skull_fire":2,"minecraft:sand":27,"minecraft:dark_oak_log":3,"minecraft:spectral_arrow":11,"minecraft:mossy_cobblestone":2,"born_in_chaos_v1:fire_dust":6,"minecraft:diamond":102,"iceandfire:crackled_stone":1,"minecraft:granite":10,"minecraft:emerald":1,"minecraft:bread":6,"born_in_chaos_v1:rotten_fish":1,"minecraft:oak_sapling":2,"minecraft:netherrack":160,"rocks:cobblestone_splitter":1,"minecraft:diamond_pickaxe":1,"iceandfire:dragon_skull_lightning":3,"minecraft:crafting_table":33,"minecraft:clay_ball":24,"minecraft:chain":7,"minecraft:moss_carpet":3,"alexsmobs:pigshoes":1,"minecraft:blackstone":710,"minecraft:beef":51,"minecraft:iron_nugget":25,"minecraft:chest":3,"minecraft:raw_iron":19,"iceandfire:dragonbone":92,"rocks:soul_soil_splitter":1,"minecraft:fire_charge":2,"minecraft:stone_button":1,"minecraft:redstone":25,"hexerei:sage_seed":5,"minecraft:arrow":4,"minecraft:hay_block":68,"minecraft:saddle":1,"minecraft:gold_ingot":1,"minecraft:mutton":43,"minecraft:white_wool":28,"born_in_chaos_v1:corpse_maggot":1,"mowziesmobs:umvuthana_mask_fury":1,"born_in_chaos_v1:monster_flesh":1,"minecraft:leather":32,"minecraft:red_mushroom":1,"minecraft:crimson_fungus":1,"minecraft:oak_log":63,"minecraft:ancient_debris":6,"minecraft:gunpowder":2,"born_in_chaos_v1:smoked_flesh":4,"minecraft:iron_ingot":1,"tombstone:bag_of_seeds":1,"mowziesmobs:umvuthana_mask_misery":1,"minecraft:iron_sword":1,"iceandfire:fire_dragon_flesh":3,"minecraft:acacia_sapling":1,"minecraft:soul_sand":30,"minecraft:book":3,"iceandfire:copper_nugget":148,"iceandfire:ash":2,"born_in_chaos_v1:ethereal_spirit":10,"minecraft:gravel":17,"born_in_chaos_v1:dark_rod":1,"minecraft:white_bed":11,"minecraft:crying_obsidian":1,"usefulbackpacks:backpack_large":1,"minecraft:oak_wood":2,"minecraft:stone_axe":1,"minecraft:iron_helmet":1,"minecraft:terracotta":16,"minecraft:baked_potato":6,"tombstone:magic_scroll":2,"minecraft:black_wool":2,"minecraft:coal":65},"minecraft:used":{"minecraft:diamond_hoe":33,"minecraft:oak_sign":1,"minecraft:chest":1,"minecraft:shield":26,"minecraft:soul_sand":2,"minecraft:obsidian":15,"born_in_chaos_v1:smoked_flesh":19,"minecraft:lava_bucket":5,"iceandfire:crackled_gravel":1,"minecraft:dark_oak_boat":1,"minecraft:furnace":6,"minecraft:oak_planks":47,"minecraft:stone_pickaxe":438,"minecraft:blackstone":66,"minecraft:wooden_pickaxe":33,"minecraft:diamond_axe":79,"minecraft:bread":54,"minecraft:diamond_sword":611,"minecraft:oak_boat":2,"minecraft:flint_and_steel":1,"minecraft:netherrack":85,"minecraft:torch":9,"minecraft:wooden_axe":35,"minecraft:iron_axe":13,"minecraft:soul_soil":28,"tombstone:gift":3,"minecraft:cooked_beef":34,"minecraft:cobbled_deepslate":22,"minecraft:cooked_mutton":15,"minecraft:water_bucket":12,"minecraft:glass_bottle":1,"minecraft:baked_potato":6,"iceandfire:crackled_grass":1,"iceandfire:crackled_stone":1,"minecraft:terracotta":16,"minecraft:crafting_table":36,"minecraft:white_bed":16,"tombstone:bag_of_seeds":1,"minecraft:diamond_pickaxe":1149,"minecraft:iron_pickaxe":392,"minecraft:stone_axe":28,"minecraft:cobblestone":134,"minecraft:potion":6,"minecraft:cooked_porkchop":21,"minecraft:bucket":19},"minecraft:dropped":{"minecraft:soul_sand":22,"minecraft:moss_block":1,"minecraft:lapis_lazuli":15,"minecraft:cooked_beef":1,"minecraft:crafting_table":2,"minecraft:red_mushroom":1,"minecraft:flint":2,"born_in_chaos_v1:monster_flesh":4,"minecraft:dirt":102,"rocks:cobblestone_splitter":1,"minecraft:stone_button":1,"minecraft:mutton":12,"minecraft:gold_nugget":8,"iceandfire:ash":2,"minecraft:sand":1,"minecraft:iron_pickaxe":1,"minecraft:gold_ingot":22,"minecraft:bone":4,"minecraft:gravel":16,"usefulbackpacks:backpack_large":1,"minecraft:crimson_fungus":1,"minecraft:stone_axe":1,"minecraft:blackstone":619,"minecraft:iron_nugget":25,"alexsmobs:animal_dictionary":1,"born_in_chaos_v1:fire_dust":6,"minecraft:cobbled_deepslate":132,"minecraft:black_carpet":2,"minecraft:rotten_flesh":8,"born_in_chaos_v1:smoked_flesh":1,"minecraft:cooked_mutton":8,"alexsmobs:emu_egg":1,"iceandfire:crackled_gravel":1,"alexsmobs:blood_sac":3,"minecraft:gunpowder":2,"born_in_chaos_v1:corpse_maggot":1,"minecraft:chest":3,"born_in_chaos_v1:dark_rod":1,"farmersdelight:tomato_seeds":1,"minecraft:bread":3,"born_in_chaos_v1:shattered_skull":1,"minecraft:wheat_seeds":6,"minecraft:mossy_cobblestone":2,"mowziesmobs:foliaath_seed":2,"minecraft:feather":3,"minecraft:cobblestone":1,"minecraft:granite":10,"minecraft:coal":2,"minecraft:stick":7,"iceandfire:crackled_dirt":2,"iceandfire:copper_nugget":128,"minecraft:torch":9,"tombstone:grave_key":1,"minecraft:wooden_axe":1,"skilltree:gem":28,"tombstone:grave_dust":6,"minecraft:moss_carpet":1,"hexerei:animal_fat":14,"hexerei:sage_seed":6,"minecraft:cocoa_beans":1,"minecraft:raw_copper":33,"minecraft:tuff":43,"alexsmobs:pigshoes":1,"minecraft:raw_iron":7,"born_in_chaos_v1:rotten_fish":1,"minecraft:iron_boots":2,"minecraft:oak_sign":2,"minecraft:torchflower_seeds":3,"minecraft:diamond_chestplate":1,"mowziesmobs:umvuthana_mask_misery":1,"minecraft:diamond_pickaxe":2,"minecraft:oak_sapling":3,"minecraft:bamboo":1,"minecraft:light_gray_dye":1,"minecraft:stone_pickaxe":2,"minecraft:wooden_pickaxe":1,"minecraft:magma_block":3,"minecraft:black_wool":2}},"DataVersion":3465}