{"stats":{"minecraft:used":{"minecraft:diamond_hoe":33,"minecraft:chest":1,"minecraft:shield":8,"minecraft:netherrack":2,"minecraft:torch":7,"minecraft:wooden_axe":35,"born_in_chaos_v1:smoked_flesh":3,"minecraft:iron_axe":13,"minecraft:furnace":6,"tombstone:gift":3,"minecraft:cooked_beef":34,"minecraft:cooked_mutton":15,"minecraft:water_bucket":2,"minecraft:oak_planks":21,"minecraft:glass_bottle":1,"minecraft:stone_pickaxe":390,"minecraft:blackstone":66,"iceandfire:crackled_grass":1,"minecraft:wooden_pickaxe":33,"iceandfire:crackled_stone":1,"minecraft:diamond_axe":61,"minecraft:crafting_table":24,"minecraft:white_bed":10,"tombstone:bag_of_seeds":1,"minecraft:diamond_pickaxe":608,"minecraft:iron_pickaxe":250,"minecraft:stone_axe":28,"minecraft:diamond_sword":411,"minecraft:cobblestone":54,"minecraft:potion":5,"minecraft:cooked_porkchop":21,"minecraft:bucket":3},"minecraft:crafted":{"minecraft:oak_planks":192,"minecraft:diamond_hoe":1,"usefulbackpacks:backpack_small":1,"minecraft:furnace":3,"minecraft:cooked_mutton":23,"minecraft:glass":22,"minecraft:diamond_helmet":1,"minecraft:diamond_leggings":1,"minecraft:iron_axe":1,"minecraft:stone_pickaxe":4,"minecraft:chest":1,"minecraft:diamond_boots":1,"usefulbackpacks:backpack_medium":1,"minecraft:wheat":495,"minecraft:cooked_beef":44,"minecraft:diamond_sword":1,"minecraft:cooked_porkchop":21,"minecraft:diamond_axe":1,"minecraft:crafting_table":5,"minecraft:wooden_pickaxe":1,"iceandfire:pixie_jar_empty":3,"minecraft:bread":172,"minecraft:diamond_pickaxe":2,"minecraft:shield":1,"minecraft:stick":36,"usefulbackpacks:backpack_large":1,"minecraft:iron_ingot":9,"minecraft:iron_pickaxe":1,"minecraft:wooden_axe":2,"minecraft:gold_ingot":45,"minecraft:white_bed":5,"minecraft:torch":8,"minecraft:diamond_chestplate":1},"minecraft:killed":{"born_in_chaos_v1:zombie_clown":1,"iceandfire:hippogryph":1,"born_in_chaos_v1:restless_spirit":2,"born_in_chaos_v1:zombie_lumberjack":1,"minecraft:spider":4,"minecraft:zombie_horse":2,"born_in_chaos_v1:siamese_skeletonsright":1,"born_in_chaos_v1:zombie_bruiser":1,"born_in_chaos_v1:maggot":6,"minecraft:skeleton":3,"bugs_aplenty:dragonfly_auburn":1,"iceandfire:fire_dragon":1,"mowziesmobs:umvuthana":3,"minecraft:pig":12,"born_in_chaos_v1:baby_skeleton":4,"majruszsdifficulty:cursed_armor":1,"mowziesmobs:umvuthana_follower_raptor":5,"minecraft:creeper":1,"born_in_chaos_v1:decrepit_skeleton":6,"alexsmobs:emu":3,"minecraft:sheep":29,"minecraft:zombie":5,"born_in_chaos_v1:dread_hound":4,"born_in_chaos_v1:corpse_fly":2,"alexsmobs:gazelle":1,"born_in_chaos_v1:dark_vortex":1,"ribbits:ribbit":2,"iceandfire:lightning_dragon":1,"born_in_chaos_v1:door_knight":1,"creeperoverhaul:savannah_creeper":1,"mowziesmobs:umvuthana_raptor":1,"minecraft:cow":29,"born_in_chaos_v1:siamese_skeletonsleft":1},"minecraft:picked_up":{"iceandfire:dragon_skull_lightning":2,"minecraft:crafting_table":22,"minecraft:black_carpet":2,"minecraft:clay_ball":24,"minecraft:enchanted_book":1,"tombstone:grave_key":1,"minecraft:chain":5,"minecraft:brewing_stand":1,"minecraft:string":12,"minecraft:raw_copper":15,"minecraft:blackstone":665,"minecraft:gold_nugget":418,"minecraft:cobbled_deepslate":40,"minecraft:bucket":1,"minecraft:beef":51,"born_in_chaos_v1:stimulating_decoction":3,"minecraft:chest":3,"minecraft:iron_boots":2,"minecraft:furnace":6,"iceandfire:ghost_chest":1,"minecraft:raw_iron":19,"iceandfire:dragonbone":74,"born_in_chaos_v1:shattered_skull":1,"minecraft:torch":4,"minecraft:porkchop":22,"tombstone:grave_dust":3,"minecraft:redstone":25,"hexerei:sage_seed":3,"minecraft:rotten_flesh":11,"minecraft:hay_block":68,"iceandfire:crackled_grass":1,"alexsmobs:emu_egg":1,"minecraft:saddle":1,"minecraft:obsidian":8,"minecraft:mutton":43,"minecraft:white_wool":28,"minecraft:cobblestone":162,"born_in_chaos_v1:corpse_maggot":1,"mowziesmobs:umvuthana_mask_fury":1,"minecraft:magma_block":3,"minecraft:feather":3,"born_in_chaos_v1:monster_flesh":1,"minecraft:leather":29,"minecraft:smoker":1,"minecraft:oak_log":52,"create:raw_zinc":12,"minecraft:light_gray_dye":1,"minecraft:gunpowder":2,"minecraft:lapis_lazuli":13,"skilltree:gem":27,"minecraft:dirt":33,"minecraft:lantern":1,"born_in_chaos_v1:monster_skin":1,"minecraft:glass":2,"minecraft:bone":9,"minecraft:wheat_seeds":2,"minecraft:raw_gold":13,"minecraft:iron_ingot":1,"tombstone:bag_of_seeds":1,"minecraft:bamboo":2,"mowziesmobs:umvuthana_mask_misery":1,"minecraft:oak_planks":4,"minecraft:acacia_sapling":1,"minecraft:book":3,"hexerei:animal_fat":14,"iceandfire:copper_nugget":114,"iceandfire:ash":2,"born_in_chaos_v1:ethereal_spirit":6,"iceandfire:dragon_skull_fire":1,"minecraft:gravel":11,"minecraft:sand":26,"born_in_chaos_v1:dark_rod":1,"minecraft:white_bed":6,"minecraft:diamond":69,"iceandfire:crackled_stone":1,"minecraft:stone_axe":1,"minecraft:iron_helmet":1,"minecraft:granite":10,"minecraft:emerald":1,"minecraft:oak_sapling":1,"minecraft:netherrack":2,"tombstone:magic_scroll":1,"minecraft:black_wool":2,"minecraft:coal":55,"minecraft:diamond_pickaxe":1},"minecraft:mined":{"create:deepslate_zinc_ore":12,"minecraft:white_bed":6,"minecraft:deepslate_diamond_ore":69,"minecraft:brewing_stand":1,"minecraft:obsidian":8,"minecraft:granite":10,"minecraft:grass_block":1,"iceandfire:chared_dirt":1,"minecraft:hay_block":68,"minecraft:magma_block":3,"minecraft:furnace":6,"minecraft:iron_ore":14,"minecraft:fire":22,"iceandfire:crackled_grass":1,"minecraft:black_carpet":2,"minecraft:deepslate_lapis_ore":3,"minecraft:bookshelf":1,"iceandfire:gold_pile":44,"minecraft:vine":1,"minecraft:stone":157,"rocks:bamboo_stick":1,"minecraft:cake":1,"minecraft:deepslate_redstone_ore":6,"minecraft:blackstone":798,"minecraft:smoker":1,"minecraft:clay":6,"minecraft:crafting_table":22,"minecraft:torch":2,"minecraft:emerald_ore":1,"iceandfire:ghost_chest":1,"minecraft:chest":3,"minecraft:dead_bush":1,"minecraft:tall_grass":32,"minecraft:deepslate_gold_ore":16,"minecraft:oak_planks":2,"minecraft:deepslate_copper_ore":4,"iceandfire:crackled_stone":1,"minecraft:grass":83,"minecraft:oak_log":52,"minecraft:coal_ore":54,"minecraft:gravel":11,"minecraft:sand":25,"minecraft:dirt":4,"minecraft:cobweb":14,"minecraft:netherrack":2,"minecraft:deepslate":41},"minecraft:dropped":{"farmersdelight:tomato_seeds":1,"born_in_chaos_v1:shattered_skull":1,"minecraft:wheat_seeds":2,"minecraft:cooked_beef":1,"minecraft:crafting_table":2,"mowziesmobs:foliaath_seed":2,"minecraft:feather":3,"minecraft:granite":10,"born_in_chaos_v1:monster_flesh":1,"minecraft:dirt":29,"iceandfire:copper_nugget":128,"minecraft:mutton":12,"minecraft:wooden_axe":1,"skilltree:gem":26,"tombstone:grave_dust":2,"minecraft:gold_nugget":8,"iceandfire:ash":2,"minecraft:bone":4,"minecraft:gravel":10,"minecraft:stone_axe":1,"hexerei:animal_fat":14,"minecraft:blackstone":583,"hexerei:sage_seed":3,"minecraft:cocoa_beans":1,"alexsmobs:animal_dictionary":1,"minecraft:cobbled_deepslate":40,"minecraft:raw_copper":15,"minecraft:black_carpet":2,"minecraft:raw_iron":7,"minecraft:rotten_flesh":8,"minecraft:iron_boots":2,"minecraft:cooked_mutton":8,"alexsmobs:emu_egg":1,"minecraft:torchflower_seeds":3,"minecraft:gunpowder":2,"mowziesmobs:umvuthana_mask_misery":1,"minecraft:diamond_pickaxe":2,"born_in_chaos_v1:corpse_maggot":1,"minecraft:chest":3,"minecraft:oak_sapling":1,"minecraft:bamboo":1,"minecraft:light_gray_dye":1,"minecraft:wooden_pickaxe":1,"minecraft:magma_block":3,"minecraft:black_wool":2,"born_in_chaos_v1:dark_rod":1},"minecraft:killed_by":{"iceandfire:lightning_dragon":2,"iceandfire:fire_dragon":2},"minecraft:broken":{"minecraft:diamond_helmet":1,"minecraft:stone_pickaxe":3,"minecraft:iron_pickaxe":1,"minecraft:wooden_axe":1},"minecraft:custom":{"minecraft:mob_kills":137,"minecraft:interact_with_crafting_table":37,"minecraft:open_barrel":72,"minecraft:damage_dealt_resisted":832,"minecraft:eat_cake_slice":11,"minecraft:leave_game":2,"minecraft:time_since_death":20794,"minecraft:climb_one_cm":8139,"minecraft:sprint_one_cm":935995,"minecraft:walk_one_cm":705030,"minecraft:damage_blocked_by_shield":390,"minecraft:drop":107,"minecraft:play_time":248516,"minecraft:deaths":10,"minecraft:sneak_time":973,"minecraft:walk_under_water_one_cm":29492,"minecraft:jump":5338,"minecraft:interact_with_brewingstand":3,"minecraft:walk_on_water_one_cm":87338,"minecraft:total_world_time":248516,"minecraft:interact_with_furnace":76,"minecraft:interact_with_loom":3,"minecraft:sleep_in_bed":5,"minecraft:time_since_rest":7459,"minecraft:damage_taken":6833,"minecraft:damage_dealt":22727,"minecraft:swim_one_cm":105736,"minecraft:fly_one_cm":976820,"minecraft:open_chest":59,"minecraft:crouch_one_cm":1231,"tombstone:undead_killed":26,"minecraft:fall_one_cm":128681,"minecraft:horse_one_cm":239041}},"DataVersion":3465}