{"stats":{"minecraft:used":{"minecraft:shield":6,"minecraft:torch":7,"minecraft:wooden_axe":35,"born_in_chaos_v1:smoked_flesh":3,"minecraft:iron_axe":13,"minecraft:furnace":6,"tombstone:gift":3,"minecraft:cooked_beef":8,"minecraft:cooked_mutton":15,"minecraft:water_bucket":1,"minecraft:stone_pickaxe":390,"minecraft:blackstone":66,"iceandfire:crackled_grass":1,"minecraft:wooden_pickaxe":33,"iceandfire:crackled_stone":1,"minecraft:diamond_axe":43,"minecraft:crafting_table":17,"minecraft:white_bed":4,"minecraft:diamond_pickaxe":512,"minecraft:iron_pickaxe":250,"minecraft:stone_axe":28,"minecraft:diamond_sword":309,"minecraft:cobblestone":47,"minecraft:potion":4,"minecraft:cooked_porkchop":21,"minecraft:bucket":2},"minecraft:crafted":{"minecraft:oak_planks":68,"usefulbackpacks:backpack_small":1,"minecraft:furnace":3,"minecraft:cooked_mutton":23,"minecraft:glass":22,"minecraft:diamond_helmet":1,"minecraft:diamond_leggings":1,"minecraft:iron_axe":1,"minecraft:stone_pickaxe":4,"minecraft:diamond_boots":1,"usefulbackpacks:backpack_medium":1,"minecraft:cooked_beef":44,"minecraft:diamond_sword":1,"minecraft:cooked_porkchop":21,"minecraft:diamond_axe":1,"minecraft:crafting_table":2,"minecraft:wooden_pickaxe":1,"iceandfire:pixie_jar_empty":3,"minecraft:diamond_pickaxe":2,"minecraft:shield":1,"minecraft:stick":32,"usefulbackpacks:backpack_large":1,"minecraft:iron_ingot":9,"minecraft:iron_pickaxe":1,"minecraft:wooden_axe":2,"minecraft:white_bed":2,"minecraft:torch":8,"minecraft:diamond_chestplate":1},"minecraft:killed":{"iceandfire:hippogryph":1,"born_in_chaos_v1:restless_spirit":2,"born_in_chaos_v1:zombie_lumberjack":1,"minecraft:spider":4,"minecraft:zombie_horse":2,"born_in_chaos_v1:siamese_skeletonsright":1,"born_in_chaos_v1:zombie_bruiser":1,"born_in_chaos_v1:maggot":4,"minecraft:skeleton":2,"bugs_aplenty:dragonfly_auburn":1,"mowziesmobs:umvuthana":3,"minecraft:pig":12,"born_in_chaos_v1:baby_skeleton":3,"mowziesmobs:umvuthana_follower_raptor":5,"minecraft:creeper":1,"born_in_chaos_v1:decrepit_skeleton":5,"alexsmobs:emu":3,"minecraft:sheep":25,"minecraft:zombie":5,"born_in_chaos_v1:dread_hound":3,"born_in_chaos_v1:corpse_fly":2,"alexsmobs:gazelle":1,"born_in_chaos_v1:dark_vortex":1,"ribbits:ribbit":2,"iceandfire:lightning_dragon":1,"born_in_chaos_v1:door_knight":1,"creeperoverhaul:savannah_creeper":1,"mowziesmobs:umvuthana_raptor":1,"minecraft:cow":29,"born_in_chaos_v1:siamese_skeletonsleft":1},"minecraft:picked_up":{"iceandfire:dragon_skull_lightning":2,"minecraft:crafting_table":18,"minecraft:black_carpet":2,"minecraft:enchanted_book":1,"tombstone:grave_key":1,"minecraft:chain":1,"minecraft:brewing_stand":1,"minecraft:string":12,"minecraft:raw_copper":15,"minecraft:blackstone":665,"minecraft:cobbled_deepslate":40,"minecraft:bucket":1,"minecraft:beef":51,"minecraft:furnace":6,"minecraft:raw_iron":19,"iceandfire:dragonbone":64,"born_in_chaos_v1:shattered_skull":1,"minecraft:torch":4,"minecraft:porkchop":22,"tombstone:grave_dust":3,"minecraft:redstone":25,"hexerei:sage_seed":3,"minecraft:rotten_flesh":5,"iceandfire:crackled_grass":1,"alexsmobs:emu_egg":1,"minecraft:mutton":37,"minecraft:white_wool":24,"minecraft:cobblestone":133,"mowziesmobs:umvuthana_mask_fury":1,"minecraft:magma_block":3,"minecraft:feather":3,"minecraft:leather":29,"minecraft:smoker":1,"minecraft:oak_log":47,"create:raw_zinc":12,"minecraft:light_gray_dye":1,"minecraft:gunpowder":2,"minecraft:lapis_lazuli":13,"skilltree:gem":26,"minecraft:dirt":30,"born_in_chaos_v1:monster_skin":1,"minecraft:glass":2,"minecraft:bone":8,"minecraft:wheat_seeds":2,"minecraft:raw_gold":13,"minecraft:iron_ingot":1,"minecraft:bamboo":1,"mowziesmobs:umvuthana_mask_misery":1,"minecraft:oak_planks":2,"minecraft:acacia_sapling":1,"minecraft:book":3,"hexerei:animal_fat":14,"iceandfire:copper_nugget":114,"born_in_chaos_v1:ethereal_spirit":6,"minecraft:gravel":10,"minecraft:sand":26,"born_in_chaos_v1:dark_rod":1,"minecraft:white_bed":2,"minecraft:diamond":69,"iceandfire:crackled_stone":1,"minecraft:stone_axe":1,"minecraft:granite":10,"minecraft:emerald":1,"tombstone:magic_scroll":1,"minecraft:black_wool":2,"minecraft:coal":54,"minecraft:diamond_pickaxe":1},"minecraft:dropped":{"born_in_chaos_v1:shattered_skull":1,"minecraft:wheat_seeds":1,"minecraft:crafting_table":2,"minecraft:feather":2,"minecraft:granite":10,"minecraft:dirt":29,"iceandfire:copper_nugget":128,"minecraft:mutton":12,"minecraft:wooden_axe":1,"skilltree:gem":26,"tombstone:grave_dust":2,"minecraft:bone":3,"minecraft:gravel":10,"minecraft:stone_axe":1,"hexerei:animal_fat":14,"minecraft:blackstone":583,"hexerei:sage_seed":3,"alexsmobs:animal_dictionary":1,"minecraft:cobbled_deepslate":40,"minecraft:raw_copper":15,"minecraft:black_carpet":2,"minecraft:raw_iron":7,"minecraft:rotten_flesh":2,"minecraft:cooked_mutton":8,"alexsmobs:emu_egg":1,"minecraft:gunpowder":2,"mowziesmobs:umvuthana_mask_misery":1,"minecraft:diamond_pickaxe":2,"minecraft:bamboo":1,"minecraft:light_gray_dye":1,"minecraft:wooden_pickaxe":1,"minecraft:magma_block":3,"minecraft:black_wool":2,"born_in_chaos_v1:dark_rod":1},"minecraft:mined":{"create:deepslate_zinc_ore":12,"minecraft:white_bed":2,"minecraft:deepslate_diamond_ore":69,"minecraft:brewing_stand":1,"minecraft:granite":10,"minecraft:grass_block":1,"minecraft:magma_block":3,"minecraft:furnace":6,"minecraft:iron_ore":14,"minecraft:fire":1,"iceandfire:crackled_grass":1,"minecraft:black_carpet":2,"minecraft:deepslate_lapis_ore":3,"minecraft:bookshelf":1,"minecraft:stone":128,"minecraft:cake":1,"minecraft:deepslate_redstone_ore":6,"minecraft:blackstone":798,"minecraft:smoker":1,"minecraft:crafting_table":18,"minecraft:torch":2,"minecraft:emerald_ore":1,"minecraft:dead_bush":1,"minecraft:tall_grass":30,"minecraft:deepslate_gold_ore":16,"minecraft:oak_planks":2,"minecraft:deepslate_copper_ore":4,"iceandfire:crackled_stone":1,"minecraft:grass":82,"minecraft:oak_log":47,"minecraft:coal_ore":53,"minecraft:gravel":10,"minecraft:sand":25,"minecraft:dirt":1,"minecraft:cobweb":14,"minecraft:deepslate":41},"minecraft:killed_by":{"iceandfire:lightning_dragon":2},"minecraft:broken":{"minecraft:stone_pickaxe":3,"minecraft:iron_pickaxe":1,"minecraft:wooden_axe":1},"minecraft:custom":{"minecraft:mob_kills":124,"minecraft:interact_with_crafting_table":28,"minecraft:open_barrel":60,"minecraft:damage_dealt_resisted":514,"minecraft:eat_cake_slice":11,"minecraft:leave_game":2,"minecraft:time_since_death":17510,"minecraft:climb_one_cm":8079,"minecraft:sprint_one_cm":753068,"minecraft:walk_one_cm":589477,"minecraft:damage_blocked_by_shield":260,"minecraft:drop":82,"minecraft:play_time":182516,"minecraft:deaths":5,"minecraft:sneak_time":519,"minecraft:walk_under_water_one_cm":4639,"minecraft:jump":4116,"minecraft:interact_with_brewingstand":3,"minecraft:walk_on_water_one_cm":17451,"minecraft:total_world_time":182516,"minecraft:interact_with_furnace":76,"minecraft:interact_with_loom":3,"minecraft:sleep_in_bed":1,"minecraft:time_since_rest":17229,"minecraft:damage_taken":3381,"minecraft:damage_dealt":17752,"minecraft:swim_one_cm":52651,"minecraft:fly_one_cm":727730,"minecraft:open_chest":29,"minecraft:crouch_one_cm":824,"tombstone:undead_killed":22,"minecraft:fall_one_cm":96005}},"DataVersion":3465}