{"stats":{"minecraft:broken":{"minecraft:stone_pickaxe":3,"minecraft:iron_pickaxe":1,"minecraft:wooden_axe":1},"minecraft:custom":{"minecraft:interact_with_furnace":37,"minecraft:mob_kills":82,"minecraft:interact_with_crafting_table":24,"minecraft:open_barrel":17,"minecraft:interact_with_loom":3,"minecraft:damage_dealt_resisted":61,"minecraft:leave_game":1,"minecraft:time_since_death":92423,"minecraft:climb_one_cm":6014,"minecraft:time_since_rest":92423,"minecraft:sprint_one_cm":300034,"minecraft:damage_taken":680,"minecraft:walk_one_cm":341683,"minecraft:damage_blocked_by_shield":20,"minecraft:drop":66,"minecraft:damage_dealt":7791,"minecraft:swim_one_cm":151,"minecraft:fly_one_cm":233464,"minecraft:open_chest":2,"minecraft:crouch_one_cm":89,"minecraft:play_time":92423,"tombstone:undead_killed":6,"minecraft:sneak_time":74,"minecraft:walk_under_water_one_cm":177,"minecraft:interact_with_brewingstand":2,"minecraft:jump":1743,"minecraft:walk_on_water_one_cm":2425,"minecraft:total_world_time":92423,"minecraft:fall_one_cm":31975},"minecraft:killed":{"minecraft:pig":11,"born_in_chaos_v1:baby_skeleton":1,"minecraft:spider":1,"mowziesmobs:umvuthana_follower_raptor":5,"minecraft:zombie_horse":2,"minecraft:creeper":1,"born_in_chaos_v1:decrepit_skeleton":2,"minecraft:sheep":25,"minecraft:skeleton":1,"bugs_aplenty:dragonfly_auburn":1,"born_in_chaos_v1:corpse_fly":2,"mowziesmobs:umvuthana_raptor":1,"minecraft:cow":29},"minecraft:mined":{"minecraft:deepslate_redstone_ore":6,"create:deepslate_zinc_ore":12,"minecraft:blackstone":798,"minecraft:deepslate_diamond_ore":69,"minecraft:brewing_stand":1,"minecraft:crafting_table":15,"minecraft:torch":2,"minecraft:granite":10,"minecraft:emerald_ore":1,"minecraft:deepslate_gold_ore":16,"minecraft:oak_planks":2,"minecraft:deepslate_copper_ore":4,"minecraft:magma_block":3,"minecraft:furnace":3,"minecraft:fire":1,"minecraft:iron_ore":14,"minecraft:black_carpet":2,"minecraft:deepslate_lapis_ore":3,"minecraft:bookshelf":1,"minecraft:oak_log":47,"minecraft:coal_ore":53,"minecraft:gravel":10,"minecraft:dirt":1,"minecraft:cobweb":14,"minecraft:stone":128,"minecraft:deepslate":41},"minecraft:dropped":{"minecraft:gravel":10,"minecraft:stone_axe":1,"hexerei:animal_fat":13,"minecraft:blackstone":560,"alexsmobs:animal_dictionary":1,"minecraft:cobbled_deepslate":40,"minecraft:raw_copper":15,"minecraft:crafting_table":1,"minecraft:raw_iron":7,"minecraft:feather":2,"minecraft:granite":10,"minecraft:cooked_mutton":8,"alexsmobs:emu_egg":1,"minecraft:gunpowder":2,"minecraft:mutton":12,"minecraft:diamond_pickaxe":2,"minecraft:wooden_axe":1,"skilltree:gem":25,"tombstone:grave_dust":2,"minecraft:bamboo":1,"minecraft:light_gray_dye":1,"minecraft:wooden_pickaxe":1,"minecraft:magma_block":3,"minecraft:black_wool":2,"minecraft:bone":3},"minecraft:crafted":{"minecraft:oak_planks":68,"minecraft:diamond_sword":1,"minecraft:cooked_porkchop":21,"minecraft:diamond_axe":1,"minecraft:crafting_table":1,"minecraft:wooden_pickaxe":1,"usefulbackpacks:backpack_small":1,"minecraft:furnace":1,"minecraft:cooked_mutton":23,"minecraft:diamond_helmet":1,"minecraft:diamond_leggings":1,"minecraft:diamond_pickaxe":2,"minecraft:shield":1,"minecraft:iron_axe":1,"minecraft:stick":32,"usefulbackpacks:backpack_large":1,"minecraft:iron_ingot":9,"minecraft:iron_pickaxe":1,"minecraft:stone_pickaxe":4,"minecraft:wooden_axe":2,"minecraft:white_bed":1,"minecraft:diamond_boots":1,"usefulbackpacks:backpack_medium":1,"minecraft:torch":8,"minecraft:diamond_chestplate":1},"minecraft:used":{"minecraft:cooked_mutton":15,"minecraft:water_bucket":1,"minecraft:stone_pickaxe":390,"minecraft:blackstone":41,"minecraft:wooden_pickaxe":33,"minecraft:shield":1,"minecraft:diamond_axe":35,"minecraft:torch":7,"minecraft:crafting_table":14,"minecraft:white_bed":1,"minecraft:wooden_axe":35,"minecraft:diamond_pickaxe":508,"minecraft:iron_axe":13,"minecraft:iron_pickaxe":250,"minecraft:stone_axe":28,"minecraft:diamond_sword":116,"minecraft:potion":4,"minecraft:cobblestone":14,"minecraft:furnace":3,"minecraft:cooked_porkchop":6,"minecraft:bucket":2},"minecraft:picked_up":{"iceandfire:dragon_skull_lightning":1,"mowziesmobs:umvuthana_mask_fury":1,"minecraft:magma_block":3,"minecraft:crafting_table":15,"minecraft:feather":2,"minecraft:leather":29,"minecraft:brewing_stand":1,"create:raw_zinc":12,"minecraft:light_gray_dye":1,"minecraft:oak_log":47,"tombstone:grave_key":1,"minecraft:gunpowder":2,"minecraft:lapis_lazuli":13,"skilltree:gem":26,"minecraft:string":10,"minecraft:raw_copper":15,"minecraft:bone":3,"minecraft:blackstone":665,"minecraft:raw_gold":13,"minecraft:cobbled_deepslate":40,"minecraft:bucket":1,"minecraft:beef":51,"minecraft:bamboo":1,"minecraft:oak_planks":2,"minecraft:furnace":3,"minecraft:book":3,"hexerei:animal_fat":13,"minecraft:raw_iron":19,"iceandfire:dragonbone":25,"minecraft:torch":4,"minecraft:gravel":10,"minecraft:porkchop":21,"tombstone:grave_dust":2,"minecraft:redstone":25,"minecraft:diamond":69,"minecraft:stone_axe":1,"minecraft:granite":10,"alexsmobs:emu_egg":1,"minecraft:emerald":1,"minecraft:black_carpet":2,"minecraft:black_wool":2,"minecraft:mutton":37,"minecraft:coal":54,"minecraft:white_wool":24,"minecraft:cobblestone":133,"minecraft:diamond_pickaxe":1}},"DataVersion":3465}