{"stats":{"minecraft:mined":{"minecraft:white_bed":73,"iceandfire:copper_pile":4,"alexscaves:limestone":3,"minecraft:obsidian":19,"minecraft:granite":144,"minecraft:acacia_log":14,"minecraft:oxeye_daisy":1,"minecraft:spawner":1,"minecraft:magma_block":3,"minecraft:fire":45,"minecraft:cobbled_deepslate":84,"minecraft:moss_carpet":1,"minecraft:deepslate_lapis_ore":5,"minecraft:enchanting_table":1,"iceandfire:gold_pile":235,"minecraft:white_banner":2,"create:veridium":25,"minecraft:player_head":1,"hexerei:witch_hazel_drying_rack":2,"minecraft:brown_mushroom":30,"alexscaves:amber":14,"minecraft:crimson_nylium":5,"minecraft:smoker":6,"minecraft:powder_snow":2,"minecraft:torch":127,"born_in_chaos_v1:infected_deepslate_diamond_ore":6,"minecraft:melon":2,"minecraft:dead_bush":2,"iceandfire:sapphire_ore":1,"minecraft:sugar_cane":64,"iceandfire:crackled_stone":25,"minecraft:mud":3,"minecraft:wheat":696,"minecraft:pitcher_plant":1,"minecraft:stone_brick_stairs":3,"minecraft:grass":160,"tombstone:decorative_grave_simple":14,"minecraft:mangrove_log":1,"alexscaves:flood_basalt":74,"minecraft:smooth_basalt":32,"minecraft:red_mushroom_block":2,"minecraft:deepslate":1862,"minecraft:infested_deepslate":7,"create:zinc_ore":10,"alexscaves:primal_magma":5,"iceandfire:silver_ore":4,"minecraft:mossy_cobblestone":7,"minecraft:dark_oak_log":53,"minecraft:allium":1,"minecraft:spruce_fence":50,"born_in_chaos_v1:black_argillite":12,"minecraft:crimson_roots":1,"minecraft:moss_block":25,"minecraft:red_mushroom":13,"minecraft:redstone_ore":3,"minecraft:andesite":503,"minecraft:potatoes":96,"minecraft:vine":3,"minecraft:bamboo":4,"iceandfire:dragonforge_fire_core":1,"minecraft:white_wool":16,"minecraft:bone_block":51,"minecraft:cake":1,"minecraft:smithing_table":2,"minecraft:glass_pane":1,"minecraft:soul_sand":9,"minecraft:dandelion":3,"minecraft:cornflower":2,"minecraft:emerald_ore":223,"minecraft:copper_ore":30,"minecraft:tall_grass":46,"minecraft:deepslate_gold_ore":18,"minecraft:diorite":388,"minecraft:coarse_dirt":2,"minecraft:white_carpet":17,"minecraft:spruce_log":172,"minecraft:birch_leaves":11,"iceandfire:silver_pile":3,"minecraft:gravel":91,"minecraft:dripstone_block":1,"minecraft:cobweb":62,"minecraft:spruce_fence_gate":6,"minecraft:stone_bricks":103,"minecraft:chipped_anvil":1,"minecraft:infested_stone":5,"minecraft:fern":4,"create:deepslate_zinc_ore":14,"minecraft:spruce_planks":4,"minecraft:stone_pressure_plate":2,"minecraft:black_candle_cake":1,"minecraft:sculk_vein":12,"minecraft:brewing_stand":1,"minecraft:spruce_trapdoor":4,"minecraft:budding_amethyst":1,"minecraft:grass_block":72,"minecraft:soul_soil":92,"minecraft:frosted_ice":2,"minecraft:composter":4,"iceandfire:crackled_cobblestone":24,"minecraft:raw_iron_block":1,"minecraft:glowstone":49,"minecraft:iron_ore":48,"minecraft:black_carpet":2,"minecraft:anvil":5,"iceandfire:crackled_dirt":3,"minecraft:red_tulip":3,"minecraft:black_candle":1,"minecraft:azalea":3,"iceandfire:dragonforge_fire_input":1,"rocks:bamboo_stick":1,"iceandfire:chared_cobblestone":284,"minecraft:deepslate_redstone_ore":6,"minecraft:blackstone":799,"minecraft:clay":75,"iceandfire:dragon_ice_spikes":130,"iceandfire:ghost_chest":1,"minecraft:chest":3,"minecraft:calcite":43,"minecraft:poppy":2,"minecraft:cobblestone":177,"minecraft:oak_planks":22,"minecraft:iron_door":1,"minecraft:wall_torch":74,"minecraft:deepslate_copper_ore":7,"minecraft:birch_log":7,"minecraft:oak_log":82,"minecraft:sand":97,"minecraft:dirt":136,"minecraft:ancient_debris":6,"minecraft:netherrack":201,"minecraft:oak_leaves":3,"iceandfire:chared_stone":320,"minecraft:diamond_ore":14,"minecraft:tuff":271,"minecraft:deepslate_diamond_ore":528,"iceandfire:frozen_cobblestone":141,"iceandfire:crackled_gravel":1,"born_in_chaos_v1:infected_diamond_ore":2,"minecraft:gray_stained_glass_pane":1,"iceandfire:frozen_stone":157,"minecraft:spruce_leaves":18,"iceandfire:chared_dirt":1,"iceandfire:dragon_ice":2,"minecraft:rooted_dirt":2,"rocks:rock":1,"iceandfire:dragonforge_ice_brick":16,"minecraft:sandstone":3,"minecraft:large_fern":3,"minecraft:hay_block":153,"minecraft:oak_trapdoor":2,"minecraft:furnace":18,"iceandfire:crackled_grass":1,"create:scorchia":10,"minecraft:stripped_spruce_log":11,"iceandfire:dragon_bone_block":16,"minecraft:bookshelf":26,"minecraft:deepslate_iron_ore":3,"minecraft:lantern":1,"minecraft:stone":3733,"minecraft:podzol":2,"minecraft:acacia_leaves":8,"minecraft:spruce_door":1,"minecraft:crafting_table":78,"minecraft:oak_wood":2,"minecraft:rose_bush":2,"minecraft:sculk_sensor":22,"minecraft:lectern":226,"minecraft:stone_slab":1,"minecraft:lapis_ore":7,"minecraft:sculk":666,"minecraft:spruce_stairs":3,"minecraft:birch_planks":11,"iceandfire:ash":1,"iceandfire:dragonforge_fire_brick":17,"minecraft:yellow_bed":3,"minecraft:potted_azure_bluet":1,"minecraft:coal_ore":447,"minecraft:cyan_carpet":1,"minecraft:terracotta":16},"minecraft:killed":{"guardvillagers:guard":5,"alexsmobs:lobster":3,"minecraft:cave_spider":4,"iceandfire:hippogryph":1,"born_in_chaos_v1:zombie_lumberjack":17,"born_in_chaos_v1:restless_spirit":26,"born_in_chaos_v1:skeleton_demoman":9,"born_in_chaos_v1:door_knight_not_despawn":1,"born_in_chaos_v1:pumpkin_spirit":2,"alexsmobs:murmur":1,"iceandfire:stymphalian_bird":15,"born_in_chaos_v1:siamese_skeletonsright":8,"minecraft:zombie_horse":3,"born_in_chaos_v1:baby_skeleton_minion":14,"creeperoverhaul:dripstone_creeper":7,"minecraft:skeleton":353,"minecraft:chicken":4,"alexsmobs:capuchin_monkey":2,"creeperoverhaul:jungle_creeper":1,"born_in_chaos_v1:skeleton_thrasher":10,"majruszsdifficulty:creeperling":5,"creeperoverhaul:cave_creeper":2,"alexsmobs:centipede_head":3,"born_in_chaos_v1:supreme_bonescaller_stage_2":1,"bugs_aplenty:sunbeam_butterfly":2,"minecraft:cat":2,"born_in_chaos_v1:supreme_bonescaller":1,"born_in_chaos_v1:bone_imp":7,"alexsmobs:seal":10,"minecraft:iron_golem":13,"majruszsdifficulty:tank":24,"minecraft:pillager":69,"minecraft:zombie":431,"born_in_chaos_v1:corpse_fly":69,"ribbits:ribbit":2,"iceandfire:lightning_dragon":7,"born_in_chaos_v1:door_knight":10,"iceandfire:sea_serpent":3,"minecraft:cow":66,"minecraft:evoker":8,"alexsmobs:raccoon":2,"minecraft:vindicator":37,"majruszsdifficulty:illusioner":3,"endermanoverhaul:swamp_enderman":1,"alexsmobs:seagull":1,"born_in_chaos_v1:skeleton_thrasher_not_despawn":1,"born_in_chaos_v1:firelight":7,"minecraft:horse":1,"born_in_chaos_v1:dire_hound_leader":3,"bugs_aplenty:dragonfly_auburn":1,"mowziesmobs:ferrous_wroughtnaut":2,"born_in_chaos_v1:lifestealer":1,"iceandfire:siren":7,"alexsmobs:tusklin":1,"minecraft:warden":1,"born_in_chaos_v1:barrel_zombie":10,"born_in_chaos_v1:spiritof_chaos":4,"minecraft:husk":97,"alexsmobs:guster":1,"born_in_chaos_v1:bone_imp_minion":4,"iceandfire:cyclops":6,"minecraft:wandering_trader":1,"majruszsdifficulty:cursed_armor":2,"minecraft:ravager":6,"born_in_chaos_v1:decrepit_skeleton":83,"alexsmobs:gelada_monkey":1,"born_in_chaos_v1:bloody_gadfly":10,"endermanoverhaul:cave_enderman":1,"alexsmobs:crocodile":1,"iceandfire:ghost":4,"born_in_chaos_v1:dark_vortex":5,"iceandfire:ice_dragon":24,"creeperoverhaul:savannah_creeper":1,"alexscaves:grottoceratops":20,"minecraft:enderman":8,"born_in_chaos_v1:lifestealer_true_form":6,"born_in_chaos_v1:zombie_clown":8,"minecraft:zombified_piglin":1,"minecraft:witch":17,"endermanoverhaul:mushroom_fields_enderman":3,"creeperoverhaul:beach_creeper":4,"minecraft:spider":93,"alexsmobs:froststalker":4,"born_in_chaos_v1:scarlet_persecutor":21,"creeperoverhaul:bamboo_creeper":3,"alexsmobs:banana_slug":2,"minecraft:bee":2,"minecraft:silverfish":8,"born_in_chaos_v1:firelight_not_despawn":1,"minecraft:piglin":2,"born_in_chaos_v1:bonescaller":11,"minecraft:pig":57,"alexsmobs:grizzly_bear":1,"born_in_chaos_v1:diamond_termite":13,"minecraft:zombie_villager":21,"alexsmobs:stradpole":3,"iceandfire:hydra":4,"minecraft:creeper":79,"alexsmobs:crimson_mosquito":6,"minecraft:sheep":184,"minecraft:trader_llama":2,"born_in_chaos_v1:zombie_fisherman":11,"born_in_chaos_v1:dread_hound":51,"alexsmobs:terrapin":3,"creeperoverhaul:swamp_creeper":5,"alexsmobs:sunbird":1,"minecraft:stray":105,"alexsmobs:fly":2,"iceandfire:pixie":13,"cave_dweller:cave_dweller":8,"bugs_aplenty:monarch_butterfly":1,"mowziesmobs:umvuthana_raptor":1,"born_in_chaos_v1:siamese_skeletonsleft":9,"alexscaves:vallumraptor":23,"alexscaves:tremorsaurus":1,"minecraft:vex":23,"born_in_chaos_v1:missioner":8,"bugs_aplenty:hairstreak_butterfly":1,"bugs_aplenty:beetle_lightgray_striped":1,"alexsmobs:tasmanian_devil":2,"minecraft:slime":10,"born_in_chaos_v1:zombie_bruiser":13,"born_in_chaos_v1:maggot":174,"minecraft:phantom":17,"alexsmobs:blue_jay":1,"iceandfire:fire_dragon":25,"alexsmobs:soul_vulture":1,"alexsmobs:bison":2,"minecraft:drowned":11,"born_in_chaos_v1:corpse_fish":3,"alexscaves:atlatitan":1,"alexscaves:relicheirus":7,"majruszsdifficulty:cerberus":5,"mowziesmobs:umvuthana":3,"born_in_chaos_v1:siamese_skeletons":5,"born_in_chaos_v1:fallen_chaos_knight":6,"born_in_chaos_v1:baby_skeleton":29,"born_in_chaos_v1:swarmer":8,"creeperoverhaul:spruce_creeper":3,"iceandfire:amphithere":1,"minecraft:bat":3,"mowziesmobs:umvuthana_follower_raptor":5,"alexsmobs:emu":3,"born_in_chaos_v1:phantom_creeper_copy":3,"born_in_chaos_v1:decaying_zombie":38,"alexsmobs:cockroach":2,"alexscaves:subterranodon":8,"alexsmobs:gazelle":1,"alexsmobs:caiman":3,"born_in_chaos_v1:nightmare_stalker":20,"alexsmobs:crow":1,"minecraft:wither_skeleton":71,"minecraft:villager":22,"tombstone:grave_guardian":1},"minecraft:dropped":{"iceandfire:chared_stone":63,"alexsdelight:raw_bison":2,"iceandfire:dragonarmor_diamond_head":1,"minecraft:iron_sword":4,"hexerei:wax_blend":6,"iceandfire:raw_silver":6,"bugs_aplenty:dragonfly_wing":1,"minecraft:lapis_lazuli":23,"minecraft:porkchop":4,"minecraft:cooked_beef":1,"minecraft:glow_ink_sac":10,"iceandfire:armor_white_helmet":1,"minecraft:diamond":7,"minecraft:spore_blossom":4,"minecraft:crafting_table":4,"alexscaves:curly_fern":1,"hexerei:pestle_and_mortar":2,"minecraft:crossbow":3,"majruszsdifficulty:sonic_boom_scroll":1,"minecraft:glow_berries":5,"minecraft:rooted_dirt":1,"alexscaves:pewen_log":16,"iceandfire:ectoplasm":4,"minecraft:saddle":2,"born_in_chaos_v1:pieceofdarkmetal":45,"born_in_chaos_v1:nightmare_claw":8,"minecraft:rail":1,"minecraft:leather_helmet":1,"minecraft:red_mushroom":16,"minecraft:emerald":1,"born_in_chaos_v1:monster_flesh":37,"minecraft:dirt":272,"born_in_chaos_v1:nightmare_stalker_skull":1,"born_in_chaos_v1:phantom_powder":1,"minecraft:stone_button":5,"iceandfire:armor_red_boots":1,"create:scorchia":10,"iceandfire:dragon_horn":5,"alexscaves:primal_magma":2,"minecraft:horn_coral":2,"minecraft:chain":8,"minecraft:gold_nugget":270,"minecraft:bone_meal":179,"minecraft:phantom_membrane":23,"minecraft:sand":4,"iceandfire:fire_dragon_blood":1,"minecraft:iron_pickaxe":2,"majruszsdifficulty:tattered_leggings":9,"minecraft:dark_oak_planks":1,"alexsmobs:raccoon_tail":1,"minecraft:white_wool":63,"minecraft:bone":681,"usefulbackpacks:backpack_large":3,"majruszsdifficulty:cloth":63,"alexsmobs:centipede_leg":2,"minecraft:stone_axe":3,"minecraft:diamond_block":1,"minecraft:iron_nugget":25,"tombstone:scroll_of_aquatic_life":1,"minecraft:cobbled_deepslate":1139,"alexsmobs:animal_dictionary":1,"minecraft:black_carpet":2,"iceandfire:sea_serpent_scales_deepblue":4,"minecraft:wheat":29,"minecraft:obsidian":4,"alexscaves:tough_hide":12,"tombstone:gift":7,"minecraft:rotten_flesh":426,"born_in_chaos_v1:smoked_flesh":2,"minecraft:oak_planks":11,"alexsmobs:emu_egg":1,"minecraft:azure_bluet":1,"minecraft:white_bed":1,"iceandfire:crackled_gravel":1,"minecraft:salmon":1,"iceandfire:dragonscales_blue":103,"minecraft:mangrove_fence":3,"iceandfire:shiny_scales":13,"iceandfire:armor_gray_leggings":1,"iceandfire:sapphire_gem":5,"born_in_chaos_v1:charmof_stealth":1,"alexsmobs:blood_sac":3,"minecraft:tipped_arrow":37,"alexscaves:dinosaur_chop":26,"born_in_chaos_v1:fangofthe_hound_leader":1,"minecraft:charcoal":1,"minecraft:jungle_log":2,"minecraft:acacia_sapling":1,"iceandfire:crackled_cobblestone":38,"minecraft:leather_boots":1,"minecraft:leather_leggings":1,"minecraft:glass":11,"minecraft:beef":6,"iceandfire:ice_dragon_blood":25,"iceandfire:armor_bronze_leggings":2,"iceandfire:manuscript":2,"minecraft:egg":1,"farmersdelight:tomato_seeds":1,"minecraft:enchanted_book":16,"minecraft:golden_boots":1,"minecraft:iron_ingot":62,"born_in_chaos_v1:intoxicating_decoction":5,"born_in_chaos_v1:shattered_skull":4,"iceandfire:dragonarmor_diamond_body":1,"minecraft:wheat_seeds":729,"minecraft:dripstone_block":2,"alexscaves:limestone_spear":24,"minecraft:prismarine_crystals":6,"minecraft:feather":8,"born_in_chaos_v1:holiday_candy":91,"minecraft:cobblestone":748,"majruszsdifficulty:soul_jar":9,"iceandfire:dragon_stick":2,"minecraft:apple":2,"minecraft:granite":55,"skilltree:toxic_quiver":1,"born_in_chaos_v1:charmof_endurance":1,"minecraft:spruce_door":1,"minecraft:coal":82,"minecraft:oxeye_daisy":1,"born_in_chaos_v1:gnawed_bones":5,"minecraft:gray_wool":4,"iceandfire:armor_red_helmet":1,"born_in_chaos_v1:black_argillite":8,"alexscaves:ancient_sapling":1,"minecraft:ink_sac":1,"iceandfire:copper_nugget":143,"minecraft:wooden_axe":1,"skilltree:gem":165,"minecraft:cooked_salmon":20,"minecraft:diamond_helmet":7,"alexscaves:limestone":36,"minecraft:oak_stairs":1,"minecraft:smooth_stone":5,"minecraft:white_banner":8,"minecraft:mud":3,"iceandfire:dragonsteel_fire_sword":2,"minecraft:paper":3,"minecraft:string":277,"minecraft:acacia_planks":26,"create:raw_zinc":22,"minecraft:spruce_sapling":3,"iceandfire:frozen_cobblestone":28,"minecraft:pink_tulip":2,"iceandfire:silver_nugget":367,"iceandfire:dragonscales_gray":5,"minecraft:moss_carpet":7,"hexerei:animal_fat":134,"hexerei:sage_seed":39,"minecraft:soul_soil":15,"minecraft:player_head":3,"minecraft:pitcher_plant":1,"minecraft:stone_sword":3,"minecraft:cocoa_beans":1,"minecraft:bowl":4,"iceandfire:dragonegg_silver":1,"alexsmobs:pigshoes":1,"born_in_chaos_v1:rotten_fish":12,"iceandfire:armor_bronze_boots":2,"iceandfire:dragonegg_amythest":1,"minecraft:clay_ball":244,"minecraft:iron_boots":3,"minecraft:stone_slab":1,"iceandfire:dragon_skull_ice":5,"iceandfire:ambrosia":4,"iceandfire:armor_bronze_chestplate":1,"minecraft:spruce_fence":40,"minecraft:torchflower_seeds":3,"minecraft:oak_sign":2,"minecraft:shears":1,"alexscaves:heavy_bone":4,"alexscaves:flood_basalt":12,"iceandfire:dragon_ice":1,"minecraft:diamond_sword":2,"minecraft:potato":93,"minecraft:hay_block":15,"minecraft:flower_pot":1,"minecraft:sea_pickle":2,"minecraft:allium":3,"iceandfire:frozen_splinters":1,"majruszsdifficulty:bandage":97,"minecraft:bundle":9,"minecraft:spruce_planks":74,"minecraft:diamond_pickaxe":7,"iceandfire:dragonbone_arrow":177,"minecraft:barrel":2,"minecraft:stone_bricks":5,"minecraft:spider_eye":20,"born_in_chaos_v1:charmof_resistance":1,"minecraft:bamboo":26,"minecraft:light_gray_dye":1,"minecraft:sandstone":10,"minecraft:bow":8,"iceandfire:dragonbone_sword_lightning":2,"iceandfire:crackled_stone":4,"minecraft:magma_block":3,"iceandfire:sea_serpent_fang":7,"minecraft:black_wool":7,"minecraft:candle":8,"minecraft:soul_sand":23,"minecraft:moss_block":21,"minecraft:brown_mushroom":5,"minecraft:birch_planks":11,"iceandfire:armor_bronze_helmet":1,"alexsmobs:banana_slug_slime":2,"minecraft:oak_log":2,"minecraft:baked_potato":140,"iceandfire:dragonscales_silver":95,"minecraft:ender_pearl":1,"minecraft:dark_oak_sapling":1,"iceandfire:ice_dragon_flesh":18,"majruszsdifficulty:tattered_helmet":16,"iceandfire:fire_dragon_flesh":7,"minecraft:lantern":4,"minecraft:leather":29,"iceandfire:tide_trident":1,"minecraft:flint":15,"tombstone:bag_of_seeds":7,"majruszsdifficulty:cerberus_fang":5,"rocks:cobblestone_splitter":2,"minecraft:dark_oak_log":2,"born_in_chaos_v1:monster_skin":22,"minecraft:cornflower":1,"minecraft:mutton":16,"minecraft:coast_armor_trim_smithing_template":1,"minecraft:seagrass":4,"majruszsdifficulty:tattered_boots":16,"iceandfire:dragonscales_red":2,"usefulbackpacks:backpack_small":1,"farmersdelight:onion":1,"iceandfire:ash":5,"minecraft:birch_log":3,"iceandfire:armor_gray_helmet":1,"minecraft:gold_ingot":22,"majruszsdifficulty:tattered_chestplate":6,"minecraft:gravel":61,"hexerei:yellow_dock_leaves":1,"minecraft:crimson_fungus":1,"minecraft:blackstone":620,"alexscaves:pewen_sapling":4,"born_in_chaos_v1:fire_dust":7,"alexscaves:amber":12,"born_in_chaos_v1:ethereal_spirit":35,"minecraft:pointed_dripstone":5,"iceandfire:dragonegg_bronze":1,"iceandfire:frozen_stone":26,"minecraft:cooked_mutton":17,"alexscaves:pewen_wood":2,"minecraft:carrot":4,"minecraft:poppy":3,"alexsmobs:elastic_tendon":1,"born_in_chaos_v1:seedof_chaos":7,"minecraft:mangrove_log":3,"minecraft:gunpowder":39,"iceandfire:dragonscale_silver":4,"iceandfire:armor_silver_boots":1,"born_in_chaos_v1:corpse_maggot":75,"iceandfire:dragonarmor_diamond_tail":1,"minecraft:azalea":2,"iceandfire:pixie_dust":3,"minecraft:chest":3,"born_in_chaos_v1:diamond_termite_shard":11,"alexscaves:cooked_dinosaur_chop":18,"minecraft:arrow":548,"minecraft:netherrack":30,"mowziesmobs:umvuthana_mask_fury":1,"born_in_chaos_v1:dark_rod":2,"fruitsdelight:lemon":1,"minecraft:bread":57,"iceandfire:dragonscales_sapphire":12,"born_in_chaos_v1:wood_splitter_axe":1,"minecraft:golden_helmet":1,"minecraft:cherry_log":3,"minecraft:mossy_cobblestone":21,"mowziesmobs:foliaath_seed":2,"minecraft:diamond_leggings":5,"minecraft:poisonous_potato":1,"minecraft:prismarine_shard":12,"minecraft:lead":2,"alexscaves:pewen_branch":1,"minecraft:copper_ingot":4,"minecraft:spruce_stairs":4,"minecraft:grass_block":2,"minecraft:spruce_fence_gate":6,"minecraft:stick":36,"iceandfire:dragon_flute":2,"minecraft:diorite":100,"born_in_chaos_v1:river_mint":2,"iceandfire:crackled_dirt":2,"tombstone:magic_scroll":8,"minecraft:torch":81,"tombstone:grave_key":8,"iceandfire:dragonegg_white":1,"born_in_chaos_v1:fused_bone":4,"tombstone:grave_dust":100,"iceandfire:armor_silver_chestplate":1,"minecraft:iron_leggings":3,"born_in_chaos_v1:lifestealer_bone":9,"iceandfire:ice_dragon_heart":2,"minecraft:iron_axe":3,"minecraft:raw_iron_block":1,"minecraft:bucket":1,"minecraft:dandelion":2,"iceandfire:dragonbone":62,"minecraft:smooth_basalt":6,"minecraft:redstone":14,"iceandfire:armor_red_chestplate":1,"iceandfire:dragonscale_sapphire":1,"minecraft:sweet_berries":1,"alexsmobs:maggot":4,"minecraft:brown_dye":1,"hexerei:witch_hazel_drying_rack":1,"minecraft:raw_copper":154,"minecraft:tuff":201,"iceandfire:witherbone":3,"minecraft:composter":3,"minecraft:raw_iron":35,"iceandfire:dragonegg_blue":1,"minecraft:wither_skeleton_skull":2,"minecraft:light_gray_wool":1,"iceandfire:dragonbone_sword_fire":1,"iceandfire:dragonbone_sword_ice":3,"born_in_chaos_v1:spiritual_dust":1,"minecraft:totem_of_undying":1,"minecraft:shield":6,"minecraft:diamond_chestplate":4,"mowziesmobs:umvuthana_mask_misery":1,"iceandfire:chared_cobblestone":123,"minecraft:iron_chestplate":2,"minecraft:andesite":88,"minecraft:fire_coral":1,"minecraft:oak_sapling":14,"iceandfire:dragonbone_bow":1,"alexscaves:pine_nuts":5,"tombstone:essence_of_undeath":4,"minecraft:spruce_log":2,"minecraft:diamond_boots":3,"minecraft:slime_ball":4,"minecraft:stone_pickaxe":5,"minecraft:wooden_pickaxe":3,"minecraft:raw_gold":5,"minecraft:calcite":21,"iceandfire:dragonarmor_diamond_neck":1},"minecraft:used":{"minecraft:moss_block":1,"iceandfire:dragonforge_fire_input":2,"minecraft:spruce_slab":1,"minecraft:chest":4,"minecraft:soul_sand":2,"minecraft:allium":1,"majruszsdifficulty:golden_bandage":13,"minecraft:spruce_boat":6,"born_in_chaos_v1:smoked_flesh":320,"minecraft:lava_bucket":5,"iceandfire:crackled_gravel":1,"minecraft:birch_sapling":1,"minecraft:bow":2,"minecraft:sweet_berries":37,"minecraft:dark_oak_boat":2,"iceandfire:chared_stone":118,"minecraft:furnace":24,"minecraft:egg":3,"minecraft:potato":34,"iceandfire:frozen_cobblestone":19,"minecraft:diorite":100,"minecraft:blackstone":66,"iceandfire:dragonbone_sword_ice":1832,"minecraft:wooden_pickaxe":64,"minecraft:composter":1,"born_in_chaos_v1:holiday_candy":6,"minecraft:cyan_carpet":1,"minecraft:lectern":222,"iceandfire:chared_cobblestone":28,"minecraft:diamond_sword":850,"minecraft:smithing_table":2,"iceandfire:dragon_bone_block":32,"minecraft:oak_boat":8,"iceandfire:dragonforge_ice_brick":30,"minecraft:stone_sword":12,"minecraft:enchanting_table":1,"minecraft:cooked_salmon":68,"minecraft:netherrack":92,"minecraft:torch":690,"minecraft:anvil":9,"minecraft:chipped_anvil":1,"minecraft:rooted_dirt":1,"minecraft:iron_axe":13,"iceandfire:dragon_ice":2,"iceandfire:dragonegg_gray":1,"minecraft:beef":31,"tombstone:gift":10,"minecraft:cobbled_deepslate":561,"minecraft:acacia_planks":1,"minecraft:wheat_seeds":697,"minecraft:water_bucket":97,"minecraft:birch_planks":12,"iceandfire:crackled_stone":22,"minecraft:salmon":1,"minecraft:tnt":3,"minecraft:crafting_table":92,"minecraft:white_bed":82,"alexscaves:extinction_spear":61,"minecraft:oak_log":2,"minecraft:iron_pickaxe":668,"majruszsdifficulty:undead_army_treasure_bag":14,"minecraft:diamond_shovel":176,"minecraft:diamond_pickaxe":11172,"iceandfire:dragon_horn":88,"tombstone:magic_scroll":1,"majruszsdifficulty:pillager_treasure_bag":2,"iceandfire:dragonbone_sword_fire":168,"minecraft:mangrove_propagule":3,"minecraft:spruce_trapdoor":7,"iceandfire:dragonsteel_ice_sword":17,"majruszsdifficulty:warden_treasure_bag":2,"iceandfire:crackled_cobblestone":1,"minecraft:cobblestone":2291,"minecraft:potion":9,"minecraft:porkchop":5,"minecraft:cooked_porkchop":67,"minecraft:black_candle":1,"minecraft:stripped_oak_log":1,"alexscaves:flytrap":1,"minecraft:cherry_sapling":1,"iceandfire:tide_trident":31,"minecraft:oak_sign":1,"minecraft:diamond_hoe":38,"minecraft:shield":416,"minecraft:iron_sword":52,"minecraft:sculk_sensor":1,"minecraft:mutton":8,"hexerei:witch_hazel_stairs":1,"alexscaves:flood_basalt":49,"iceandfire:frozen_stone":47,"minecraft:tuff":21,"minecraft:obsidian":30,"minecraft:glass":1,"tombstone:decorative_grave_simple":14,"alexscaves:amber":14,"iceandfire:dragonsteel_fire_sword":1313,"born_in_chaos_v1:gnawed_bones":1,"minecraft:stone_bricks":34,"minecraft:item_frame":3,"minecraft:diamond_boots":1,"minecraft:stone_pickaxe":748,"minecraft:oak_planks":48,"minecraft:ender_pearl":4,"minecraft:diamond_axe":584,"minecraft:loom":1,"minecraft:mushroom_stew":4,"iceandfire:dragonbone_sword_lightning":37,"minecraft:stone_brick_wall":1,"minecraft:dark_oak_log":1,"iceandfire:dragonsteel_fire_axe":2,"tombstone:grave_key":11,"minecraft:melon_slice":9,"minecraft:bread":312,"iceandfire:ice_dragon_flesh":3,"iceandfire:dragon_skull_fire":2,"minecraft:andesite":280,"iceandfire:dragonegg_red":1,"minecraft:coarse_dirt":2,"minecraft:bone_meal":263,"minecraft:cobweb":5,"minecraft:experience_bottle":15,"minecraft:flint_and_steel":4,"minecraft:spruce_planks":60,"minecraft:cooked_chicken":3,"minecraft:oak_door":1,"minecraft:dirt":13,"minecraft:white_carpet":19,"minecraft:granite":89,"minecraft:spruce_fence":9,"alexscaves:limestone_spear":7,"minecraft:wooden_axe":67,"iceandfire:dragonforge_fire_core_disabled":2,"iceandfire:dragonforge_fire_brick":34,"minecraft:soul_soil":28,"minecraft:cooked_beef":69,"minecraft:cooked_mutton":28,"minecraft:acacia_boat":1,"iceandfire:fire_dragon_flesh":14,"minecraft:pink_tulip":1,"fruitsdelight:cranberry":2,"minecraft:glass_bottle":1,"minecraft:baked_potato":452,"iceandfire:crackled_grass":1,"minecraft:birch_boat":2,"minecraft:terracotta":16,"iceandfire:dragonsteel_fire_leggings":3,"minecraft:smoker":7,"tombstone:bag_of_seeds":1,"iceandfire:ambrosia":3,"iceandfire:dragonbone_bow":193,"minecraft:stone_axe":49,"iceandfire:dragonsteel_fire_helmet":2,"minecraft:white_banner":2,"majruszsdifficulty:bandage":29,"minecraft:bucket":103,"minecraft:yellow_bed":2,"minecraft:smooth_stone":3},"minecraft:custom":{"minecraft:interact_with_crafting_table":438,"minecraft:open_barrel":145,"minecraft:bell_ring":2,"minecraft:eat_cake_slice":21,"minecraft:leave_game":44,"minecraft:time_since_death":794366,"minecraft:damage_blocked_by_shield":1840,"minecraft:play_time":3023698,"minecraft:deaths":107,"minecraft:jump":63055,"minecraft:enchant_item":1,"minecraft:interact_with_furnace":258,"minecraft:traded_with_villager":49,"minecraft:sleep_in_bed":79,"minecraft:damage_dealt":847290,"tombstone:use_disenchantment":17,"tombstone:undead_killed":1468,"minecraft:interact_with_smithing_table":20,"minecraft:interact_with_smoker":162,"minecraft:horse_one_cm":239041,"minecraft:use_cauldron":1,"minecraft:interact_with_anvil":115,"minecraft:damage_dealt_absorbed":560,"minecraft:sneak_time":23735,"minecraft:interact_with_lectern":4,"minecraft:interact_with_blast_furnace":4,"minecraft:total_world_time":3023698,"tombstone:raider_killed":157,"minecraft:time_since_rest":213480,"tombstone:cast_on_ally":1,"minecraft:swim_one_cm":869614,"minecraft:fly_one_cm":12731811,"minecraft:open_chest":1047,"minecraft:fall_one_cm":1335704,"minecraft:animals_bred":76,"minecraft:sprint_one_cm":13380408,"minecraft:drop":2014,"minecraft:talked_to_villager":321,"minecraft:interact_with_brewingstand":7,"minecraft:walk_on_water_one_cm":587724,"minecraft:interact_with_loom":18,"minecraft:player_kills":3,"minecraft:crouch_one_cm":74281,"tombstone:villager_killed":23,"minecraft:mob_kills":2955,"minecraft:interact_with_campfire":9,"minecraft:damage_dealt_resisted":77028,"minecraft:climb_one_cm":57615,"minecraft:walk_one_cm":8821064,"tombstone:consume_soul":17,"minecraft:raid_win":3,"minecraft:walk_under_water_one_cm":295083,"minecraft:boat_one_cm":703487,"minecraft:raid_trigger":2,"minecraft:interact_with_grindstone":1,"minecraft:damage_absorbed":208,"minecraft:damage_taken":86337,"minecraft:trigger_trapped_chest":2},"minecraft:killed_by":{"minecraft:warden":2,"minecraft:drowned":1,"iceandfire:ice_dragon":12,"iceandfire:fire_dragon":6,"minecraft:player":1,"minecraft:skeleton":3,"iceandfire:lightning_dragon":5},"minecraft:broken":{"minecraft:golden_boots":1,"minecraft:diamond_helmet":2,"minecraft:diamond_pickaxe":3,"minecraft:diamond_leggings":1,"minecraft:shield":1,"minecraft:iron_pickaxe":3,"minecraft:stone_pickaxe":4,"minecraft:diamond_boots":3,"minecraft:wooden_axe":2},"minecraft:crafted":{"minecraft:oak_sign":3,"iceandfire:banner_pattern_fire":1,"minecraft:birch_boat":2,"minecraft:loom":1,"minecraft:diamond_shovel":1,"minecraft:bookshelf":5,"minecraft:cooked_mutton":45,"minecraft:glass":91,"minecraft:diamond_helmet":8,"minecraft:diamond_leggings":6,"iceandfire:dragonbone_arrow":312,"iceandfire:dragonarmor_diamond_tail":2,"iceandfire:ambrosia":6,"iceandfire:dragonarmor_diamond_neck":2,"minecraft:glass_bottle":57,"minecraft:emerald":21,"minecraft:cooked_porkchop":65,"minecraft:diamond_axe":2,"iceandfire:dragonscale_silver":6,"skilltree:toxic_quiver":1,"minecraft:smithing_table":1,"iceandfire:armor_red_chestplate":1,"iceandfire:wither_shard":63,"minecraft:lectern":3,"iceandfire:dragonbone_sword_ice":1,"iceandfire:armor_white_helmet":1,"usefulbackpacks:backpack_large":7,"born_in_chaos_v1:smoked_flesh":332,"iceandfire:dragonsteel_fire_helmet":2,"iceandfire:summoning_crystal_fire":1,"minecraft:iron_pickaxe":2,"minecraft:iron_block":12,"iceandfire:dragonarmor_diamond_body":2,"minecraft:gold_ingot":220,"iceandfire:dragon_horn":5,"iceandfire:dragonsteel_fire_leggings":1,"tombstone:book_of_disenchantment":21,"iceandfire:dragonsteel_ice_sword":1,"minecraft:diamond_hoe":2,"iceandfire:dragonforge_ice_brick":12,"iceandfire:dragon_flute":3,"minecraft:bone_meal":618,"iceandfire:dragonscale_gray":9,"iceandfire:armor_silver_chestplate":1,"minecraft:stone_pickaxe":11,"minecraft:diamond_boots":8,"minecraft:spruce_boat":3,"iceandfire:dragonsteel_fire_ingot":30,"minecraft:dark_oak_planks":208,"iceandfire:dragonsteel_fire_chestplate":2,"minecraft:wheat":1134,"iceandfire:dragonbone_sword":2,"iceandfire:dragonforge_fire_input":1,"iceandfire:pixie_jar_empty":3,"minecraft:enchanted_book":25,"iceandfire:armor_red_helmet":1,"minecraft:fermented_spider_eye":3,"minecraft:wooden_axe":3,"minecraft:white_bed":10,"iceandfire:armor_bronze_leggings":2,"iceandfire:dragonforge_fire_brick":32,"minecraft:oak_planks":324,"iceandfire:armor_silver_boots":2,"iceandfire:dragonsteel_fire_axe":1,"minecraft:dark_oak_boat":1,"iceandfire:banner_pattern_fire_head":2,"usefulbackpacks:backpack_small":5,"alexscaves:pewen_planks":4,"iceandfire:dragonbone_sword_lightning":2,"tombstone:grave_key":2,"iceandfire:dragonscale_copper":2,"iceandfire:armor_gray_helmet":1,"minecraft:chest":3,"minecraft:golden_boots":1,"minecraft:smoker":2,"minecraft:white_banner":3,"minecraft:oak_slab":12,"minecraft:crafting_table":21,"minecraft:spruce_planks":372,"minecraft:wooden_pickaxe":4,"minecraft:baked_potato":660,"iceandfire:dragonarmor_diamond_head":2,"minecraft:birch_planks":28,"alexscaves:extinction_spear":1,"iceandfire:dragonbone_bow":1,"minecraft:spruce_trapdoor":2,"minecraft:paper":6,"minecraft:diamond_pickaxe":6,"iceandfire:armor_blue_leggings":1,"minecraft:yellow_dye":2,"minecraft:shield":8,"iceandfire:dragonscale_bronze":8,"minecraft:stick":736,"iceandfire:dragonsteel_fire_sword":1,"minecraft:light_blue_dye":1,"minecraft:iron_ingot":71,"minecraft:stone_sword":1,"iceandfire:dragonscale_sapphire":6,"iceandfire:armor_bronze_helmet":1,"iceandfire:dragonforge_fire_core_disabled":1,"minecraft:shears":1,"iceandfire:armor_gray_leggings":1,"iceandfire:dragonsteel_fire_boots":2,"iceandfire:armor_blue_chestplate":2,"iceandfire:dragon_stick":4,"iceandfire:dragonscale_green":20,"minecraft:furnace":18,"minecraft:mushroom_stew":4,"minecraft:diamond_block":45,"minecraft:flint_and_steel":2,"minecraft:iron_axe":1,"usefulbackpacks:backpack_medium":5,"iceandfire:armor_bronze_chestplate":2,"iceandfire:dragon_bone_block":16,"iceandfire:armor_red_boots":1,"minecraft:cooked_beef":76,"iceandfire:dragonscale_red":8,"minecraft:sugar":25,"minecraft:red_dye":8,"minecraft:diamond_sword":4,"iceandfire:dragon_meal":87,"iceandfire:armor_bronze_boots":3,"iceandfire:tide_trident":1,"minecraft:iron_sword":1,"minecraft:bowl":4,"minecraft:cooked_salmon":71,"minecraft:bucket":4,"minecraft:stone_axe":2,"minecraft:bread":482,"minecraft:acacia_boat":1,"minecraft:blue_dye":1,"minecraft:oak_boat":3,"iceandfire:dragonscale_blue":4,"alexscaves:limestone_spear":4,"minecraft:anvil":4,"minecraft:acacia_planks":52,"minecraft:torch":388,"iceandfire:armor_silver_helmet":1,"minecraft:diamond_chestplate":8},"minecraft:picked_up":{"born_in_chaos_v1:charmof_stealth":1,"minecraft:seagrass":4,"minecraft:iron_chestplate":4,"minecraft:anvil":5,"minecraft:flower_pot":1,"minecraft:stone_slab":1,"minecraft:prismarine_shard":16,"minecraft:smithing_table":2,"minecraft:lead":2,"minecraft:diamond_sword":1,"minecraft:oak_stairs":1,"minecraft:enchanted_book":8,"minecraft:brewing_stand":1,"iceandfire:manuscript":2,"minecraft:string":339,"minecraft:soul_soil":70,"minecraft:beetroot":1,"minecraft:diamond_leggings":2,"minecraft:gold_nugget":2449,"minecraft:cobbled_deepslate":2088,"born_in_chaos_v1:charmof_power":1,"minecraft:spruce_planks":11,"iceandfire:dragonforge_ice_brick":21,"minecraft:melon_slice":9,"minecraft:mangrove_log":4,"iceandfire:ambrosia":1,"minecraft:golden_helmet":1,"born_in_chaos_v1:shattered_skull":7,"minecraft:composter":5,"iceandfire:dragonarmor_diamond_neck":1,"minecraft:acacia_log":13,"bugs_aplenty:dragonfly_wing":1,"born_in_chaos_v1:pileof_dark_metal":1,"iceandfire:lightning_dragon_flesh":32,"minecraft:cherry_log":4,"rocks:sandstone_splitter":1,"alexscaves:pewen_branch":1,"alexsmobs:centipede_leg":2,"minecraft:stone_sword":3,"farmersdelight:onion":1,"iceandfire:fire_dragon_heart":21,"minecraft:red_tulip":3,"minecraft:carved_pumpkin":1,"tombstone:scroll_of_aquatic_life":1,"majruszsdifficulty:undead_army_treasure_bag":9,"minecraft:birch_log":13,"iceandfire:dragonscales_black":11,"iceandfire:sapphire_gem":6,"minecraft:magma_block":3,"minecraft:feather":10,"minecraft:cooked_beef":3,"minecraft:iron_door":1,"born_in_chaos_v1:spiritual_dust":6,"minecraft:water_bucket":2,"minecraft:jungle_log":3,"minecraft:dark_oak_boat":1,"minecraft:smoker":6,"hexerei:witch_hazel_drying_rack":1,"minecraft:flint":26,"iceandfire:dragonforge_fire_input":1,"tombstone:familiar_receptacle":1,"minecraft:lantern":7,"born_in_chaos_v1:nightmare_stalker_skull":1,"minecraft:chipped_anvil":1,"majruszsdifficulty:golden_bandage":12,"minecraft:diamond_helmet":1,"minecraft:glowstone_dust":121,"minecraft:moss_block":22,"hexerei:animal_fat":158,"hexerei:yellow_dock_flowers":2,"iceandfire:dragonscales_sapphire":140,"alexscaves:amber_curiosity":2,"iceandfire:dragon_skull_fire":23,"iceandfire:shiny_scales":24,"minecraft:stripped_spruce_log":10,"hexerei:yellow_dock_leaves":3,"iceandfire:stymphalian_bird_feather":40,"minecraft:ink_sac":1,"iceandfire:lightning_dragon_heart":5,"minecraft:dark_oak_log":55,"minecraft:barrel":3,"iceandfire:chared_cobblestone":286,"minecraft:bundle":16,"iceandfire:crackled_stone":27,"alexscaves:primal_magma":2,"iceandfire:dragonegg_blue":3,"minecraft:granite":144,"iceandfire:dragonbone_bow":1,"minecraft:bread":6,"minecraft:rooted_dirt":2,"alexsmobs:maggot":5,"born_in_chaos_v1:rotten_fish":14,"iceandfire:raw_silver":6,"rocks:cobblestone_splitter":2,"minecraft:diamond_pickaxe":8,"minecraft:mud":3,"iceandfire:dragon_skull_lightning":7,"minecraft:coarse_dirt":2,"minecraft:crafting_table":78,"iceandfire:witherbone":32,"minecraft:clay_ball":320,"born_in_chaos_v1:seedof_chaos":18,"minecraft:leather_leggings":1,"iceandfire:dragonbone_arrow":19,"born_in_chaos_v1:charmof_resistance":3,"minecraft:fire_coral":1,"minecraft:cornflower":2,"iceandfire:frozen_splinters":1,"iceandfire:dragonegg_silver":1,"minecraft:flint_and_steel":2,"alexsmobs:pigshoes":1,"born_in_chaos_v1:intoxicating_decoction":9,"create:scorchia":10,"minecraft:white_carpet":19,"usefulbackpacks:backpack_small":1,"iceandfire:hydra_fang":21,"minecraft:beef":185,"born_in_chaos_v1:gnawed_bones":11,"minecraft:iron_nugget":25,"minecraft:poppy":7,"minecraft:spruce_slab":1,"iceandfire:dragonscales_electric":78,"minecraft:chest":5,"minecraft:birch_sapling":1,"minecraft:egg":5,"minecraft:sandstone":13,"minecraft:stone":2,"minecraft:oak_door":1,"rocks:soul_soil_splitter":1,"minecraft:spruce_fence":49,"minecraft:fire_charge":2,"born_in_chaos_v1:pieceofdarkmetal":82,"minecraft:carrot":4,"minecraft:redstone":51,"minecraft:prismarine_crystals":23,"iceandfire:dragon_skull_ice":25,"minecraft:tnt":3,"minecraft:diamond_chestplate":2,"born_in_chaos_v1:wood_splitter_axe":1,"minecraft:diamond_boots":1,"iceandfire:dragonscales_silver":189,"minecraft:hay_block":154,"majruszsdifficulty:soul_jar":2,"minecraft:gold_ingot":1,"tombstone:essence_of_undeath":5,"minecraft:totem_of_undying":6,"skilltree:toxic_quiver":1,"minecraft:glow_berries":5,"minecraft:mutton":466,"minecraft:rail":1,"minecraft:bone_block":51,"minecraft:white_wool":163,"minecraft:oxeye_daisy":1,"minecraft:stripped_oak_log":1,"alexscaves:pewen_log":17,"iceandfire:sea_serpent_fang":7,"born_in_chaos_v1:monster_flesh":47,"minecraft:red_mushroom":28,"majruszsdifficulty:tattered_helmet":20,"minecraft:oak_log":115,"minecraft:ancient_debris":6,"minecraft:golden_boots":1,"mowziesmobs:wrought_axe":2,"iceandfire:dragonscales_blue":306,"minecraft:white_banner":13,"tombstone:gift":2,"alexscaves:pewen_sapling":4,"alexscaves:cooked_dinosaur_chop":22,"minecraft:apple":3,"minecraft:stone_bricks":109,"majruszsdifficulty:tattered_leggings":10,"minecraft:spore_blossom":4,"born_in_chaos_v1:smoked_flesh":41,"minecraft:cobweb":13,"tombstone:bag_of_seeds":10,"minecraft:glass_bottle":15,"minecraft:iron_sword":3,"iceandfire:chared_stone":305,"iceandfire:copper_nugget":241,"minecraft:smooth_basalt":31,"minecraft:sweet_berries":36,"iceandfire:dragonsteel_fire_sword":2,"born_in_chaos_v1:orbofthe_summoner":1,"minecraft:red_wool":1,"born_in_chaos_v1:ethereal_spirit":68,"minecraft:gravel":68,"iceandfire:cyclops_skull":1,"hexerei:witch_hazel_stairs":1,"tombstone:decorative_grave_simple":14,"minecraft:spruce_sapling":3,"born_in_chaos_v1:fangofthe_hound_leader":1,"minecraft:spruce_log":172,"minecraft:crying_obsidian":1,"minecraft:leather_helmet":1,"iceandfire:dragonscales_copper":72,"tombstone:scroll_of_true_sight":1,"minecraft:oak_wood":2,"minecraft:slime_ball":6,"minecraft:stone_axe":1,"alexscaves:pine_nuts":5,"minecraft:diamond_axe":1,"minecraft:gray_wool":4,"iceandfire:ice_dragon_flesh":127,"minecraft:baked_potato":34,"minecraft:mangrove_propagule":4,"minecraft:ender_pearl":12,"minecraft:wheat":719,"minecraft:black_carpet":2,"iceandfire:dragonegg_white":2,"minecraft:potion":1,"tombstone:grave_key":1,"minecraft:stone_brick_stairs":2,"born_in_chaos_v1:bloody_gadfly_eye":1,"born_in_chaos_v1:holiday_candy":91,"born_in_chaos_v1:black_argillite":11,"minecraft:raw_copper":241,"minecraft:experience_bottle":1,"minecraft:sea_pickle":2,"alexsmobs:blood_sac":3,"minecraft:smooth_stone":8,"minecraft:bucket":2,"minecraft:rose_bush":2,"iceandfire:wither_shard":24,"minecraft:calcite":43,"minecraft:azalea":3,"iceandfire:dragonforge_fire_core_disabled":1,"minecraft:iron_pickaxe":1,"alexsmobs:raccoon_tail":1,"born_in_chaos_v1:stimulating_decoction":3,"alexscaves:flytrap":1,"iceandfire:dragonscales_red":194,"minecraft:furnace":17,"minecraft:iron_boots":3,"minecraft:tipped_arrow":45,"iceandfire:pixie_dust":20,"minecraft:stick":41,"iceandfire:ghost_chest":1,"alexscaves:limestone_spear":15,"iceandfire:crackled_dirt":3,"minecraft:oak_fence":1,"born_in_chaos_v1:phantom_powder":1,"minecraft:torch":226,"alexscaves:heavy_bone":9,"iceandfire:dragonscales_white":80,"minecraft:spruce_stairs":6,"minecraft:porkchop":181,"fruitsdelight:bayberry":3,"iceandfire:crackled_gravel":2,"tombstone:grave_dust":184,"fruitsdelight:lemon":1,"minecraft:pointed_dripstone":10,"minecraft:diorite":449,"born_in_chaos_v1:nightmare_claw":11,"iceandfire:dragonarmor_diamond_head":1,"minecraft:rotten_flesh":693,"fruitsdelight:cranberry":2,"iceandfire:dragonegg_bronze":3,"alexsdelight:raw_bison":2,"iceandfire:crackled_grass":1,"alexsmobs:emu_egg":1,"create:veridium":25,"minecraft:obsidian":50,"minecraft:cobblestone":3961,"minecraft:enchanting_table":1,"tombstone:soul_receptacle":2,"minecraft:andesite":572,"minecraft:golden_leggings":1,"minecraft:potato":386,"minecraft:light_gray_dye":1,"create:raw_zinc":34,"minecraft:tuff":241,"minecraft:horn_coral":2,"minecraft:wither_skeleton_skull":5,"skilltree:gem":208,"minecraft:lapis_lazuli":97,"minecraft:dirt":258,"iceandfire:dragonscales_bronze":296,"iceandfire:dragonbone_sword_ice":4,"born_in_chaos_v1:monster_skin":30,"minecraft:leather_boots":1,"minecraft:mangrove_fence":3,"minecraft:glass":2,"minecraft:bone":809,"hexerei:wax_blend":6,"minecraft:bow":13,"minecraft:wheat_seeds":1972,"minecraft:raw_gold":20,"minecraft:bamboo":37,"minecraft:oak_planks":28,"iceandfire:dragonforge_fire_brick":17,"minecraft:cooked_porkchop":2,"minecraft:poisonous_potato":1,"minecraft:sand":99,"minecraft:grass_block":2,"minecraft:spectral_arrow":11,"minecraft:mossy_cobblestone":22,"iceandfire:dragonegg_red":2,"iceandfire:dragon_bone_block":16,"minecraft:spruce_fence_gate":6,"born_in_chaos_v1:fire_dust":7,"minecraft:diamond":667,"minecraft:spruce_boat":3,"iceandfire:dragonbone_sword_fire":2,"iceandfire:dragon_ice":3,"minecraft:crossbow":2,"minecraft:bone_meal":10,"iceandfire:tide_trident":1,"minecraft:emerald":483,"alexsmobs:banana_slug_slime":2,"minecraft:oak_sapling":14,"minecraft:netherrack":200,"iceandfire:silver_nugget":769,"minecraft:charcoal":1,"majruszsdifficulty:tattered_boots":16,"minecraft:mud_brick_slab":6,"born_in_chaos_v1:diamond_termite_shard":12,"minecraft:allium":4,"minecraft:azure_bluet":1,"minecraft:chicken":4,"born_in_chaos_v1:river_mint":2,"minecraft:brown_mushroom":43,"minecraft:stone_brick_wall":1,"iceandfire:frozen_cobblestone":133,"alexscaves:flood_basalt":85,"minecraft:chain":20,"alexscaves:tectonic_shard":5,"minecraft:shield":4,"minecraft:moss_carpet":15,"iceandfire:frozen_stone":161,"minecraft:iron_axe":2,"minecraft:item_frame":3,"alexscaves:dinosaur_chop":26,"minecraft:blackstone":711,"minecraft:cyan_carpet":1,"minecraft:oak_boat":5,"alexsmobs:elastic_tendon":1,"minecraft:player_head":3,"minecraft:light_gray_wool":1,"minecraft:lectern":226,"minecraft:sugar_cane":175,"minecraft:phantom_membrane":39,"iceandfire:ice_dragon_heart":18,"minecraft:spruce_trapdoor":5,"minecraft:dark_oak_sapling":1,"minecraft:raw_iron":85,"iceandfire:dragonscales_green":311,"iceandfire:dragonbone":1016,"iceandfire:dragonscales_gray":252,"minecraft:copper_ingot":12,"minecraft:bowl":13,"iceandfire:dragonarmor_diamond_tail":1,"minecraft:stone_button":6,"iceandfire:dragonegg_amythest":1,"born_in_chaos_v1:charmof_endurance":1,"minecraft:brown_dye":1,"minecraft:stone_pressure_plate":2,"hexerei:sage_seed":40,"minecraft:arrow":490,"iceandfire:cyclops_eye":3,"alexscaves:pewen_wood":2,"minecraft:pink_tulip":3,"minecraft:saddle":5,"majruszsdifficulty:cerberus_fang":5,"born_in_chaos_v1:fused_bone":8,"born_in_chaos_v1:corpse_maggot":122,"mowziesmobs:umvuthana_mask_fury":1,"minecraft:salmon":1,"minecraft:glow_ink_sac":10,"minecraft:leather":129,"minecraft:birch_planks":11,"alexscaves:limestone":39,"minecraft:crimson_fungus":1,"iceandfire:hydra_heart":1,"minecraft:chainmail_chestplate":1,"iceandfire:dragonegg_gray":2,"minecraft:yellow_bed":3,"iceandfire:ectoplasm":4,"minecraft:cobblestone_wall":1,"minecraft:gunpowder":62,"tombstone:voodoo_poppet":1,"alexscaves:amber":19,"hexerei:pestle_and_mortar":2,"minecraft:iron_ingot":98,"minecraft:cooked_chicken":3,"alexscaves:curly_fern":1,"minecraft:acacia_sapling":3,"iceandfire:sea_serpent_scales_deepblue":4,"mowziesmobs:umvuthana_mask_misery":1,"iceandfire:fire_dragon_flesh":153,"minecraft:soul_sand":31,"iceandfire:crackled_cobblestone":42,"minecraft:book":100,"minecraft:sculk_catalyst":9,"minecraft:black_candle":1,"iceandfire:dragon_horn":3,"minecraft:pitcher_plant":1,"minecraft:birch_boat":1,"born_in_chaos_v1:lifestealer_bone":13,"iceandfire:ash":7,"minecraft:dandelion":4,"minecraft:raw_iron_block":1,"minecraft:dripstone_block":2,"born_in_chaos_v1:dark_rod":2,"majruszsdifficulty:sonic_boom_scroll":2,"mowziesmobs:wrought_helmet":2,"majruszsdifficulty:bandage":9,"minecraft:white_bed":74,"minecraft:spruce_door":1,"minecraft:spider_eye":29,"usefulbackpacks:backpack_large":4,"iceandfire:dragonscale_blue":4,"mowziesmobs:naga_fang":1,"iceandfire:dragonsteel_ice_ingot":2,"iceandfire:sea_serpent_scales_red":20,"minecraft:iron_helmet":2,"minecraft:cherry_sapling":1,"minecraft:terracotta":16,"tombstone:magic_scroll":17,"minecraft:black_wool":7,"majruszsdifficulty:tattered_chestplate":7,"minecraft:coal":1016,"alexscaves:tough_hide":17,"alexscaves:ancient_sapling":1}},"DataVersion":3465}