{"stats":{"minecraft:custom":{"minecraft:time_since_rest":86628,"minecraft:crouch_one_cm":3097,"minecraft:play_time":86628,"minecraft:sprint_one_cm":18753,"tombstone:undead_killed":1,"minecraft:walk_one_cm":102163,"minecraft:sneak_time":1867,"minecraft:mob_kills":3,"minecraft:damage_dealt_resisted":69,"minecraft:jump":197,"minecraft:damage_dealt":307,"minecraft:time_since_death":86628,"minecraft:total_world_time":86628,"minecraft:fly_one_cm":348918,"minecraft:fall_one_cm":685},"minecraft:killed":{"born_in_chaos_v1:door_knight":1,"born_in_chaos_v1:maggot":1},"minecraft:used":{"fruitsdelight:lemon_tree":3,"fruitsdelight:mango_sapling":3,"majruszsdifficulty:enderium_sword":1,"fruitsdelight:orange_sapling":3,"minecraft:flint_and_steel":6,"minecraft:tnt":9,"minecraft:oak_sapling":13,"minecraft:grass_block":2554,"iceandfire:dragonbone_sword_lightning":4,"minecraft:acacia_sapling":3,"fruitsdelight:pear_sapling":2,"minecraft:bone_meal":181},"minecraft:picked_up":{"fruitsdelight:orange":1,"born_in_chaos_v1:corpse_maggot":1,"minecraft:stick":7,"hexerei:sage_seed":5,"minecraft:rotten_flesh":5,"minecraft:wheat_seeds":9,"minecraft:iron_ingot":1,"minecraft:sand":6,"minecraft:oak_log":5,"fruitsdelight:pear":2,"minecraft:oak_sapling":7,"minecraft:moss_block":4,"minecraft:acacia_sapling":2,"rocks:cobblestone_splitter":1,"minecraft:dirt":182,"minecraft:cobblestone":18}},"DataVersion":3465}