{"stats":{"minecraft:custom":{"minecraft:time_since_rest":110628,"minecraft:sprint_one_cm":19624,"minecraft:walk_one_cm":183138,"minecraft:mob_kills":3,"minecraft:damage_dealt":307,"minecraft:fly_one_cm":387350,"minecraft:crouch_one_cm":3350,"minecraft:play_time":110628,"tombstone:undead_killed":1,"minecraft:sneak_time":2143,"minecraft:jump":237,"minecraft:damage_dealt_resisted":69,"minecraft:time_since_death":110628,"minecraft:total_world_time":110628,"minecraft:fall_one_cm":685},"minecraft:killed":{"born_in_chaos_v1:door_knight":1,"born_in_chaos_v1:maggot":1},"minecraft:used":{"majruszsdifficulty:enderium_sword":1,"minecraft:chiseled_sandstone":3,"minecraft:flint_and_steel":6,"minecraft:birch_slab":31,"minecraft:birch_planks":48,"minecraft:grass_block":2554,"minecraft:oak_stairs":2,"minecraft:cherry_planks":26,"minecraft:sandstone":391,"minecraft:smooth_sandstone_stairs":10,"fruitsdelight:lemon_tree":3,"fruitsdelight:mango_sapling":3,"minecraft:tnt":9,"fruitsdelight:orange_sapling":3,"minecraft:oak_sapling":13,"iceandfire:dragonbone_sword_lightning":4,"minecraft:acacia_sapling":3,"fruitsdelight:pear_sapling":2,"minecraft:infested_stone_bricks":73,"minecraft:birch_stairs":69,"minecraft:bone_meal":181},"minecraft:picked_up":{"fruitsdelight:orange":2,"born_in_chaos_v1:corpse_maggot":1,"minecraft:stick":7,"minecraft:sand":6,"minecraft:oak_log":5,"fruitsdelight:pear":2,"minecraft:dirt":182,"hexerei:sage_seed":5,"minecraft:rotten_flesh":5,"minecraft:wheat_seeds":9,"minecraft:iron_ingot":1,"minecraft:moss_block":4,"minecraft:oak_sapling":7,"minecraft:acacia_sapling":2,"rocks:cobblestone_splitter":1,"minecraft:cobblestone":18}},"DataVersion":3465}