{"stats":{"minecraft:picked_up":{"born_in_chaos_v1:diamond_termite_shard":5,"minecraft:crafting_table":5,"minecraft:coarse_dirt":1,"born_in_chaos_v1:seedof_chaos":1,"minecraft:string":13,"minecraft:moss_carpet":1,"minecraft:raw_copper":4,"minecraft:blackstone":57,"minecraft:cobbled_deepslate":5,"minecraft:bucket":1,"minecraft:beef":5,"born_in_chaos_v1:gnawed_bones":1,"minecraft:player_head":1,"minecraft:mangrove_log":1,"minecraft:furnace":3,"minecraft:stick":19,"minecraft:raw_iron":76,"iceandfire:crackled_dirt":10,"minecraft:torch":7,"minecraft:acacia_log":16,"farmersdelight:tomato_seeds":1,"fruitsdelight:lemon":2,"iceandfire:crackled_gravel":10,"tombstone:grave_dust":8,"born_in_chaos_v1:pieceofdarkmetal":1,"minecraft:redstone":23,"born_in_chaos_v1:damned_demomans_hat_helmet":1,"hexerei:sage_seed":12,"minecraft:arrow":2,"minecraft:rotten_flesh":40,"iceandfire:crackled_grass":1,"alexsmobs:emu_egg":3,"create:veridium":2,"minecraft:mutton":1,"minecraft:white_wool":1,"minecraft:cobblestone":331,"minecraft:stripped_oak_log":22,"born_in_chaos_v1:corpse_maggot":34,"born_in_chaos_v1:monster_flesh":2,"minecraft:jungle_log":4,"minecraft:andesite":1,"minecraft:leather":2,"alexsmobs:acacia_blossom":1,"minecraft:flint":1,"create:raw_zinc":1,"minecraft:oak_log":58,"skilltree:gem":19,"minecraft:dirt":256,"minecraft:lantern":1,"tombstone:gift":1,"minecraft:bone":18,"minecraft:acacia_planks":1,"minecraft:wheat_seeds":20,"minecraft:raw_gold":1,"minecraft:iron_ingot":3,"minecraft:moss_block":8,"minecraft:acacia_sapling":9,"minecraft:oak_planks":8,"fruitsdelight:mango_sapling":2,"fruitsdelight:orange":5,"iceandfire:copper_nugget":388,"born_in_chaos_v1:dark_rod":1,"born_in_chaos_v1:ethereal_spirit":2,"minecraft:gravel":3,"minecraft:sand":8,"majruszsdifficulty:bandage":32,"fruitsdelight:pear":5,"minecraft:spider_eye":2,"minecraft:bundle":1,"minecraft:diamond":3,"iceandfire:crackled_stone":3,"minecraft:granite":4,"minecraft:bone_meal":1,"minecraft:birch_sign":3,"alexscaves:cave_map":1,"minecraft:terracotta":31,"born_in_chaos_v1:rotten_fish":1,"minecraft:oak_sapling":14,"fruitsdelight:mango":9,"rocks:cobblestone_splitter":1,"minecraft:coal":48,"minecraft:ender_pearl":1,"minecraft:diamond_pickaxe":1},"minecraft:killed":{"minecraft:cave_spider":3,"born_in_chaos_v1:zombie_lumberjack":1,"born_in_chaos_v1:restless_spirit":1,"minecraft:spider":2,"born_in_chaos_v1:baby_skeleton_minion":1,"born_in_chaos_v1:maggot":7,"minecraft:skeleton":6,"born_in_chaos_v1:spiritof_chaos":1,"born_in_chaos_v1:diamond_termite":5,"minecraft:zombie_villager":1,"minecraft:creeper":1,"born_in_chaos_v1:decrepit_skeleton":4,"minecraft:sheep":1,"minecraft:zombie":20,"born_in_chaos_v1:dread_hound":2,"born_in_chaos_v1:corpse_fly":12,"born_in_chaos_v1:dark_vortex":1,"alexsmobs:fly":2,"born_in_chaos_v1:door_knight":1,"minecraft:cow":2},"minecraft:crafted":{"minecraft:wooden_sword":1,"minecraft:oak_planks":188,"minecraft:furnace":3,"minecraft:bone_meal":9,"minecraft:cooked_mutton":1,"minecraft:iron_boots":1,"born_in_chaos_v1:fried_maggot":9,"minecraft:stone_pickaxe":3,"minecraft:chest":1,"minecraft:cooked_beef":12,"minecraft:crafting_table":5,"minecraft:wooden_pickaxe":2,"minecraft:iron_helmet":1,"minecraft:iron_sword":1,"minecraft:cooked_salmon":33,"minecraft:mangrove_planks":4,"minecraft:birch_planks":4,"minecraft:jungle_planks":16,"minecraft:charcoal":28,"minecraft:stick":48,"minecraft:iron_ingot":26,"minecraft:iron_pickaxe":1,"minecraft:stone_sword":1,"minecraft:iron_leggings":1,"minecraft:acacia_planks":64,"minecraft:torch":160},"minecraft:mined":{"create:zinc_ore":1,"minecraft:tuff":1,"minecraft:deepslate_diamond_ore":3,"minecraft:jungle_leaves":3,"minecraft:glow_lichen":1,"born_in_chaos_v1:infected_diamond_ore":3,"iceandfire:crackled_gravel":2,"minecraft:granite":4,"minecraft:acacia_log":14,"minecraft:grass_block":31,"minecraft:jungle_log":4,"minecraft:moss_block":4,"minecraft:spawner":1,"minecraft:furnace":3,"minecraft:iron_ore":33,"minecraft:cobbled_deepslate":1,"minecraft:fire":12,"iceandfire:crackled_grass":1,"minecraft:andesite":1,"iceandfire:crackled_dirt":7,"minecraft:deepslate_iron_ore":43,"minecraft:vine":2,"minecraft:stripped_oak_log":26,"minecraft:stone":317,"create:veridium":2,"minecraft:deepslate_redstone_ore":6,"fruitsdelight:mango_sapling":2,"minecraft:acacia_leaves":44,"minecraft:blackstone":28,"minecraft:crafting_table":5,"minecraft:torch":3,"minecraft:dead_bush":1,"minecraft:tall_grass":17,"minecraft:copper_ore":1,"minecraft:cobblestone":8,"minecraft:deepslate_coal_ore":1,"minecraft:deepslate_gold_ore":1,"farmersdelight:wild_tomatoes":1,"fruitsdelight:mango_leaves":20,"minecraft:oak_planks":8,"minecraft:wall_torch":5,"iceandfire:crackled_stone":3,"minecraft:grass":53,"minecraft:oak_log":53,"minecraft:coal_ore":47,"minecraft:gravel":4,"minecraft:sand":2,"minecraft:dirt":18,"minecraft:cobweb":19,"minecraft:terracotta":31,"minecraft:acacia_planks":1,"minecraft:deepslate":4,"minecraft:oak_leaves":77,"minecraft:fern":1},"minecraft:broken":{"minecraft:stone_sword":1,"minecraft:wooden_pickaxe":1,"minecraft:stone_pickaxe":1,"minecraft:shield":1,"minecraft:iron_sword":1},"minecraft:custom":{"minecraft:mob_kills":78,"minecraft:open_barrel":1,"minecraft:interact_with_crafting_table":39,"minecraft:damage_dealt_resisted":1441,"minecraft:leave_game":2,"minecraft:time_since_death":9149,"minecraft:climb_one_cm":9470,"minecraft:sprint_one_cm":475625,"minecraft:walk_one_cm":1304846,"minecraft:damage_blocked_by_shield":2771,"minecraft:drop":106,"minecraft:play_time":546624,"minecraft:deaths":11,"minecraft:sneak_time":10211,"minecraft:walk_under_water_one_cm":17646,"minecraft:jump":3662,"minecraft:interact_with_blast_furnace":2,"minecraft:walk_on_water_one_cm":26088,"minecraft:total_world_time":546624,"minecraft:interact_with_furnace":62,"minecraft:interact_with_loom":3,"minecraft:time_since_rest":8757,"minecraft:damage_taken":6853,"minecraft:damage_dealt":13239,"minecraft:swim_one_cm":40336,"minecraft:fly_one_cm":1696086,"minecraft:open_chest":125,"minecraft:crouch_one_cm":15516,"tombstone:undead_killed":34,"minecraft:fall_one_cm":79378},"minecraft:dropped":{"minecraft:iron_ingot":5,"minecraft:moss_block":4,"minecraft:wheat_seeds":4,"born_in_chaos_v1:fried_maggot":8,"minecraft:cobblestone":127,"minecraft:granite":4,"minecraft:flint":1,"born_in_chaos_v1:monster_flesh":1,"minecraft:dirt":16,"minecraft:torch":16,"iceandfire:crackled_dirt":7,"fruitsdelight:mango":4,"skilltree:gem":2,"minecraft:cooked_salmon":4,"tombstone:grave_dust":2,"alexscaves:cave_map":1,"minecraft:wooden_sword":1,"minecraft:sand":6,"minecraft:bone":1,"minecraft:gravel":3,"minecraft:moss_carpet":1,"minecraft:blackstone":5,"hexerei:sage_seed":1,"alexsmobs:acacia_blossom":1,"minecraft:cobbled_deepslate":4,"minecraft:raw_copper":4,"minecraft:rotten_flesh":15,"iceandfire:crackled_gravel":5,"create:veridium":2,"majruszsdifficulty:bandage":32,"minecraft:andesite":1,"born_in_chaos_v1:corpse_maggot":2,"minecraft:acacia_sapling":4,"minecraft:oak_sapling":5,"minecraft:spider_eye":2,"minecraft:birch_sign":2,"minecraft:wooden_pickaxe":1,"iceandfire:armor_copper_metal_leggings":1,"minecraft:terracotta":12},"minecraft:used":{"alexsmobs:emu_egg":3,"minecraft:oak_trapdoor":2,"minecraft:moss_block":3,"majruszsdifficulty:enderium_sword":1,"minecraft:stone_sword":122,"minecraft:flint_and_steel":39,"minecraft:spruce_slab":1,"fruitsdelight:pear":5,"minecraft:chest":24,"minecraft:shield":46,"minecraft:iron_sword":211,"born_in_chaos_v1:fried_maggot":1,"minecraft:stripped_birch_wood":81,"minecraft:player_head":1,"minecraft:cooked_salmon":29,"minecraft:smooth_sandstone_stairs":10,"minecraft:rotten_flesh":1,"minecraft:torch":387,"minecraft:dirt":28,"minecraft:birch_pressure_plate":13,"minecraft:white_carpet":16,"fruitsdelight:orange_sapling":3,"minecraft:cherry_pressure_plate":119,"farmersdelight:white_canvas_sign":5,"minecraft:acacia_sapling":4,"minecraft:shroomlight":9,"born_in_chaos_v1:corpse_maggot":13,"create:train_trapdoor":2,"iceandfire:crackled_gravel":5,"minecraft:cherry_slab":266,"minecraft:lantern":28,"minecraft:spruce_wood":35,"minecraft:grass_block":2816,"minecraft:oak_stairs":2,"iceandfire:crackled_dirt":3,"minecraft:cherry_trapdoor":516,"minecraft:dark_oak_slab":93,"minecraft:raw_gold_block":2,"minecraft:cherry_fence_gate":9,"minecraft:stone_bricks":627,"fruitsdelight:lemon":2,"minecraft:birch_trapdoor":2,"minecraft:glowstone":12,"minecraft:oak_sapling":13,"minecraft:furnace":6,"minecraft:acacia_wood":2,"tombstone:gift":1,"minecraft:trapped_chest":17,"fruitsdelight:pear_sapling":2,"minecraft:cooked_beef":12,"minecraft:acacia_planks":49,"minecraft:cherry_fence":67,"alexscaves:pewen_trapdoor":2,"minecraft:cooked_mutton":1,"minecraft:bamboo_trapdoor":2,"minecraft:dark_oak_stairs":10,"fruitsdelight:orange":5,"minecraft:cow_spawn_egg":42,"minecraft:birch_planks":68,"minecraft:stone_pickaxe":294,"minecraft:oak_planks":78,"minecraft:blackstone":9,"minecraft:wooden_pickaxe":74,"minecraft:cherry_planks":221,"minecraft:sandstone":391,"create:framed_glass_trapdoor":2,"minecraft:sheep_spawn_egg":31,"minecraft:salmon":7,"minecraft:sand":2,"minecraft:tnt":9,"minecraft:crafting_table":9,"minecraft:birch_sign":52,"iceandfire:dragonbone_sword_lightning":4,"minecraft:stone_brick_wall":142,"minecraft:stripped_cherry_wood":3,"minecraft:infested_stone_bricks":73,"minecraft:cake":8,"minecraft:birch_fence":94,"farmersdelight:black_canvas_sign":13,"minecraft:diamond_pickaxe":84,"iceandfire:dragonbone_sword":3,"minecraft:chiseled_sandstone":3,"minecraft:birch_slab":44,"farmersdelight:cake_slice":6,"fruitsdelight:mango":5,"minecraft:iron_pickaxe":118,"create:cut_andesite_bricks":2,"minecraft:pig_spawn_egg":51,"minecraft:spruce_trapdoor":13,"minecraft:cherry_sign":12,"create:small_diorite_bricks":9,"fruitsdelight:lemon_tree":3,"fruitsdelight:mango_sapling":5,"minecraft:diamond_sword":5,"minecraft:wooden_sword":13,"minecraft:cobblestone":76,"minecraft:cherry_stairs":399,"majruszsdifficulty:bandage":5,"minecraft:stripped_cherry_log":1,"minecraft:coarse_dirt":1,"minecraft:bone_meal":190,"minecraft:birch_stairs":69},"minecraft:killed_by":{"iceandfire:lightning_dragon":1}},"DataVersion":3465}