{"stats":{"minecraft:broken":{"minecraft:stone_pickaxe":1},"minecraft:custom":{"minecraft:interact_with_furnace":17,"minecraft:mob_kills":9,"minecraft:interact_with_crafting_table":12,"minecraft:damage_dealt_resisted":69,"minecraft:leave_game":1,"minecraft:time_since_death":46336,"minecraft:climb_one_cm":148,"minecraft:time_since_rest":46135,"minecraft:sprint_one_cm":96023,"minecraft:damage_taken":260,"minecraft:walk_one_cm":620930,"minecraft:drop":13,"minecraft:damage_dealt":1109,"minecraft:swim_one_cm":2440,"minecraft:fly_one_cm":1302314,"minecraft:open_chest":109,"minecraft:crouch_one_cm":5666,"minecraft:play_time":379875,"tombstone:undead_killed":2,"minecraft:deaths":1,"minecraft:sneak_time":6196,"minecraft:walk_under_water_one_cm":192,"minecraft:jump":953,"minecraft:walk_on_water_one_cm":371,"minecraft:total_world_time":379875,"minecraft:fall_one_cm":12317},"minecraft:killed":{"minecraft:creeper":1,"born_in_chaos_v1:baby_skeleton_minion":1,"born_in_chaos_v1:maggot":1,"minecraft:sheep":1,"born_in_chaos_v1:dread_hound":1,"born_in_chaos_v1:door_knight":1,"minecraft:cow":2},"minecraft:mined":{"minecraft:acacia_leaves":4,"minecraft:crafting_table":2,"minecraft:torch":2,"minecraft:acacia_log":1,"minecraft:grass_block":9,"minecraft:tall_grass":1,"minecraft:copper_ore":1,"minecraft:cobblestone":3,"minecraft:wall_torch":2,"minecraft:furnace":1,"minecraft:iron_ore":15,"minecraft:fire":3,"minecraft:oak_log":7,"minecraft:grass":4,"minecraft:coal_ore":7,"minecraft:gravel":4,"minecraft:dirt":6,"minecraft:stone":188,"minecraft:oak_leaves":10},"minecraft:dropped":{"minecraft:moss_block":4,"minecraft:wheat_seeds":3,"minecraft:rotten_flesh":2,"minecraft:dirt":2,"majruszsdifficulty:bandage":32,"minecraft:oak_sapling":1,"minecraft:acacia_sapling":1,"minecraft:birch_sign":2,"minecraft:wooden_sword":1,"minecraft:sand":6,"minecraft:wooden_pickaxe":1},"minecraft:crafted":{"minecraft:cooked_beef":5,"minecraft:wooden_sword":1,"minecraft:oak_planks":28,"minecraft:crafting_table":2,"minecraft:wooden_pickaxe":1,"minecraft:furnace":2,"minecraft:cooked_salmon":17,"minecraft:cooked_mutton":1,"minecraft:stick":8,"minecraft:iron_ingot":7,"minecraft:stone_pickaxe":2,"minecraft:stone_sword":1,"minecraft:iron_leggings":1,"minecraft:acacia_planks":4},"minecraft:picked_up":{"born_in_chaos_v1:corpse_maggot":1,"minecraft:crafting_table":2,"born_in_chaos_v1:monster_flesh":1,"minecraft:leather":2,"minecraft:flint":1,"minecraft:oak_log":12,"skilltree:gem":1,"minecraft:dirt":196,"minecraft:raw_copper":4,"minecraft:wheat_seeds":10,"minecraft:iron_ingot":1,"minecraft:beef":5,"minecraft:moss_block":4,"minecraft:acacia_sapling":2,"minecraft:furnace":1,"fruitsdelight:orange":5,"minecraft:stick":7,"minecraft:raw_iron":15,"minecraft:torch":3,"minecraft:gravel":3,"minecraft:acacia_log":1,"minecraft:sand":6,"majruszsdifficulty:bandage":32,"fruitsdelight:pear":5,"hexerei:sage_seed":5,"minecraft:rotten_flesh":7,"minecraft:birch_sign":3,"minecraft:oak_sapling":8,"minecraft:mutton":1,"minecraft:coal":7,"rocks:cobblestone_splitter":1,"minecraft:white_wool":1,"minecraft:cobblestone":204,"minecraft:diamond_pickaxe":1},"minecraft:used":{"minecraft:oak_trapdoor":2,"minecraft:bamboo_trapdoor":2,"minecraft:dark_oak_stairs":10,"fruitsdelight:orange":3,"majruszsdifficulty:enderium_sword":1,"minecraft:cow_spawn_egg":42,"minecraft:flint_and_steel":9,"minecraft:birch_planks":66,"minecraft:spruce_slab":1,"minecraft:stone_pickaxe":196,"fruitsdelight:pear":5,"minecraft:chest":23,"minecraft:wooden_pickaxe":15,"minecraft:cherry_planks":221,"minecraft:sandstone":391,"minecraft:sheep_spawn_egg":31,"minecraft:stripped_birch_wood":81,"create:framed_glass_trapdoor":2,"minecraft:smooth_sandstone_stairs":10,"minecraft:torch":284,"minecraft:dirt":5,"minecraft:birch_pressure_plate":13,"minecraft:white_carpet":16,"fruitsdelight:orange_sapling":3,"minecraft:tnt":9,"minecraft:crafting_table":3,"minecraft:cherry_pressure_plate":119,"minecraft:birch_sign":52,"iceandfire:dragonbone_sword_lightning":4,"farmersdelight:white_canvas_sign":5,"minecraft:acacia_sapling":3,"minecraft:stone_brick_wall":142,"minecraft:stripped_cherry_wood":3,"minecraft:infested_stone_bricks":73,"minecraft:cake":8,"farmersdelight:black_canvas_sign":13,"minecraft:birch_fence":94,"minecraft:shroomlight":9,"create:train_trapdoor":2,"minecraft:diamond_pickaxe":14,"iceandfire:dragonbone_sword":3,"minecraft:chiseled_sandstone":3,"create:cut_andesite_bricks":2,"minecraft:cherry_slab":266,"minecraft:birch_slab":44,"farmersdelight:cake_slice":6,"minecraft:spruce_wood":35,"minecraft:lantern":28,"minecraft:grass_block":2816,"minecraft:oak_stairs":2,"minecraft:pig_spawn_egg":51,"minecraft:cherry_trapdoor":516,"fruitsdelight:lemon_tree":3,"minecraft:spruce_trapdoor":13,"minecraft:dark_oak_slab":93,"minecraft:cherry_sign":12,"minecraft:wooden_sword":13,"minecraft:cherry_fence_gate":9,"minecraft:raw_gold_block":2,"fruitsdelight:mango_sapling":3,"minecraft:stone_bricks":627,"create:small_diorite_bricks":9,"minecraft:birch_trapdoor":2,"minecraft:glowstone":12,"minecraft:diamond_sword":5,"minecraft:cobblestone":14,"minecraft:cherry_stairs":399,"minecraft:oak_sapling":13,"minecraft:furnace":2,"majruszsdifficulty:bandage":3,"minecraft:acacia_wood":2,"minecraft:trapped_chest":17,"fruitsdelight:pear_sapling":2,"minecraft:stripped_cherry_log":1,"minecraft:birch_stairs":69,"minecraft:cherry_fence":67,"alexscaves:pewen_trapdoor":2,"minecraft:bone_meal":181}},"DataVersion":3465}