{"stats":{"minecraft:custom":{"minecraft:time_since_rest":38628,"minecraft:crouch_one_cm":2252,"minecraft:play_time":38628,"minecraft:sprint_one_cm":12146,"tombstone:undead_killed":1,"minecraft:walk_one_cm":52328,"minecraft:sneak_time":957,"minecraft:mob_kills":2,"minecraft:damage_dealt_resisted":69,"minecraft:jump":113,"minecraft:damage_dealt":299,"minecraft:time_since_death":38628,"minecraft:total_world_time":38628,"minecraft:fly_one_cm":112295,"minecraft:fall_one_cm":685},"minecraft:killed":{"born_in_chaos_v1:door_knight":1,"born_in_chaos_v1:maggot":1},"minecraft:used":{"majruszsdifficulty:enderium_sword":1,"minecraft:flint_and_steel":6,"minecraft:tnt":9,"minecraft:grass_block":747,"iceandfire:dragonbone_sword_lightning":4},"minecraft:picked_up":{"born_in_chaos_v1:corpse_maggot":1,"minecraft:stick":5,"hexerei:sage_seed":5,"minecraft:rotten_flesh":3,"minecraft:wheat_seeds":6,"minecraft:iron_ingot":1,"minecraft:sand":6,"minecraft:oak_log":5,"minecraft:oak_sapling":6,"minecraft:moss_block":4,"minecraft:acacia_sapling":1,"rocks:cobblestone_splitter":1,"minecraft:dirt":148,"minecraft:cobblestone":18}},"DataVersion":3465}