{"stats":{"minecraft:killed":{"minecraft:skeleton":1,"minecraft:zombie":3,"iceandfire:ghost":29,"minecraft:zombie_villager":1,"alexscaves:luxtructosaurus":1,"iceandfire:hydra":1,"born_in_chaos_v1:maggot":1},"minecraft:custom":{"minecraft:time_since_rest":17603,"minecraft:sprint_one_cm":56249,"minecraft:walk_one_cm":125766,"minecraft:damage_taken":617,"minecraft:mob_kills":40,"minecraft:drop":16,"minecraft:damage_dealt":13055,"minecraft:fly_one_cm":441156,"minecraft:open_chest":1,"minecraft:crouch_one_cm":1871,"minecraft:play_time":36553,"minecraft:deaths":1,"tombstone:undead_killed":35,"minecraft:sneak_time":1242,"minecraft:walk_under_water_one_cm":6386,"minecraft:jump":442,"tombstone:kill_undead_boss":1,"minecraft:time_since_death":19097,"minecraft:walk_on_water_one_cm":1055,"minecraft:total_world_time":36553,"minecraft:fall_one_cm":4796},"minecraft:used":{"iceandfire:dragonsteel_lightning_axe":90,"iceandfire:dragonsteel_lightning_chestplate":1,"fruitsdelight:blueberry":4,"minecraft:bread":1,"iceandfire:dragon_skull_ice":1,"iceandfire:dragonsteel_lightning_helmet":1,"iceandfire:dragonsteel_lightning_leggings":1,"minecraft:snowball":18,"epicpaladins:arclight_sword":7},"minecraft:mined":{"minecraft:red_bed":1},"minecraft:dropped":{"minecraft:rotten_flesh":13,"minecraft:arrow":1,"minecraft:bone":2},"minecraft:picked_up":{"born_in_chaos_v1:corpse_maggot":2,"minecraft:stick":3,"alexscaves:primal_magma":26,"iceandfire:dragonbone":1,"iceandfire:dragon_skull_fire":1,"iceandfire:dragonsteel_lightning_axe":1,"iceandfire:dragonsteel_lightning_chestplate":1,"fruitsdelight:blueberry":4,"iceandfire:dragonsteel_lightning_boots":1,"tombstone:grave_dust":4,"alexscaves:tectonic_shard":1,"tombstone:voodoo_poppet":2,"tombstone:familiar_receptacle":1,"minecraft:red_bed":1,"iceandfire:dragonsteel_lightning_leggings":1,"iceandfire:dragon_skull_ice":1,"minecraft:bundle":1,"minecraft:bone":2,"minecraft:arrow":1,"minecraft:rotten_flesh":26,"iceandfire:dragonsteel_lightning_helmet":1,"tombstone:familiar_stone":1,"minecraft:red_sand":1,"iceandfire:hydra_fang":3,"iceandfire:fire_dragon_heart":1,"tombstone:essence_of_undeath":1,"minecraft:bread":32,"minecraft:terracotta":16,"tombstone:magic_scroll":1,"minecraft:snowball":63}},"DataVersion":3465}