{"stats":{"minecraft:broken":{"minecraft:stone_pickaxe":1},"minecraft:custom":{"minecraft:mob_kills":19,"minecraft:interact_with_crafting_table":12,"minecraft:damage_dealt_resisted":69,"minecraft:leave_game":1,"minecraft:time_since_death":11109,"minecraft:climb_one_cm":148,"minecraft:sprint_one_cm":167905,"minecraft:walk_one_cm":732309,"minecraft:damage_blocked_by_shield":195,"minecraft:drop":32,"minecraft:play_time":403875,"minecraft:deaths":2,"minecraft:sneak_time":6311,"minecraft:walk_under_water_one_cm":10148,"minecraft:jump":1469,"minecraft:walk_on_water_one_cm":12516,"minecraft:total_world_time":403875,"minecraft:interact_with_furnace":17,"minecraft:time_since_rest":10273,"minecraft:damage_taken":1432,"minecraft:damage_dealt":3226,"minecraft:swim_one_cm":17418,"minecraft:fly_one_cm":1404407,"minecraft:open_chest":109,"minecraft:crouch_one_cm":6106,"tombstone:undead_killed":8,"minecraft:fall_one_cm":29103},"minecraft:killed":{"born_in_chaos_v1:baby_skeleton_minion":1,"born_in_chaos_v1:maggot":4,"minecraft:creeper":1,"born_in_chaos_v1:decrepit_skeleton":1,"minecraft:sheep":1,"minecraft:zombie":5,"born_in_chaos_v1:dread_hound":1,"born_in_chaos_v1:door_knight":1,"minecraft:cow":2},"minecraft:mined":{"create:zinc_ore":1,"minecraft:acacia_log":1,"minecraft:grass_block":14,"minecraft:furnace":1,"minecraft:iron_ore":18,"minecraft:fire":4,"minecraft:andesite":1,"minecraft:stone":189,"create:veridium":2,"minecraft:acacia_leaves":4,"minecraft:crafting_table":2,"minecraft:torch":2,"minecraft:copper_ore":1,"minecraft:tall_grass":1,"minecraft:cobblestone":3,"minecraft:deepslate_coal_ore":1,"minecraft:wall_torch":2,"minecraft:grass":5,"minecraft:coal_ore":22,"minecraft:oak_log":7,"minecraft:gravel":4,"minecraft:dirt":7,"minecraft:terracotta":19,"minecraft:oak_leaves":10},"minecraft:dropped":{"minecraft:moss_block":4,"minecraft:wheat_seeds":4,"minecraft:cobblestone":85,"minecraft:dirt":10,"tombstone:grave_dust":2,"minecraft:wooden_sword":1,"minecraft:sand":6,"minecraft:bone":1,"minecraft:gravel":3,"minecraft:raw_copper":4,"minecraft:rotten_flesh":8,"majruszsdifficulty:bandage":32,"minecraft:andesite":1,"born_in_chaos_v1:corpse_maggot":1,"minecraft:acacia_sapling":1,"minecraft:oak_sapling":2,"minecraft:birch_sign":2,"minecraft:wooden_pickaxe":1},"minecraft:crafted":{"minecraft:wooden_sword":1,"minecraft:oak_planks":28,"minecraft:furnace":2,"minecraft:cooked_mutton":1,"minecraft:stone_pickaxe":2,"minecraft:cooked_beef":5,"minecraft:crafting_table":2,"minecraft:wooden_pickaxe":1,"minecraft:cooked_salmon":17,"minecraft:stick":20,"minecraft:iron_ingot":7,"minecraft:stone_sword":1,"minecraft:iron_leggings":1,"minecraft:acacia_planks":4,"minecraft:torch":48},"minecraft:picked_up":{"minecraft:coarse_dirt":1,"minecraft:crafting_table":2,"minecraft:raw_copper":4,"minecraft:beef":5,"minecraft:furnace":1,"minecraft:stick":7,"minecraft:raw_iron":18,"minecraft:torch":3,"minecraft:acacia_log":3,"tombstone:grave_dust":4,"hexerei:sage_seed":6,"minecraft:rotten_flesh":14,"create:veridium":2,"minecraft:mutton":1,"minecraft:white_wool":1,"minecraft:cobblestone":205,"born_in_chaos_v1:corpse_maggot":2,"born_in_chaos_v1:monster_flesh":1,"minecraft:andesite":1,"minecraft:leather":2,"alexsmobs:acacia_blossom":1,"minecraft:flint":1,"create:raw_zinc":1,"minecraft:oak_log":12,"skilltree:gem":4,"minecraft:dirt":204,"minecraft:bone":1,"minecraft:wheat_seeds":10,"minecraft:iron_ingot":1,"minecraft:moss_block":4,"minecraft:acacia_sapling":3,"fruitsdelight:orange":5,"minecraft:gravel":3,"minecraft:sand":6,"majruszsdifficulty:bandage":32,"fruitsdelight:pear":5,"minecraft:birch_sign":3,"minecraft:terracotta":19,"minecraft:oak_sapling":8,"minecraft:coal":23,"rocks:cobblestone_splitter":1,"minecraft:diamond_pickaxe":1},"minecraft:used":{"minecraft:oak_trapdoor":2,"minecraft:stone_sword":57,"majruszsdifficulty:enderium_sword":1,"minecraft:flint_and_steel":10,"minecraft:spruce_slab":1,"fruitsdelight:pear":5,"minecraft:chest":23,"minecraft:shield":4,"minecraft:stripped_birch_wood":81,"minecraft:cooked_salmon":12,"minecraft:smooth_sandstone_stairs":10,"minecraft:torch":302,"minecraft:dirt":9,"minecraft:birch_pressure_plate":13,"minecraft:white_carpet":16,"fruitsdelight:orange_sapling":3,"minecraft:cherry_pressure_plate":119,"minecraft:acacia_sapling":3,"farmersdelight:white_canvas_sign":5,"minecraft:shroomlight":9,"create:train_trapdoor":2,"minecraft:spruce_wood":35,"minecraft:lantern":28,"minecraft:grass_block":2816,"minecraft:oak_stairs":2,"minecraft:cherry_slab":266,"minecraft:cherry_trapdoor":516,"minecraft:dark_oak_slab":93,"minecraft:raw_gold_block":2,"minecraft:cherry_fence_gate":9,"minecraft:stone_bricks":627,"minecraft:birch_trapdoor":2,"minecraft:glowstone":12,"minecraft:furnace":2,"minecraft:oak_sapling":13,"minecraft:acacia_wood":2,"minecraft:trapped_chest":17,"fruitsdelight:pear_sapling":2,"minecraft:cherry_fence":67,"alexscaves:pewen_trapdoor":2,"minecraft:dark_oak_stairs":10,"minecraft:bamboo_trapdoor":2,"fruitsdelight:orange":5,"minecraft:cow_spawn_egg":42,"minecraft:birch_planks":66,"minecraft:stone_pickaxe":200,"minecraft:wooden_pickaxe":15,"minecraft:sandstone":391,"minecraft:cherry_planks":221,"minecraft:sheep_spawn_egg":31,"create:framed_glass_trapdoor":2,"minecraft:tnt":9,"minecraft:crafting_table":3,"minecraft:birch_sign":52,"iceandfire:dragonbone_sword_lightning":4,"minecraft:stone_brick_wall":142,"minecraft:stripped_cherry_wood":3,"minecraft:infested_stone_bricks":73,"minecraft:cake":8,"minecraft:birch_fence":94,"farmersdelight:black_canvas_sign":13,"minecraft:diamond_pickaxe":55,"iceandfire:dragonbone_sword":3,"minecraft:chiseled_sandstone":3,"minecraft:birch_slab":44,"farmersdelight:cake_slice":6,"minecraft:pig_spawn_egg":51,"create:cut_andesite_bricks":2,"minecraft:spruce_trapdoor":13,"minecraft:cherry_sign":12,"create:small_diorite_bricks":9,"fruitsdelight:lemon_tree":3,"fruitsdelight:mango_sapling":3,"minecraft:diamond_sword":5,"minecraft:wooden_sword":13,"minecraft:cobblestone":14,"minecraft:cherry_stairs":399,"majruszsdifficulty:bandage":4,"minecraft:stripped_cherry_log":1,"minecraft:coarse_dirt":1,"minecraft:bone_meal":181,"minecraft:birch_stairs":69}},"DataVersion":3465}