{"stats":{"minecraft:custom":{"minecraft:mob_kills":6,"minecraft:damage_dealt_resisted":69,"minecraft:time_since_death":5089,"minecraft:time_since_rest":4888,"minecraft:sprint_one_cm":30851,"minecraft:damage_taken":260,"minecraft:walk_one_cm":478747,"minecraft:drop":2,"minecraft:damage_dealt":767,"minecraft:fly_one_cm":1203300,"minecraft:open_chest":107,"minecraft:crouch_one_cm":4647,"minecraft:deaths":1,"minecraft:play_time":338628,"tombstone:undead_killed":2,"minecraft:sneak_time":5803,"minecraft:jump":435,"minecraft:total_world_time":338628,"minecraft:fall_one_cm":685},"minecraft:killed":{"minecraft:creeper":1,"born_in_chaos_v1:baby_skeleton_minion":1,"born_in_chaos_v1:maggot":1,"born_in_chaos_v1:dread_hound":1,"born_in_chaos_v1:door_knight":1},"minecraft:dropped":{"majruszsdifficulty:bandage":32},"minecraft:used":{"minecraft:oak_trapdoor":2,"minecraft:bamboo_trapdoor":2,"minecraft:dark_oak_stairs":10,"majruszsdifficulty:enderium_sword":1,"minecraft:cow_spawn_egg":42,"minecraft:flint_and_steel":6,"minecraft:birch_planks":66,"minecraft:spruce_slab":1,"minecraft:chest":23,"minecraft:sandstone":391,"minecraft:cherry_planks":221,"minecraft:stripped_birch_wood":81,"minecraft:sheep_spawn_egg":31,"create:framed_glass_trapdoor":2,"minecraft:smooth_sandstone_stairs":10,"minecraft:torch":235,"minecraft:birch_pressure_plate":13,"fruitsdelight:orange_sapling":3,"minecraft:white_carpet":16,"minecraft:tnt":9,"minecraft:cherry_pressure_plate":119,"minecraft:birch_sign":52,"iceandfire:dragonbone_sword_lightning":4,"minecraft:acacia_sapling":3,"farmersdelight:white_canvas_sign":5,"minecraft:stone_brick_wall":142,"minecraft:stripped_cherry_wood":3,"minecraft:infested_stone_bricks":73,"minecraft:cake":8,"minecraft:birch_fence":94,"farmersdelight:black_canvas_sign":13,"minecraft:shroomlight":9,"create:train_trapdoor":2,"iceandfire:dragonbone_sword":3,"minecraft:chiseled_sandstone":3,"farmersdelight:cake_slice":6,"minecraft:birch_slab":44,"minecraft:spruce_wood":35,"minecraft:lantern":28,"minecraft:grass_block":2816,"minecraft:oak_stairs":2,"minecraft:cherry_slab":266,"minecraft:pig_spawn_egg":51,"create:cut_andesite_bricks":2,"minecraft:cherry_trapdoor":516,"minecraft:dark_oak_slab":93,"minecraft:spruce_trapdoor":13,"minecraft:cherry_sign":12,"minecraft:raw_gold_block":2,"minecraft:cherry_fence_gate":9,"minecraft:stone_bricks":627,"create:small_diorite_bricks":9,"fruitsdelight:lemon_tree":3,"minecraft:birch_trapdoor":2,"fruitsdelight:mango_sapling":3,"minecraft:diamond_sword":5,"minecraft:glowstone":12,"minecraft:cherry_stairs":399,"minecraft:oak_sapling":13,"majruszsdifficulty:bandage":3,"minecraft:acacia_wood":2,"minecraft:trapped_chest":17,"fruitsdelight:pear_sapling":2,"minecraft:stripped_cherry_log":1,"minecraft:cherry_fence":67,"minecraft:bone_meal":181,"alexscaves:pewen_trapdoor":2,"minecraft:birch_stairs":69},"minecraft:picked_up":{"born_in_chaos_v1:corpse_maggot":1,"born_in_chaos_v1:monster_flesh":1,"minecraft:oak_log":5,"minecraft:dirt":182,"minecraft:wheat_seeds":9,"minecraft:iron_ingot":1,"minecraft:moss_block":4,"minecraft:acacia_sapling":2,"fruitsdelight:orange":5,"minecraft:stick":7,"minecraft:sand":6,"majruszsdifficulty:bandage":32,"fruitsdelight:pear":5,"hexerei:sage_seed":5,"minecraft:rotten_flesh":7,"minecraft:birch_sign":3,"minecraft:oak_sapling":7,"rocks:cobblestone_splitter":1,"minecraft:cobblestone":18}},"DataVersion":3465}