{"stats":{"minecraft:killed":{"minecraft:zombie_villager":1},"minecraft:custom":{"minecraft:time_since_rest":6553,"minecraft:open_chest":1,"minecraft:crouch_one_cm":604,"minecraft:play_time":6553,"minecraft:sprint_one_cm":21805,"tombstone:undead_killed":1,"minecraft:damage_taken":90,"minecraft:walk_one_cm":30711,"minecraft:sneak_time":161,"minecraft:mob_kills":1,"minecraft:jump":131,"minecraft:damage_dealt":192,"minecraft:time_since_death":6553,"minecraft:total_world_time":6553,"minecraft:fall_one_cm":3956,"minecraft:fly_one_cm":34609},"minecraft:used":{"fruitsdelight:blueberry":4,"minecraft:bread":1,"iceandfire:dragon_skull_ice":1},"minecraft:mined":{"minecraft:red_bed":1},"minecraft:picked_up":{"iceandfire:dragon_skull_ice":1,"minecraft:rotten_flesh":2,"fruitsdelight:blueberry":4,"minecraft:red_bed":1}},"DataVersion":3465}