{"stats":{"minecraft:custom":{"minecraft:time_since_rest":254628,"minecraft:sprint_one_cm":21804,"minecraft:walk_one_cm":264313,"minecraft:mob_kills":3,"minecraft:damage_dealt":307,"minecraft:fly_one_cm":887097,"minecraft:crouch_one_cm":4365,"minecraft:play_time":254628,"tombstone:undead_killed":1,"minecraft:sneak_time":4604,"minecraft:jump":306,"minecraft:damage_dealt_resisted":69,"minecraft:time_since_death":254628,"minecraft:total_world_time":254628,"minecraft:fall_one_cm":685},"minecraft:killed":{"born_in_chaos_v1:door_knight":1,"born_in_chaos_v1:maggot":1},"minecraft:used":{"minecraft:oak_trapdoor":2,"minecraft:bamboo_trapdoor":2,"create:train_trapdoor":2,"majruszsdifficulty:enderium_sword":1,"minecraft:chiseled_sandstone":3,"minecraft:flint_and_steel":6,"minecraft:birch_slab":44,"minecraft:birch_planks":66,"minecraft:lantern":8,"minecraft:grass_block":2554,"minecraft:oak_stairs":2,"minecraft:cherry_slab":233,"create:cut_andesite_bricks":2,"minecraft:cherry_trapdoor":516,"minecraft:cherry_planks":204,"minecraft:sandstone":391,"minecraft:spruce_trapdoor":12,"minecraft:cherry_sign":12,"minecraft:cherry_fence_gate":9,"minecraft:stripped_birch_wood":81,"create:framed_glass_trapdoor":2,"minecraft:smooth_sandstone_stairs":10,"minecraft:stone_bricks":626,"create:small_diorite_bricks":9,"fruitsdelight:lemon_tree":3,"minecraft:birch_trapdoor":2,"fruitsdelight:mango_sapling":3,"minecraft:birch_pressure_plate":13,"minecraft:cherry_stairs":377,"minecraft:tnt":9,"fruitsdelight:orange_sapling":3,"minecraft:cherry_pressure_plate":74,"minecraft:oak_sapling":13,"minecraft:birch_sign":52,"iceandfire:dragonbone_sword_lightning":4,"minecraft:acacia_wood":2,"minecraft:cherry_fence":34,"minecraft:acacia_sapling":3,"fruitsdelight:pear_sapling":2,"minecraft:stone_brick_wall":117,"minecraft:stripped_cherry_log":1,"minecraft:stripped_cherry_wood":3,"minecraft:infested_stone_bricks":73,"alexscaves:pewen_trapdoor":2,"minecraft:birch_stairs":69,"minecraft:bone_meal":181,"minecraft:birch_fence":92},"minecraft:picked_up":{"fruitsdelight:orange":2,"born_in_chaos_v1:corpse_maggot":1,"minecraft:stick":7,"minecraft:sand":6,"minecraft:oak_log":5,"fruitsdelight:pear":2,"minecraft:dirt":182,"hexerei:sage_seed":5,"minecraft:rotten_flesh":5,"minecraft:wheat_seeds":9,"minecraft:iron_ingot":1,"minecraft:birch_sign":3,"minecraft:moss_block":4,"minecraft:oak_sapling":7,"minecraft:acacia_sapling":2,"rocks:cobblestone_splitter":1,"minecraft:cobblestone":18}},"DataVersion":3465}