{"stats":{"minecraft:crafted":{"minecraft:oak_planks":188,"minecraft:cooked_mutton":1,"minecraft:iron_boots":1,"minecraft:chest":1,"minecraft:crafting_table":5,"minecraft:wooden_pickaxe":2,"minecraft:baked_potato":2,"minecraft:iron_helmet":1,"minecraft:birch_planks":4,"minecraft:charcoal":28,"minecraft:stick":56,"minecraft:iron_ingot":33,"minecraft:iron_pickaxe":1,"minecraft:stone_sword":1,"minecraft:wooden_sword":1,"minecraft:furnace":3,"minecraft:bone_meal":9,"born_in_chaos_v1:fried_maggot":38,"minecraft:stone_pickaxe":3,"minecraft:cooked_beef":12,"minecraft:diamond_sword":1,"minecraft:iron_sword":1,"minecraft:cooked_salmon":33,"minecraft:mangrove_planks":4,"minecraft:jungle_planks":24,"minecraft:iron_leggings":1,"minecraft:acacia_planks":64,"minecraft:torch":164},"minecraft:killed":{"minecraft:cave_spider":3,"born_in_chaos_v1:zombie_lumberjack":2,"born_in_chaos_v1:restless_spirit":3,"minecraft:spider":3,"born_in_chaos_v1:siamese_skeletonsright":1,"born_in_chaos_v1:baby_skeleton_minion":2,"minecraft:skeleton":6,"born_in_chaos_v1:diamond_termite":5,"minecraft:zombie_villager":1,"minecraft:creeper":1,"minecraft:sheep":1,"bugs_aplenty:beetle_yellow_plain":1,"minecraft:zombie":22,"born_in_chaos_v1:dread_hound":3,"born_in_chaos_v1:corpse_fly":26,"alexsmobs:fly":2,"minecraft:glow_squid":1,"cave_dweller:cave_dweller":2,"born_in_chaos_v1:door_knight":1,"born_in_chaos_v1:siamese_skeletonsleft":1,"minecraft:cow":2,"born_in_chaos_v1:maggot":10,"alexsmobs:skreecher":1,"born_in_chaos_v1:barrel_zombie":1,"born_in_chaos_v1:spiritof_chaos":1,"born_in_chaos_v1:decrepit_skeleton":6,"born_in_chaos_v1:dark_vortex":1,"minecraft:wither_skeleton":1},"minecraft:mined":{"minecraft:jungle_leaves":3,"minecraft:granite":7,"minecraft:acacia_log":14,"minecraft:grass_block":41,"minecraft:jungle_log":4,"minecraft:oxeye_daisy":1,"minecraft:spawner":1,"minecraft:iron_ore":49,"minecraft:cobbled_deepslate":1,"minecraft:fire":13,"iceandfire:crackled_dirt":7,"create:veridium":2,"minecraft:deepslate_redstone_ore":6,"minecraft:blackstone":29,"minecraft:torch":3,"minecraft:dead_bush":1,"minecraft:cobblestone":8,"minecraft:oak_planks":8,"minecraft:wall_torch":5,"iceandfire:crackled_stone":3,"born_in_chaos_v1:river_mint":1,"minecraft:grass":59,"minecraft:oak_log":53,"minecraft:beetroots":3,"minecraft:sand":2,"minecraft:dirt":24,"minecraft:smooth_basalt":1,"minecraft:oak_leaves":77,"minecraft:deepslate":5,"create:zinc_ore":1,"minecraft:tuff":1,"minecraft:deepslate_diamond_ore":3,"born_in_chaos_v1:infected_diamond_ore":3,"iceandfire:crackled_gravel":2,"minecraft:glow_lichen":3,"minecraft:jungle_planks":1,"minecraft:moss_block":4,"minecraft:furnace":4,"minecraft:carrots":19,"iceandfire:crackled_grass":1,"minecraft:andesite":1,"minecraft:potatoes":5,"minecraft:deepslate_iron_ore":46,"minecraft:vine":2,"minecraft:stripped_oak_log":26,"minecraft:stone":322,"fruitsdelight:mango_sapling":2,"minecraft:acacia_leaves":44,"minecraft:crafting_table":6,"minecraft:tall_grass":19,"minecraft:copper_ore":1,"minecraft:deepslate_coal_ore":1,"minecraft:deepslate_gold_ore":1,"farmersdelight:wild_tomatoes":1,"fruitsdelight:mango_leaves":20,"minecraft:coal_ore":48,"minecraft:gravel":5,"minecraft:cobweb":19,"minecraft:terracotta":31,"minecraft:acacia_planks":1,"minecraft:fern":1},"minecraft:killed_by":{"iceandfire:lightning_dragon":1},"minecraft:picked_up":{"minecraft:raw_copper":4,"minecraft:string":15,"minecraft:beetroot":3,"minecraft:cobbled_deepslate":8,"minecraft:bucket":1,"iceandfire:ambrosia":1,"minecraft:mangrove_log":2,"minecraft:furnace":4,"minecraft:stick":19,"born_in_chaos_v1:shattered_skull":1,"iceandfire:crackled_dirt":10,"minecraft:torch":7,"minecraft:acacia_log":16,"fruitsdelight:lemon":6,"iceandfire:rotten_egg":1,"iceandfire:crackled_gravel":10,"tombstone:grave_dust":10,"minecraft:pointed_dripstone":2,"born_in_chaos_v1:damned_demomans_hat_helmet":1,"minecraft:rotten_flesh":53,"iceandfire:crackled_grass":1,"alexsmobs:emu_egg":3,"create:veridium":2,"minecraft:cod":1,"minecraft:cobblestone":336,"minecraft:jungle_log":6,"minecraft:andesite":1,"minecraft:potato":16,"minecraft:flint":1,"create:raw_zinc":1,"skilltree:gem":19,"minecraft:dirt":272,"minecraft:lantern":1,"minecraft:bone":20,"minecraft:acacia_planks":1,"minecraft:bow":1,"minecraft:wheat_seeds":20,"minecraft:raw_gold":1,"minecraft:moss_block":8,"minecraft:oak_planks":8,"fruitsdelight:orange":5,"fruitsdelight:mango_sapling":2,"minecraft:jungle_planks":1,"minecraft:sand":8,"minecraft:bundle":1,"minecraft:diamond":3,"iceandfire:crackled_stone":3,"minecraft:granite":7,"minecraft:bone_meal":1,"born_in_chaos_v1:rotten_fish":1,"minecraft:oak_sapling":14,"rocks:cobblestone_splitter":1,"minecraft:diamond_pickaxe":1,"born_in_chaos_v1:diamond_termite_shard":5,"minecraft:crafting_table":6,"minecraft:coarse_dirt":1,"iceandfire:witherbone":1,"born_in_chaos_v1:river_mint":1,"born_in_chaos_v1:seedof_chaos":9,"minecraft:moss_carpet":1,"minecraft:blackstone":58,"minecraft:beef":5,"born_in_chaos_v1:gnawed_bones":3,"minecraft:player_head":1,"minecraft:sugar_cane":1,"minecraft:egg":5,"minecraft:raw_iron":95,"farmersdelight:tomato_seeds":1,"born_in_chaos_v1:pieceofdarkmetal":1,"minecraft:carrot":66,"minecraft:redstone":23,"hexerei:sage_seed":12,"minecraft:arrow":2,"minecraft:beetroot_seeds":14,"minecraft:mutton":1,"minecraft:white_wool":1,"born_in_chaos_v1:fused_bone":2,"minecraft:stripped_oak_log":22,"born_in_chaos_v1:corpse_maggot":64,"born_in_chaos_v1:monster_flesh":2,"minecraft:glow_ink_sac":3,"minecraft:salmon":1,"minecraft:leather":2,"minecraft:yellow_dye":1,"alexsmobs:acacia_blossom":1,"alexsmobs:skreecher_soul":1,"minecraft:oak_log":58,"tombstone:gift":1,"minecraft:kelp":2,"minecraft:iron_ingot":3,"minecraft:acacia_sapling":9,"iceandfire:copper_nugget":388,"born_in_chaos_v1:ethereal_spirit":4,"minecraft:dripstone_block":1,"minecraft:gravel":3,"born_in_chaos_v1:dark_rod":1,"majruszsdifficulty:bandage":32,"fruitsdelight:pear":5,"minecraft:spider_eye":2,"minecraft:birch_sign":3,"alexscaves:cave_map":1,"minecraft:terracotta":31,"minecraft:coal":50,"fruitsdelight:mango":9,"minecraft:ender_pearl":1},"minecraft:broken":{"minecraft:stone_pickaxe":1,"minecraft:iron_sword":1,"minecraft:stone_sword":1,"minecraft:wooden_pickaxe":1,"minecraft:shield":1},"minecraft:dropped":{"minecraft:moss_block":4,"minecraft:glow_ink_sac":3,"born_in_chaos_v1:fried_maggot":25,"born_in_chaos_v1:damned_demomans_hat_helmet":1,"minecraft:flint":1,"born_in_chaos_v1:monster_flesh":1,"minecraft:dirt":18,"fruitsdelight:mango":4,"alexscaves:cave_map":1,"minecraft:wooden_sword":1,"minecraft:sand":6,"minecraft:bone":1,"minecraft:gravel":3,"alexsmobs:skreecher_soul":1,"minecraft:blackstone":26,"minecraft:sugar_cane":1,"minecraft:cobbled_deepslate":8,"minecraft:pointed_dripstone":2,"minecraft:rotten_flesh":32,"iceandfire:crackled_gravel":5,"minecraft:salmon":1,"born_in_chaos_v1:seedof_chaos":8,"minecraft:beetroot_seeds":6,"born_in_chaos_v1:corpse_maggot":2,"minecraft:acacia_sapling":4,"minecraft:arrow":2,"iceandfire:armor_copper_metal_leggings":1,"born_in_chaos_v1:dark_rod":1,"minecraft:iron_ingot":5,"minecraft:wheat_seeds":4,"minecraft:dripstone_block":1,"minecraft:cobblestone":133,"minecraft:granite":7,"born_in_chaos_v1:gnawed_bones":1,"born_in_chaos_v1:river_mint":1,"iceandfire:crackled_dirt":7,"minecraft:torch":16,"skilltree:gem":2,"minecraft:cooked_salmon":4,"tombstone:grave_dust":3,"minecraft:string":13,"minecraft:bucket":1,"minecraft:redstone":23,"minecraft:moss_carpet":1,"minecraft:kelp":2,"hexerei:sage_seed":1,"alexsmobs:acacia_blossom":1,"minecraft:raw_copper":4,"minecraft:flint_and_steel":1,"create:veridium":2,"majruszsdifficulty:bandage":32,"minecraft:andesite":1,"minecraft:oak_sapling":5,"minecraft:birch_sign":2,"minecraft:spider_eye":2,"minecraft:wooden_pickaxe":1,"minecraft:terracotta":12},"minecraft:used":{"alexsmobs:emu_egg":3,"minecraft:moss_block":3,"majruszsdifficulty:enderium_sword":1,"minecraft:spruce_slab":1,"fruitsdelight:pear":5,"minecraft:chest":24,"minecraft:shield":46,"minecraft:iron_sword":211,"minecraft:player_head":1,"minecraft:smooth_sandstone_stairs":10,"minecraft:rotten_flesh":5,"minecraft:birch_pressure_plate":13,"fruitsdelight:orange_sapling":3,"minecraft:jungle_planks":9,"minecraft:carrot":58,"minecraft:acacia_sapling":4,"farmersdelight:white_canvas_sign":5,"born_in_chaos_v1:corpse_maggot":15,"create:train_trapdoor":2,"minecraft:mangrove_log":1,"iceandfire:crackled_gravel":5,"minecraft:spruce_wood":35,"minecraft:lantern":28,"minecraft:grass_block":2816,"minecraft:dark_oak_slab":93,"minecraft:raw_gold_block":2,"minecraft:stone_bricks":627,"minecraft:birch_trapdoor":2,"minecraft:furnace":6,"minecraft:oak_sapling":13,"minecraft:egg":5,"fruitsdelight:pear_sapling":2,"minecraft:potato":15,"minecraft:dark_oak_stairs":10,"minecraft:bamboo_trapdoor":2,"fruitsdelight:orange":5,"minecraft:cow_spawn_egg":42,"minecraft:stone_pickaxe":294,"minecraft:oak_planks":138,"minecraft:blackstone":9,"minecraft:wooden_pickaxe":74,"minecraft:sandstone":391,"minecraft:sand":2,"iceandfire:dragonbone_sword_lightning":4,"minecraft:stone_brick_wall":142,"minecraft:stripped_cherry_wood":3,"minecraft:birch_fence":94,"farmersdelight:black_canvas_sign":13,"iceandfire:dragonbone_sword":3,"minecraft:chiseled_sandstone":3,"minecraft:birch_slab":44,"create:cut_andesite_bricks":2,"minecraft:cherry_sign":12,"create:small_diorite_bricks":9,"minecraft:diamond_sword":128,"minecraft:wooden_sword":13,"minecraft:stripped_cherry_log":1,"minecraft:coarse_dirt":1,"minecraft:bone_meal":190,"minecraft:oak_trapdoor":2,"minecraft:stone_sword":122,"minecraft:flint_and_steel":40,"minecraft:stripped_birch_wood":81,"born_in_chaos_v1:fried_maggot":13,"minecraft:cooked_salmon":29,"minecraft:torch":391,"minecraft:dirt":41,"minecraft:white_carpet":16,"minecraft:cherry_pressure_plate":119,"minecraft:shroomlight":9,"minecraft:oak_stairs":2,"minecraft:cherry_slab":266,"iceandfire:crackled_dirt":3,"minecraft:cherry_trapdoor":516,"minecraft:cherry_fence_gate":9,"fruitsdelight:lemon":2,"minecraft:glowstone":12,"minecraft:acacia_wood":2,"tombstone:gift":1,"minecraft:trapped_chest":17,"minecraft:cooked_beef":12,"minecraft:acacia_planks":49,"minecraft:cherry_fence":67,"alexscaves:pewen_trapdoor":2,"minecraft:cooked_mutton":1,"minecraft:birch_planks":68,"minecraft:baked_potato":2,"minecraft:cherry_planks":221,"minecraft:sheep_spawn_egg":31,"create:framed_glass_trapdoor":2,"minecraft:salmon":7,"minecraft:tnt":9,"minecraft:crafting_table":10,"minecraft:birch_sign":52,"minecraft:cod":1,"minecraft:infested_stone_bricks":73,"minecraft:cake":8,"minecraft:diamond_pickaxe":84,"iceandfire:ambrosia":1,"farmersdelight:cake_slice":6,"fruitsdelight:mango":5,"minecraft:pig_spawn_egg":51,"minecraft:iron_pickaxe":165,"minecraft:spruce_trapdoor":13,"fruitsdelight:lemon_tree":3,"fruitsdelight:mango_sapling":5,"minecraft:cobblestone":130,"minecraft:cherry_stairs":399,"majruszsdifficulty:bandage":5,"minecraft:birch_stairs":69},"minecraft:custom":{"minecraft:animals_bred":3,"minecraft:interact_with_crafting_table":41,"minecraft:open_barrel":1,"minecraft:eat_cake_slice":1,"minecraft:leave_game":4,"minecraft:time_since_death":3700,"minecraft:sprint_one_cm":593086,"minecraft:damage_blocked_by_shield":2771,"minecraft:drop":171,"minecraft:play_time":616223,"minecraft:deaths":12,"minecraft:jump":4492,"minecraft:walk_on_water_one_cm":53668,"minecraft:interact_with_furnace":83,"minecraft:interact_with_loom":4,"minecraft:damage_dealt":19737,"minecraft:crouch_one_cm":31327,"tombstone:undead_killed":44,"minecraft:mob_kills":115,"minecraft:damage_dealt_resisted":1572,"minecraft:climb_one_cm":9470,"minecraft:walk_one_cm":1644222,"minecraft:sneak_time":15691,"minecraft:walk_under_water_one_cm":24999,"minecraft:interact_with_blast_furnace":2,"minecraft:total_world_time":616223,"minecraft:time_since_rest":2592,"minecraft:damage_taken":8221,"minecraft:damage_absorbed":120,"minecraft:swim_one_cm":68047,"minecraft:fly_one_cm":1828796,"minecraft:open_chest":131,"minecraft:fall_one_cm":109746}},"DataVersion":3465}