{"stats":{"minecraft:custom":{"minecraft:mob_kills":147,"minecraft:interact_with_crafting_table":53,"minecraft:open_barrel":2,"minecraft:interact_with_campfire":8,"minecraft:damage_dealt_resisted":396,"minecraft:leave_game":5,"minecraft:time_since_death":15149,"minecraft:climb_one_cm":24843,"minecraft:sprint_one_cm":883918,"minecraft:walk_one_cm":1117829,"minecraft:damage_blocked_by_shield":2437,"minecraft:drop":107,"minecraft:play_time":312120,"minecraft:sneak_time":26420,"minecraft:deaths":11,"minecraft:walk_under_water_one_cm":26373,"minecraft:jump":8018,"minecraft:walk_on_water_one_cm":42356,"minecraft:total_world_time":312120,"minecraft:interact_with_furnace":69,"tombstone:raider_killed":3,"minecraft:interact_with_loom":16,"minecraft:time_since_rest":12750,"minecraft:damage_taken":5644,"minecraft:damage_dealt":27549,"minecraft:swim_one_cm":152069,"minecraft:fly_one_cm":947189,"minecraft:open_chest":5,"minecraft:crouch_one_cm":71424,"tombstone:undead_killed":54,"minecraft:fall_one_cm":152631},"minecraft:crafted":{"minecraft:oak_planks":40,"minecraft:furnace":5,"iceandfire:armor_copper_metal_leggings":1,"hexerei:mahogany_planks":16,"alexscaves:cave_map":1,"minecraft:cooked_mutton":3,"iceandfire:armor_copper_metal_boots":1,"iceandfire:armor_copper_metal_helmet":1,"minecraft:diamond_helmet":1,"minecraft:diamond_leggings":1,"minecraft:iron_axe":1,"born_in_chaos_v1:fried_maggot":2,"minecraft:stone_pickaxe":3,"iceandfire:armor_copper_metal_chestplate":1,"minecraft:diamond_boots":1,"minecraft:cooked_beef":1,"minecraft:diamond_axe":1,"minecraft:cooked_porkchop":1,"minecraft:crafting_table":7,"minecraft:wooden_pickaxe":1,"minecraft:copper_ingot":33,"minecraft:bucket":1,"minecraft:stone_axe":5,"minecraft:air":0,"minecraft:jungle_planks":44,"minecraft:shield":2,"minecraft:stick":84,"minecraft:iron_ingot":6,"minecraft:iron_pickaxe":1,"minecraft:stone_sword":1,"minecraft:torch":208,"minecraft:diamond_chestplate":1},"minecraft:mined":{"iceandfire:lightning_lily":1,"minecraft:large_amethyst_bud":1,"create:deepslate_zinc_ore":23,"iceandfire:silver_ore":9,"minecraft:deepslate_diamond_ore":32,"minecraft:sculk_vein":3,"minecraft:mangrove_roots":4,"born_in_chaos_v1:infected_diamond_ore":2,"minecraft:granite":41,"minecraft:grass_block":3,"minecraft:jungle_log":11,"rocks:jungle_stick":1,"fruitsdelight:peach_leaves":4,"rocks:rock":1,"minecraft:spawner":1,"minecraft:mangrove_propagule":1,"minecraft:magma_block":10,"minecraft:iron_ore":16,"rocks:acacia_stick":1,"minecraft:fire":6,"minecraft:cobbled_deepslate":14,"minecraft:moss_carpet":1,"minecraft:deepslate_lapis_ore":2,"fruitsdelight:durian":1,"hexerei:mahogany_log":4,"minecraft:pointed_dripstone":1,"minecraft:vine":10,"minecraft:deepslate_iron_ore":57,"minecraft:oak_stairs":3,"minecraft:azalea":1,"minecraft:stone":150,"rocks:bamboo_stick":1,"minecraft:acacia_leaves":2,"minecraft:blackstone":75,"minecraft:amethyst_cluster":1,"minecraft:clay":1,"hexerei:mahogany_leaves":3,"minecraft:torch":1,"minecraft:crafting_table":3,"minecraft:melon":9,"minecraft:copper_ore":9,"minecraft:tall_grass":1,"minecraft:cobblestone":18,"minecraft:deepslate_gold_ore":5,"minecraft:lapis_ore":4,"minecraft:oak_planks":6,"minecraft:sculk":36,"minecraft:wall_torch":3,"minecraft:deepslate_copper_ore":2,"minecraft:mud":1,"minecraft:sea_pickle":4,"minecraft:grass":13,"minecraft:coal_ore":52,"minecraft:oak_log":2,"minecraft:gravel":4,"minecraft:dirt":1,"minecraft:dripstone_block":6,"minecraft:cobweb":14,"minecraft:smooth_basalt":2,"minecraft:deepslate":61,"minecraft:oak_leaves":15,"minecraft:small_dripleaf":1,"minecraft:fern":3},"minecraft:dropped":{"bugs_aplenty:dragonfly_wing":1,"minecraft:wheat_seeds":6,"born_in_chaos_v1:fried_maggot":4,"minecraft:diamond":1,"minecraft:dripstone_block":1,"minecraft:cooked_porkchop":2,"iceandfire:armor_copper_metal_chestplate":1,"minecraft:feather":4,"minecraft:cobblestone":27,"minecraft:granite":26,"born_in_chaos_v1:pieceofdarkmetal":1,"minecraft:coal":2,"farmersdelight:rice":1,"born_in_chaos_v1:damned_demomans_hat_helmet":1,"minecraft:stick":9,"born_in_chaos_v1:monster_flesh":1,"minecraft:dirt":1,"born_in_chaos_v1:gnawed_bones":1,"minecraft:torch":1,"tombstone:grave_key":2,"skilltree:gem":4,"minecraft:cooked_salmon":1,"iceandfire:armor_copper_metal_boots":2,"minecraft:oak_stairs":3,"alexscaves:cave_map":2,"minecraft:phantom_membrane":1,"fruitsdelight:peach":1,"hexerei:mahogany_planks":2,"minecraft:smooth_basalt":1,"minecraft:bone":23,"minecraft:gravel":1,"minecraft:stone_axe":2,"hexerei:animal_fat":1,"minecraft:blackstone":1,"hexerei:sage_seed":5,"minecraft:golden_chestplate":1,"minecraft:stone_sword":1,"minecraft:cobbled_deepslate":62,"minecraft:raw_copper":21,"minecraft:cocoa_beans":11,"minecraft:pointed_dripstone":1,"born_in_chaos_v1:ethereal_spirit":5,"farmersdelight:cabbage_seeds":3,"minecraft:rotten_flesh":28,"iceandfire:armor_copper_metal_helmet":1,"minecraft:gunpowder":3,"born_in_chaos_v1:corpse_maggot":41,"born_in_chaos_v1:diamond_termite_shard":6,"minecraft:bamboo":1,"minecraft:light_gray_dye":1,"minecraft:stone_pickaxe":1,"minecraft:wooden_pickaxe":2,"iceandfire:armor_copper_metal_leggings":1,"minecraft:magma_block":7,"minecraft:black_wool":1},"minecraft:broken":{"minecraft:stone_pickaxe":3,"minecraft:shield":1,"minecraft:iron_axe":1,"minecraft:stone_axe":3,"minecraft:iron_pickaxe":1},"minecraft:picked_up":{"minecraft:mud":1,"minecraft:cocoa_beans":10,"minecraft:crafting_table":3,"born_in_chaos_v1:diamond_termite_shard":9,"minecraft:chicken":1,"iceandfire:witherbone":2,"minecraft:clay_ball":4,"born_in_chaos_v1:seedof_chaos":1,"minecraft:wooden_pickaxe":1,"alexscaves:cave_tablet":4,"minecraft:oak_stairs":3,"minecraft:enchanted_book":1,"minecraft:string":26,"minecraft:cooked_salmon":3,"minecraft:moss_carpet":1,"minecraft:raw_copper":54,"minecraft:blackstone":161,"minecraft:sea_pickle":10,"alexsmobs:emu_feather":1,"minecraft:cobbled_deepslate":115,"minecraft:bucket":1,"minecraft:melon_slice":47,"born_in_chaos_v1:gnawed_bones":2,"minecraft:azalea":1,"minecraft:phantom_membrane":1,"minecraft:furnace":2,"minecraft:tipped_arrow":2,"minecraft:raw_iron":103,"minecraft:stick":6,"hexerei:mahogany_log":4,"minecraft:torch":20,"minecraft:spruce_fence":1,"minecraft:porkchop":2,"bugs_aplenty:dragonfly_wing":1,"fruitsdelight:lemon":2,"tombstone:grave_dust":9,"minecraft:pointed_dripstone":1,"born_in_chaos_v1:pieceofdarkmetal":2,"iceandfire:armor_copper_metal_boots":1,"minecraft:golden_chestplate":1,"fruitsdelight:durian":1,"iceandfire:lightning_lily":1,"born_in_chaos_v1:damned_demomans_hat_helmet":1,"hexerei:sage_seed":4,"born_in_chaos_v1:fried_maggot":20,"minecraft:arrow":20,"minecraft:rotten_flesh":42,"fruitsdelight:cranberry":1,"alexsmobs:emu_egg":1,"minecraft:mangrove_roots":4,"tombstone:essence_of_undeath":1,"minecraft:mutton":2,"minecraft:salmon":8,"minecraft:cobblestone":235,"minecraft:stripped_oak_log":4,"born_in_chaos_v1:corpse_maggot":69,"minecraft:magma_block":7,"minecraft:feather":4,"born_in_chaos_v1:monster_flesh":3,"minecraft:jungle_log":11,"minecraft:flint":1,"minecraft:light_gray_dye":1,"minecraft:tuff":4,"create:raw_zinc":23,"minecraft:oak_log":6,"minecraft:gunpowder":3,"skilltree:gem":42,"minecraft:lapis_lazuli":41,"minecraft:dirt":4,"minecraft:paper":15,"born_in_chaos_v1:monster_skin":2,"minecraft:cooked_mutton":8,"minecraft:bone":50,"minecraft:apple":1,"minecraft:wheat_seeds":6,"majruszsdifficulty:tattered_leggings":1,"minecraft:raw_gold":5,"minecraft:iron_ingot":5,"minecraft:stone_pickaxe":1,"minecraft:cooked_chicken":1,"tombstone:bag_of_seeds":2,"minecraft:bamboo":1,"minecraft:oak_planks":6,"fruitsdelight:orange":1,"minecraft:book":3,"hexerei:animal_fat":5,"minecraft:smooth_basalt":6,"minecraft:cooked_porkchop":5,"born_in_chaos_v1:ethereal_spirit":5,"minecraft:dripstone_block":6,"minecraft:gravel":4,"minecraft:amethyst_shard":4,"fruitsdelight:pear":1,"create:crimsite":2,"minecraft:diamond":38,"fruitsdelight:peach":12,"minecraft:granite":50,"minecraft:gray_wool":2,"alexscaves:cave_map":2,"minecraft:baked_potato":2,"born_in_chaos_v1:rotten_fish":1,"minecraft:oak_sapling":2,"minecraft:black_wool":1,"fruitsdelight:mango":4,"minecraft:mangrove_propagule":2,"minecraft:coal":82,"rocks:cobblestone_splitter":1,"iceandfire:raw_silver":9},"minecraft:killed":{"minecraft:cave_spider":2,"bugs_aplenty:termite":1,"born_in_chaos_v1:zombie_lumberjack":1,"born_in_chaos_v1:restless_spirit":2,"born_in_chaos_v1:skeleton_demoman":1,"minecraft:spider":3,"born_in_chaos_v1:maggot":9,"minecraft:phantom":3,"minecraft:skeleton":9,"alexsmobs:leafcutter_ant":1,"minecraft:chicken":1,"born_in_chaos_v1:spiritof_chaos":1,"bugs_aplenty:beetle_lightgray_plain":1,"minecraft:husk":6,"minecraft:pig":2,"born_in_chaos_v1:diamond_termite":3,"born_in_chaos_v1:baby_skeleton":4,"minecraft:salmon":9,"minecraft:creeper":4,"born_in_chaos_v1:decrepit_skeleton":7,"minecraft:sheep":1,"alexsmobs:cockroach":2,"endermanoverhaul:cave_enderman":1,"minecraft:zombie":16,"born_in_chaos_v1:dread_hound":6,"born_in_chaos_v1:corpse_fly":42,"minecraft:stray":3,"born_in_chaos_v1:door_knight":1,"minecraft:wither_skeleton":3,"minecraft:enderman":1},"minecraft:killed_by":{"minecraft:zombie":1},"minecraft:used":{"alexsmobs:emu_egg":1,"minecraft:azalea":1,"minecraft:moss_carpet":1,"minecraft:stone_sword":29,"born_in_chaos_v1:ethereal_spirit":6,"fruitsdelight:pear":1,"minecraft:shield":65,"minecraft:cooked_salmon":2,"minecraft:cooked_chicken":1,"born_in_chaos_v1:fried_maggot":18,"minecraft:rotten_flesh":14,"minecraft:torch":227,"minecraft:dirt":4,"minecraft:tuff":4,"minecraft:granite":24,"minecraft:spruce_fence":1,"born_in_chaos_v1:corpse_maggot":27,"minecraft:lava_bucket":1,"iceandfire:lightning_lily":1,"minecraft:iron_axe":127,"minecraft:smooth_basalt":5,"born_in_chaos_v1:gnawed_bones":1,"fruitsdelight:lemon":2,"minecraft:mangrove_roots":4,"minecraft:oak_sapling":1,"minecraft:furnace":7,"tombstone:gift":5,"minecraft:potato":2,"minecraft:cooked_beef":1,"minecraft:cobbled_deepslate":50,"fruitsdelight:durian":1,"minecraft:baked_potato":2,"minecraft:cooked_mutton":11,"fruitsdelight:orange":1,"minecraft:water_bucket":8,"minecraft:oak_planks":13,"fruitsdelight:cranberry":2,"minecraft:stone_pickaxe":397,"minecraft:blackstone":142,"create:crimsite":2,"minecraft:wooden_pickaxe":12,"minecraft:diamond_axe":92,"minecraft:crafting_table":10,"minecraft:dripstone_block":5,"tombstone:bag_of_seeds":1,"minecraft:mud":1,"minecraft:apple":1,"born_in_chaos_v1:monster_flesh":1,"minecraft:mangrove_propagule":2,"fruitsdelight:mango":4,"minecraft:melon_slice":22,"minecraft:iron_pickaxe":242,"minecraft:stone_axe":200,"minecraft:cobblestone":160,"minecraft:bucket":11,"minecraft:cooked_porkchop":4,"minecraft:sea_pickle":4,"alexsmobs:animal_dictionary":4,"fruitsdelight:peach":11}},"DataVersion":3465}