{"stats":{"minecraft:custom":{"minecraft:time_since_rest":9965,"minecraft:sprint_one_cm":119465,"minecraft:damage_taken":560,"minecraft:walk_one_cm":60726,"minecraft:drop":1,"minecraft:damage_dealt":89,"minecraft:swim_one_cm":31209,"minecraft:fly_one_cm":126849,"minecraft:crouch_one_cm":5239,"minecraft:play_time":31708,"minecraft:deaths":2,"minecraft:sneak_time":3340,"minecraft:walk_under_water_one_cm":9516,"minecraft:jump":713,"minecraft:time_since_death":12364,"minecraft:walk_on_water_one_cm":17746,"minecraft:climb_one_cm":1919,"minecraft:total_world_time":31708,"minecraft:fall_one_cm":18396},"minecraft:mined":{"minecraft:acacia_leaves":2,"minecraft:mud":1,"minecraft:sea_pickle":4,"minecraft:mangrove_roots":4,"minecraft:moss_carpet":1,"minecraft:clay":1,"minecraft:grass":2,"minecraft:oak_log":2,"minecraft:vine":2,"minecraft:gravel":4,"minecraft:tall_grass":1,"minecraft:azalea":1,"minecraft:small_dripleaf":1,"rocks:rock":1,"minecraft:mangrove_propagule":1,"minecraft:oak_leaves":11},"minecraft:dropped":{"tombstone:grave_key":1},"minecraft:crafted":{"minecraft:oak_planks":8,"minecraft:stick":4},"minecraft:killed_by":{"minecraft:zombie":1},"minecraft:used":{"minecraft:azalea":1,"minecraft:mud":1,"fruitsdelight:orange":1,"minecraft:moss_carpet":1,"fruitsdelight:cranberry":2,"fruitsdelight:pear":1,"fruitsdelight:lemon":2,"minecraft:mangrove_roots":3,"minecraft:oak_sapling":1,"alexsmobs:animal_dictionary":4,"minecraft:sea_pickle":4},"minecraft:picked_up":{"fruitsdelight:orange":1,"minecraft:mud":1,"minecraft:clay_ball":4,"minecraft:gravel":3,"minecraft:flint":1,"fruitsdelight:lemon":2,"minecraft:oak_log":2,"fruitsdelight:pear":1,"minecraft:moss_carpet":1,"fruitsdelight:cranberry":1,"minecraft:sea_pickle":10,"minecraft:mangrove_roots":4,"minecraft:azalea":1,"minecraft:oak_sapling":1,"minecraft:mangrove_propagule":2,"rocks:cobblestone_splitter":1}},"DataVersion":3465}