{"stats":{"minecraft:picked_up":{"minecraft:cocoa_beans":10,"minecraft:mud":1,"born_in_chaos_v1:diamond_termite_shard":3,"minecraft:crafting_table":3,"minecraft:clay_ball":4,"minecraft:wooden_pickaxe":1,"alexscaves:cave_tablet":4,"minecraft:oak_stairs":3,"minecraft:cooked_salmon":3,"minecraft:raw_copper":54,"minecraft:string":22,"minecraft:moss_carpet":1,"minecraft:blackstone":90,"minecraft:sea_pickle":10,"minecraft:cobbled_deepslate":111,"minecraft:azalea":1,"minecraft:stick":2,"minecraft:raw_iron":75,"minecraft:torch":4,"bugs_aplenty:dragonfly_wing":1,"fruitsdelight:lemon":2,"minecraft:pointed_dripstone":1,"iceandfire:armor_copper_metal_boots":1,"born_in_chaos_v1:damned_demomans_hat_helmet":1,"iceandfire:lightning_lily":1,"born_in_chaos_v1:fried_maggot":8,"minecraft:rotten_flesh":7,"minecraft:arrow":5,"fruitsdelight:cranberry":1,"minecraft:mangrove_roots":4,"minecraft:cobblestone":153,"minecraft:stripped_oak_log":4,"born_in_chaos_v1:corpse_maggot":35,"minecraft:magma_block":7,"minecraft:jungle_log":10,"minecraft:oak_log":6,"minecraft:flint":1,"create:raw_zinc":23,"minecraft:light_gray_dye":1,"minecraft:paper":15,"minecraft:gunpowder":3,"minecraft:lapis_lazuli":41,"skilltree:gem":40,"minecraft:dirt":2,"minecraft:cooked_mutton":8,"minecraft:bone":20,"minecraft:stone_pickaxe":1,"minecraft:iron_ingot":4,"tombstone:bag_of_seeds":1,"minecraft:bamboo":1,"minecraft:oak_planks":1,"minecraft:book":3,"fruitsdelight:orange":1,"minecraft:smooth_basalt":2,"born_in_chaos_v1:ethereal_spirit":3,"minecraft:gravel":4,"minecraft:amethyst_shard":4,"fruitsdelight:pear":1,"minecraft:diamond":30,"minecraft:granite":35,"alexscaves:cave_map":2,"fruitsdelight:mango":4,"rocks:cobblestone_splitter":1,"minecraft:coal":74,"minecraft:oak_sapling":2,"minecraft:mangrove_propagule":2,"minecraft:black_wool":1,"iceandfire:raw_silver":9},"minecraft:killed":{"minecraft:cave_spider":2,"bugs_aplenty:termite":1,"born_in_chaos_v1:restless_spirit":1,"born_in_chaos_v1:zombie_lumberjack":1,"born_in_chaos_v1:skeleton_demoman":1,"born_in_chaos_v1:maggot":8,"minecraft:skeleton":3,"bugs_aplenty:beetle_lightgray_plain":1,"minecraft:husk":1,"born_in_chaos_v1:diamond_termite":3,"born_in_chaos_v1:baby_skeleton":2,"minecraft:creeper":4,"born_in_chaos_v1:decrepit_skeleton":4,"minecraft:zombie":5,"alexsmobs:cockroach":2,"born_in_chaos_v1:corpse_fly":23,"minecraft:enderman":1},"minecraft:crafted":{"minecraft:oak_planks":40,"minecraft:furnace":4,"iceandfire:armor_copper_metal_leggings":1,"alexscaves:cave_map":1,"minecraft:cooked_mutton":2,"iceandfire:armor_copper_metal_helmet":1,"iceandfire:armor_copper_metal_boots":1,"minecraft:diamond_helmet":1,"minecraft:diamond_leggings":1,"minecraft:iron_axe":1,"minecraft:stone_pickaxe":3,"iceandfire:armor_copper_metal_chestplate":1,"minecraft:diamond_boots":1,"minecraft:crafting_table":4,"minecraft:wooden_pickaxe":1,"minecraft:copper_ingot":33,"minecraft:bucket":1,"minecraft:stone_axe":4,"minecraft:air":0,"minecraft:jungle_planks":40,"minecraft:shield":1,"minecraft:stick":76,"minecraft:iron_ingot":6,"minecraft:iron_pickaxe":1,"minecraft:stone_sword":1,"minecraft:torch":184,"minecraft:diamond_chestplate":1},"minecraft:mined":{"iceandfire:lightning_lily":1,"minecraft:large_amethyst_bud":1,"create:deepslate_zinc_ore":23,"iceandfire:silver_ore":9,"minecraft:deepslate_diamond_ore":32,"minecraft:mangrove_roots":4,"born_in_chaos_v1:infected_diamond_ore":2,"minecraft:granite":26,"minecraft:grass_block":2,"minecraft:jungle_log":10,"rocks:jungle_stick":1,"rocks:rock":1,"minecraft:mangrove_propagule":1,"minecraft:spawner":1,"minecraft:magma_block":10,"rocks:acacia_stick":1,"minecraft:iron_ore":13,"minecraft:cobbled_deepslate":14,"minecraft:fire":3,"minecraft:moss_carpet":1,"minecraft:deepslate_lapis_ore":2,"minecraft:pointed_dripstone":1,"minecraft:deepslate_iron_ore":56,"minecraft:vine":8,"minecraft:oak_stairs":3,"minecraft:azalea":1,"minecraft:stone":150,"rocks:bamboo_stick":1,"minecraft:acacia_leaves":2,"minecraft:blackstone":70,"minecraft:amethyst_cluster":1,"minecraft:clay":1,"minecraft:crafting_table":2,"minecraft:torch":1,"minecraft:tall_grass":1,"minecraft:copper_ore":9,"minecraft:cobblestone":18,"minecraft:lapis_ore":4,"minecraft:oak_planks":1,"minecraft:wall_torch":3,"minecraft:deepslate_copper_ore":2,"minecraft:mud":1,"minecraft:sea_pickle":4,"minecraft:grass":2,"minecraft:oak_log":2,"minecraft:coal_ore":52,"minecraft:gravel":4,"minecraft:cobweb":14,"minecraft:smooth_basalt":2,"minecraft:small_dripleaf":1,"minecraft:oak_leaves":15,"minecraft:deepslate":60,"minecraft:fern":1},"minecraft:broken":{"minecraft:stone_pickaxe":2,"minecraft:stone_axe":2},"minecraft:custom":{"minecraft:mob_kills":64,"minecraft:interact_with_crafting_table":45,"minecraft:open_barrel":2,"minecraft:damage_dealt_resisted":90,"minecraft:leave_game":2,"minecraft:time_since_death":111868,"minecraft:climb_one_cm":13376,"minecraft:sprint_one_cm":512014,"minecraft:walk_one_cm":548849,"minecraft:damage_blocked_by_shield":837,"minecraft:drop":56,"minecraft:play_time":182604,"minecraft:deaths":5,"minecraft:sneak_time":19102,"minecraft:walk_under_water_one_cm":16384,"minecraft:jump":3695,"minecraft:walk_on_water_one_cm":27424,"minecraft:total_world_time":182604,"minecraft:interact_with_furnace":36,"minecraft:interact_with_loom":16,"minecraft:time_since_rest":109961,"minecraft:damage_taken":2419,"minecraft:damage_dealt":9112,"minecraft:swim_one_cm":36684,"minecraft:fly_one_cm":484357,"minecraft:crouch_one_cm":51035,"tombstone:undead_killed":17,"minecraft:fall_one_cm":80528},"minecraft:dropped":{"bugs_aplenty:dragonfly_wing":1,"iceandfire:armor_copper_metal_chestplate":1,"minecraft:cobblestone":8,"minecraft:granite":26,"born_in_chaos_v1:damned_demomans_hat_helmet":1,"farmersdelight:rice":1,"minecraft:stick":1,"minecraft:torch":1,"tombstone:grave_key":2,"skilltree:gem":4,"minecraft:cooked_salmon":1,"iceandfire:armor_copper_metal_boots":2,"alexscaves:cave_map":2,"minecraft:oak_stairs":3,"minecraft:smooth_basalt":1,"minecraft:bone":16,"minecraft:gravel":1,"minecraft:stone_axe":2,"hexerei:sage_seed":1,"minecraft:raw_copper":21,"minecraft:cobbled_deepslate":61,"minecraft:cocoa_beans":11,"minecraft:pointed_dripstone":1,"born_in_chaos_v1:ethereal_spirit":3,"farmersdelight:cabbage_seeds":3,"minecraft:rotten_flesh":1,"iceandfire:armor_copper_metal_helmet":1,"minecraft:gunpowder":3,"born_in_chaos_v1:corpse_maggot":11,"born_in_chaos_v1:diamond_termite_shard":3,"minecraft:bamboo":1,"minecraft:light_gray_dye":1,"minecraft:stone_pickaxe":1,"minecraft:wooden_pickaxe":2,"minecraft:magma_block":7,"iceandfire:armor_copper_metal_leggings":1,"minecraft:black_wool":1},"minecraft:used":{"minecraft:azalea":1,"minecraft:moss_carpet":1,"minecraft:stone_sword":29,"fruitsdelight:pear":1,"minecraft:shield":21,"minecraft:cooked_salmon":2,"minecraft:rotten_flesh":6,"minecraft:torch":179,"minecraft:dirt":2,"minecraft:granite":9,"born_in_chaos_v1:corpse_maggot":24,"minecraft:lava_bucket":1,"iceandfire:lightning_lily":1,"minecraft:iron_axe":4,"fruitsdelight:lemon":2,"minecraft:smooth_basalt":1,"minecraft:mangrove_roots":4,"minecraft:oak_sapling":1,"minecraft:furnace":4,"tombstone:gift":3,"minecraft:cobbled_deepslate":50,"minecraft:cooked_mutton":10,"fruitsdelight:orange":1,"fruitsdelight:cranberry":2,"minecraft:stone_pickaxe":355,"minecraft:blackstone":72,"minecraft:wooden_pickaxe":12,"minecraft:crafting_table":7,"tombstone:bag_of_seeds":1,"minecraft:mud":1,"fruitsdelight:mango":4,"minecraft:mangrove_propagule":2,"minecraft:iron_pickaxe":208,"minecraft:stone_axe":134,"minecraft:cobblestone":105,"minecraft:bucket":2,"alexsmobs:animal_dictionary":4,"minecraft:sea_pickle":4},"minecraft:killed_by":{"minecraft:zombie":1}},"DataVersion":3465}