{"stats":{"minecraft:used":{"minecraft:cooked_mutton":4,"fruitsdelight:orange":9,"minecraft:stone_pickaxe":505,"minecraft:oak_planks":2,"minecraft:chest":2,"minecraft:wooden_pickaxe":59,"minecraft:shield":19,"minecraft:cooked_salmon":1,"minecraft:wooden_shovel":36,"born_in_chaos_v1:fried_maggot":2,"minecraft:cooked_chicken":4,"minecraft:salmon":17,"minecraft:torch":10,"minecraft:dirt":47,"minecraft:crafting_table":4,"minecraft:white_bed":1,"minecraft:granite":4,"born_in_chaos_v1:corpse_maggot":5,"minecraft:wooden_axe":33,"minecraft:iron_axe":19,"minecraft:iron_pickaxe":5,"minecraft:stone_axe":110,"minecraft:wooden_sword":13,"fruitsdelight:lemon":1,"minecraft:cobblestone":28,"minecraft:furnace":4,"minecraft:cooked_porkchop":6,"majruszsdifficulty:bandage":7,"minecraft:bucket":1,"minecraft:oak_boat":2,"tombstone:gift":2,"alexsmobs:animal_dictionary":1,"minecraft:egg":1},"minecraft:crafted":{"minecraft:cooked_beef":37,"minecraft:wooden_sword":1,"minecraft:oak_planks":52,"minecraft:wooden_shovel":1,"minecraft:cooked_porkchop":15,"minecraft:crafting_table":2,"minecraft:iron_helmet":1,"minecraft:wooden_pickaxe":1,"minecraft:cooked_chicken":4,"minecraft:furnace":4,"minecraft:cooked_salmon":7,"minecraft:copper_ingot":3,"minecraft:stone_axe":2,"minecraft:cooked_mutton":4,"minecraft:air":0,"minecraft:jungle_planks":12,"minecraft:oak_boat":1,"minecraft:iron_boots":1,"minecraft:iron_chestplate":1,"minecraft:iron_axe":1,"minecraft:iron_leggings":1,"minecraft:stick":40,"born_in_chaos_v1:fried_maggot":2,"minecraft:iron_ingot":55,"minecraft:iron_pickaxe":1,"minecraft:stone_pickaxe":4,"minecraft:wooden_axe":1,"minecraft:chest":2,"minecraft:white_bed":1,"minecraft:torch":4},"minecraft:killed":{"minecraft:pig":8,"born_in_chaos_v1:zombie_lumberjack":3,"majruszsdifficulty:cursed_armor":1,"born_in_chaos_v1:maggot":3,"born_in_chaos_v1:decrepit_skeleton":6,"minecraft:sheep":4,"minecraft:skeleton":3,"minecraft:zombie":4,"minecraft:chicken":4,"born_in_chaos_v1:corpse_fly":7,"born_in_chaos_v1:dark_vortex":1,"born_in_chaos_v1:corpse_fish":1,"born_in_chaos_v1:door_knight":1,"minecraft:cow":17},"minecraft:picked_up":{"minecraft:birch_log":3,"born_in_chaos_v1:corpse_maggot":11,"minecraft:crafting_table":3,"minecraft:feather":8,"minecraft:chicken":4,"minecraft:jungle_log":4,"minecraft:leather":17,"minecraft:stone_slab":1,"minecraft:enchanted_book":1,"minecraft:oak_log":13,"tombstone:gift":1,"skilltree:gem":69,"minecraft:dirt":56,"minecraft:raw_copper":3,"minecraft:bone":9,"minecraft:wheat_seeds":1,"minecraft:bucket":1,"minecraft:iron_ingot":3,"minecraft:beef":37,"minecraft:stone_pickaxe":1,"minecraft:oak_boat":1,"minecraft:moss_block":3,"minecraft:oak_planks":2,"minecraft:egg":1,"fruitsdelight:orange":9,"hexerei:animal_fat":8,"minecraft:raw_iron":55,"born_in_chaos_v1:shattered_skull":2,"minecraft:acacia_log":2,"born_in_chaos_v1:ethereal_spirit":1,"born_in_chaos_v1:dark_rod":2,"minecraft:porkchop":15,"fruitsdelight:lemon":1,"minecraft:dark_oak_log":2,"tombstone:grave_dust":4,"hexerei:sage_seed":1,"minecraft:bundle":1,"minecraft:arrow":3,"minecraft:rotten_flesh":23,"minecraft:granite":6,"minecraft:emerald":3,"born_in_chaos_v1:rotten_fish":1,"minecraft:mutton":5,"minecraft:coal":349,"minecraft:white_wool":4,"minecraft:cobblestone":127},"minecraft:mined":{"minecraft:crafting_table":3,"minecraft:granite":6,"minecraft:grass_block":9,"minecraft:jungle_log":4,"minecraft:stone_slab":1,"minecraft:tall_grass":1,"minecraft:oak_planks":2,"minecraft:moss_block":3,"minecraft:iron_ore":55,"minecraft:grass":3,"minecraft:oak_log":13,"minecraft:coal_ore":357,"minecraft:deepslate_iron_ore":1,"minecraft:dirt":47,"minecraft:stone":127,"minecraft:oak_leaves":5,"minecraft:deepslate_emerald_ore":3},"minecraft:dropped":{"minecraft:iron_ingot":1,"minecraft:stone_axe":1,"hexerei:animal_fat":2,"minecraft:moss_block":3,"born_in_chaos_v1:rotten_fish":1,"minecraft:rotten_flesh":6,"minecraft:granite":2,"minecraft:stone_slab":1,"born_in_chaos_v1:corpse_maggot":4,"skilltree:gem":10,"minecraft:wooden_shovel":1,"minecraft:arrow":1,"minecraft:stone_pickaxe":1,"minecraft:birch_log":3},"minecraft:custom":{"minecraft:interact_with_furnace":72,"minecraft:mob_kills":64,"minecraft:interact_with_crafting_table":22,"minecraft:leave_game":1,"minecraft:time_since_death":72801,"minecraft:sleep_in_bed":2,"minecraft:climb_one_cm":910,"minecraft:time_since_rest":70402,"minecraft:sprint_one_cm":259,"minecraft:damage_taken":3043,"minecraft:walk_one_cm":881394,"minecraft:damage_blocked_by_shield":800,"minecraft:drop":21,"minecraft:damage_dealt":8633,"minecraft:swim_one_cm":511,"minecraft:fly_one_cm":11621,"minecraft:open_chest":28,"minecraft:crouch_one_cm":3190,"minecraft:play_time":152308,"minecraft:sneak_time":669,"tombstone:undead_killed":17,"minecraft:deaths":3,"minecraft:walk_under_water_one_cm":9101,"minecraft:boat_one_cm":66285,"minecraft:jump":2469,"minecraft:walk_on_water_one_cm":16032,"minecraft:total_world_time":152308,"minecraft:fall_one_cm":29956},"minecraft:broken":{"minecraft:stone_pickaxe":4,"minecraft:wooden_axe":1,"minecraft:wooden_pickaxe":1}},"DataVersion":3465}