{"stats":{"minecraft:custom":{"minecraft:mob_kills":142,"minecraft:interact_with_crafting_table":69,"minecraft:damage_dealt_resisted":236,"minecraft:leave_game":6,"minecraft:time_since_death":11254,"minecraft:climb_one_cm":13602,"minecraft:sprint_one_cm":46110,"minecraft:walk_one_cm":3267334,"minecraft:damage_blocked_by_shield":1604,"tombstone:consume_soul":2,"minecraft:drop":58,"minecraft:play_time":494224,"minecraft:sneak_time":3210,"minecraft:deaths":17,"minecraft:walk_under_water_one_cm":56332,"minecraft:boat_one_cm":850460,"minecraft:jump":8302,"minecraft:walk_on_water_one_cm":152760,"minecraft:total_world_time":494224,"minecraft:interact_with_furnace":101,"tombstone:raider_killed":1,"minecraft:sleep_in_bed":8,"minecraft:time_since_rest":8855,"minecraft:damage_taken":2147483647,"minecraft:damage_dealt":23628,"tombstone:cast_on_ally":1,"minecraft:swim_one_cm":17911,"minecraft:fly_one_cm":41999,"minecraft:open_chest":86,"minecraft:crouch_one_cm":10710,"tombstone:undead_killed":48,"minecraft:fall_one_cm":68013},"minecraft:crafted":{"minecraft:wooden_sword":2,"minecraft:oak_planks":116,"minecraft:stone_shovel":3,"minecraft:cooked_chicken":4,"minecraft:furnace":5,"minecraft:stone":4,"minecraft:cooked_mutton":6,"minecraft:glass":8,"minecraft:bow":1,"minecraft:iron_boots":1,"minecraft:iron_axe":1,"born_in_chaos_v1:fried_maggot":2,"minecraft:stone_pickaxe":7,"minecraft:chest":6,"iceandfire:ambrosia":2,"minecraft:cooked_beef":37,"minecraft:wooden_shovel":1,"minecraft:arrow":32,"minecraft:cooked_porkchop":18,"minecraft:crafting_table":6,"iceandfire:blindfold":2,"minecraft:spruce_planks":40,"minecraft:jungle_boat":1,"minecraft:wooden_pickaxe":2,"minecraft:iron_helmet":1,"majruszsdifficulty:bandage":4,"tombstone:decorative_grave_simple":1,"minecraft:bowl":4,"minecraft:cooked_salmon":19,"minecraft:copper_ingot":3,"iceandfire:pixie_jar_empty":2,"minecraft:stone_axe":4,"minecraft:air":0,"minecraft:jungle_planks":32,"minecraft:oak_boat":2,"minecraft:iron_chestplate":1,"minecraft:stick":64,"minecraft:iron_ingot":55,"minecraft:iron_pickaxe":1,"tombstone:dark_marble":3,"minecraft:wooden_axe":3,"minecraft:stone_sword":1,"minecraft:iron_shovel":1,"minecraft:iron_leggings":1,"minecraft:white_bed":1,"minecraft:acacia_planks":8,"minecraft:torch":4},"minecraft:mined":{"hexerei:herb_jar":1,"minecraft:white_bed":3,"minecraft:mangrove_roots":2,"minecraft:granite":6,"minecraft:allium":1,"minecraft:grass_block":139,"minecraft:jungle_log":8,"minecraft:coal_block":16,"minecraft:spruce_leaves":3,"minecraft:moss_block":3,"minecraft:spawner":1,"minecraft:large_fern":2,"minecraft:iron_ore":55,"minecraft:fire":14,"minecraft:dirt_path":1,"minecraft:deepslate_iron_ore":1,"minecraft:vine":2,"minecraft:oak_stairs":10,"minecraft:stone":320,"hexerei:witch_hazel_drying_rack":2,"minecraft:acacia_leaves":4,"minecraft:brown_mushroom":1,"minecraft:oak_fence":2,"minecraft:crafting_table":8,"minecraft:torch":2,"minecraft:melon":10,"minecraft:stone_slab":1,"minecraft:tall_grass":2,"minecraft:oak_planks":4,"minecraft:white_terracotta":1,"minecraft:coarse_dirt":8,"minecraft:sweet_berry_bush":1,"minecraft:mud":1,"minecraft:spruce_log":10,"minecraft:grass":11,"minecraft:coal_ore":366,"minecraft:oak_log":86,"minecraft:gravel":62,"fruitsdelight:hawberry_leaves":1,"minecraft:dirt":450,"minecraft:cobweb":15,"minecraft:deepslate_emerald_ore":3,"minecraft:oak_leaves":58},"minecraft:dropped":{"minecraft:iron_ingot":1,"minecraft:bread":3,"minecraft:moss_block":3,"born_in_chaos_v1:shattered_skull":1,"minecraft:wheat_seeds":1,"minecraft:cooked_beef":2,"hexerei:waxing_kit":1,"minecraft:cobblestone":3,"minecraft:granite":2,"iceandfire:gorgon_head":1,"minecraft:dirt":4,"iceandfire:blindfold":2,"minecraft:torch":2,"tombstone:grave_key":2,"skilltree:gem":10,"minecraft:cooked_salmon":18,"minecraft:iron_shovel":1,"minecraft:birch_log":3,"minecraft:stone_axe":1,"hexerei:animal_fat":2,"hexerei:sage_seed":4,"born_in_chaos_v1:rotten_fish":1,"minecraft:rotten_flesh":14,"minecraft:oak_planks":4,"minecraft:stone_slab":1,"minecraft:cooked_mutton":2,"fruitsdelight:hawberry":2,"minecraft:stone":1,"minecraft:allium":2,"majruszsdifficulty:bandage":4,"minecraft:spruce_planks":4,"born_in_chaos_v1:corpse_maggot":4,"minecraft:wooden_shovel":1,"minecraft:beef":1,"minecraft:arrow":19,"minecraft:stone_pickaxe":2,"minecraft:wooden_pickaxe":1,"born_in_chaos_v1:dark_rod":1},"minecraft:broken":{"minecraft:iron_shovel":1,"minecraft:iron_boots":1,"minecraft:iron_chestplate":1,"minecraft:iron_leggings":1,"minecraft:wooden_pickaxe":1,"minecraft:stone_pickaxe":5,"minecraft:iron_axe":1,"minecraft:stone_axe":2,"minecraft:iron_helmet":1,"minecraft:wooden_axe":1,"minecraft:stone_shovel":2},"minecraft:picked_up":{"minecraft:crafting_table":10,"minecraft:mud":1,"minecraft:iron_chestplate":1,"minecraft:allium":2,"minecraft:chicken":4,"minecraft:stone_slab":1,"minecraft:oak_stairs":1,"minecraft:enchanted_book":1,"minecraft:turtle_egg":2,"tombstone:grave_key":1,"minecraft:shield":1,"minecraft:string":31,"minecraft:moss_carpet":1,"minecraft:raw_copper":3,"minecraft:cooked_salmon":9,"minecraft:iron_leggings":2,"born_in_chaos_v1:intoxicating_decoction":1,"minecraft:armor_stand":2,"minecraft:iron_shovel":1,"minecraft:gold_nugget":6,"minecraft:bucket":4,"minecraft:beef":51,"minecraft:oak_boat":4,"minecraft:player_head":2,"minecraft:jungle_sapling":1,"minecraft:melon_slice":59,"minecraft:coal_block":16,"minecraft:iron_boots":2,"minecraft:egg":1,"iceandfire:pixie_dust":2,"minecraft:raw_iron":55,"minecraft:stick":19,"born_in_chaos_v1:shattered_skull":3,"minecraft:oak_fence":1,"minecraft:torch":2,"minecraft:acacia_log":2,"minecraft:porkchop":45,"farmersdelight:tomato_seeds":3,"fruitsdelight:lemon":1,"tombstone:grave_dust":14,"minecraft:carrot":2,"minecraft:prismarine_crystals":2,"fruitsdelight:hawberry":6,"minecraft:dark_oak_planks":1,"hexerei:sage_seed":7,"minecraft:arrow":61,"minecraft:rotten_flesh":64,"alexsmobs:emu_egg":2,"minecraft:mangrove_roots":2,"minecraft:white_terracotta":7,"minecraft:mutton":6,"minecraft:water_bucket":1,"minecraft:white_wool":5,"minecraft:cobblestone":188,"minecraft:birch_log":3,"iceandfire:pixie_jar_4":1,"born_in_chaos_v1:corpse_maggot":18,"minecraft:feather":8,"iceandfire:sea_serpent_fang":4,"born_in_chaos_v1:monster_flesh":2,"minecraft:jungle_log":8,"minecraft:salmon":1,"minecraft:leather":32,"minecraft:red_mushroom":1,"minecraft:potato":1,"hexerei:witch_hazel_drying_rack":2,"minecraft:flint":10,"minecraft:oak_log":83,"minecraft:lily_pad":10,"iceandfire:pixie_jar_3":2,"skilltree:gem":72,"minecraft:dirt":511,"minecraft:lantern":2,"tombstone:gift":1,"hexerei:flowering_lily_pad":8,"born_in_chaos_v1:monster_skin":1,"minecraft:glass":14,"minecraft:bone":35,"minecraft:apple":8,"minecraft:wheat_seeds":3,"minecraft:iron_ingot":3,"minecraft:stone_pickaxe":1,"tombstone:bag_of_seeds":1,"alexsmobs:gongylidia":1,"minecraft:glass_bottle":1,"minecraft:moss_block":3,"minecraft:oak_planks":7,"fruitsdelight:orange":10,"hexerei:animal_fat":16,"born_in_chaos_v1:ethereal_spirit":9,"minecraft:gravel":66,"born_in_chaos_v1:dark_rod":3,"minecraft:spruce_sapling":2,"minecraft:white_bed":3,"minecraft:spruce_log":10,"minecraft:spider_eye":4,"minecraft:dark_oak_log":5,"minecraft:bundle":2,"minecraft:slime_ball":1,"born_in_chaos_v1:fire_dust":2,"minecraft:spruce_boat":1,"fruitsdelight:peach":3,"hexerei:herb_jar":1,"iceandfire:sea_serpent_scales_red":2,"minecraft:granite":6,"minecraft:bone_meal":1,"minecraft:emerald":3,"minecraft:bread":12,"alexsmobs:banana_slug_slime":2,"iceandfire:gorgon_head":1,"born_in_chaos_v1:rotten_fish":2,"minecraft:oak_sapling":7,"minecraft:coal":354,"minecraft:mangrove_propagule":1,"fruitsdelight:mango":1},"minecraft:killed":{"minecraft:witch":1,"born_in_chaos_v1:zombie_lumberjack":3,"born_in_chaos_v1:restless_spirit":1,"minecraft:spider":7,"born_in_chaos_v1:thornshell_crab":1,"born_in_chaos_v1:scarlet_persecutor":3,"born_in_chaos_v1:maggot":5,"minecraft:skeleton":10,"alexsmobs:banana_slug":1,"minecraft:chicken":5,"born_in_chaos_v1:corpse_fish":2,"minecraft:drowned":3,"born_in_chaos_v1:barrel_zombie":3,"born_in_chaos_v1:spiritof_chaos":1,"minecraft:pig":16,"born_in_chaos_v1:baby_skeleton":1,"majruszsdifficulty:cursed_armor":1,"born_in_chaos_v1:decrepit_skeleton":8,"minecraft:sheep":5,"alexsmobs:catfish":1,"born_in_chaos_v1:zombie_fisherman":1,"minecraft:zombie":17,"born_in_chaos_v1:dread_hound":2,"born_in_chaos_v1:corpse_fly":16,"born_in_chaos_v1:dark_vortex":2,"born_in_chaos_v1:door_knight":1,"born_in_chaos_v1:siamese_skeletonsleft":1,"iceandfire:sea_serpent":2,"minecraft:cow":20},"minecraft:killed_by":{"minecraft:player":1,"iceandfire:gorgon":1},"minecraft:used":{"minecraft:oak_fence":1,"minecraft:stone_sword":16,"minecraft:iron_shovel":254,"minecraft:armor_stand":2,"minecraft:stone_shovel":321,"born_in_chaos_v1:intoxicating_decoction":1,"minecraft:chest":6,"minecraft:shield":31,"minecraft:cooked_salmon":3,"minecraft:wooden_shovel":36,"minecraft:cooked_chicken":4,"born_in_chaos_v1:fried_maggot":2,"minecraft:rotten_flesh":1,"minecraft:torch":32,"minecraft:dirt":348,"iceandfire:copper_sword":76,"hexerei:herb_jar":1,"minecraft:granite":4,"minecraft:wooden_axe":39,"minecraft:spruce_boat":1,"born_in_chaos_v1:corpse_maggot":10,"tombstone:decorative_grave_simple":1,"minecraft:iron_axe":137,"minecraft:iron_helmet":1,"fruitsdelight:lemon":1,"minecraft:bow":40,"minecraft:beef":6,"minecraft:oak_sapling":4,"minecraft:furnace":5,"tombstone:gift":11,"minecraft:egg":1,"minecraft:potato":7,"minecraft:cooked_beef":15,"minecraft:cooked_mutton":4,"iceandfire:pixie_jar_3":1,"fruitsdelight:orange":10,"minecraft:water_bucket":20,"minecraft:oak_planks":14,"minecraft:stone_pickaxe":672,"minecraft:wooden_pickaxe":73,"minecraft:salmon":17,"tombstone:scroll_of_feather_fall":1,"minecraft:crafting_table":14,"minecraft:white_bed":4,"iceandfire:pixie_jar_4":1,"tombstone:bag_of_seeds":1,"minecraft:oak_log":8,"minecraft:apple":11,"minecraft:melon_slice":21,"fruitsdelight:mango":1,"minecraft:bread":13,"minecraft:iron_pickaxe":53,"minecraft:gravel":1,"minecraft:stone_axe":307,"minecraft:porkchop":9,"minecraft:wooden_sword":13,"minecraft:cobblestone":28,"majruszsdifficulty:bandage":10,"minecraft:cooked_porkchop":18,"minecraft:bucket":23,"minecraft:oak_boat":6,"alexsmobs:animal_dictionary":1,"fruitsdelight:peach":3}},"DataVersion":3465}