{"stats":{"minecraft:used":{"minecraft:chest":2,"minecraft:shield":19,"minecraft:wooden_shovel":36,"born_in_chaos_v1:fried_maggot":2,"minecraft:cooked_salmon":1,"minecraft:cooked_chicken":4,"minecraft:torch":13,"minecraft:dirt":47,"minecraft:granite":4,"born_in_chaos_v1:corpse_maggot":5,"minecraft:wooden_axe":33,"minecraft:iron_axe":29,"fruitsdelight:lemon":1,"minecraft:furnace":4,"tombstone:gift":2,"minecraft:egg":1,"minecraft:cooked_mutton":4,"fruitsdelight:orange":9,"minecraft:stone_pickaxe":505,"minecraft:oak_planks":2,"minecraft:wooden_pickaxe":59,"minecraft:salmon":17,"minecraft:crafting_table":4,"minecraft:white_bed":1,"minecraft:iron_pickaxe":5,"minecraft:stone_axe":115,"minecraft:wooden_sword":13,"minecraft:cobblestone":28,"minecraft:cooked_porkchop":9,"majruszsdifficulty:bandage":7,"minecraft:bucket":1,"alexsmobs:animal_dictionary":1,"minecraft:oak_boat":3},"minecraft:crafted":{"minecraft:wooden_sword":1,"minecraft:oak_planks":52,"minecraft:cooked_chicken":4,"minecraft:furnace":4,"minecraft:cooked_mutton":4,"minecraft:iron_boots":1,"minecraft:iron_axe":1,"born_in_chaos_v1:fried_maggot":2,"minecraft:stone_pickaxe":4,"minecraft:chest":2,"minecraft:cooked_beef":37,"minecraft:wooden_shovel":1,"minecraft:cooked_porkchop":15,"minecraft:crafting_table":2,"minecraft:wooden_pickaxe":1,"minecraft:iron_helmet":1,"minecraft:cooked_salmon":7,"minecraft:copper_ingot":3,"minecraft:stone_axe":2,"minecraft:air":0,"minecraft:jungle_planks":12,"minecraft:oak_boat":1,"minecraft:iron_chestplate":1,"minecraft:stick":40,"minecraft:iron_pickaxe":1,"minecraft:iron_ingot":55,"minecraft:wooden_axe":1,"minecraft:iron_leggings":1,"minecraft:white_bed":1,"minecraft:torch":4},"minecraft:killed":{"born_in_chaos_v1:zombie_lumberjack":3,"born_in_chaos_v1:restless_spirit":1,"minecraft:spider":2,"born_in_chaos_v1:maggot":3,"minecraft:skeleton":3,"minecraft:chicken":4,"born_in_chaos_v1:corpse_fish":1,"minecraft:pig":9,"majruszsdifficulty:cursed_armor":1,"born_in_chaos_v1:decrepit_skeleton":6,"minecraft:sheep":5,"minecraft:zombie":5,"born_in_chaos_v1:corpse_fly":7,"born_in_chaos_v1:dark_vortex":1,"born_in_chaos_v1:door_knight":1,"minecraft:cow":17},"minecraft:picked_up":{"minecraft:mud":1,"minecraft:crafting_table":3,"minecraft:chicken":4,"minecraft:stone_slab":1,"minecraft:oak_stairs":1,"minecraft:enchanted_book":1,"minecraft:string":3,"minecraft:raw_copper":3,"minecraft:moss_carpet":1,"minecraft:bucket":1,"minecraft:beef":37,"minecraft:oak_boat":3,"minecraft:egg":1,"minecraft:raw_iron":55,"born_in_chaos_v1:shattered_skull":2,"minecraft:acacia_log":2,"minecraft:porkchop":18,"fruitsdelight:lemon":1,"tombstone:grave_dust":4,"hexerei:sage_seed":1,"minecraft:rotten_flesh":25,"minecraft:arrow":3,"minecraft:mangrove_roots":2,"minecraft:mutton":6,"minecraft:white_wool":5,"minecraft:cobblestone":127,"minecraft:birch_log":3,"born_in_chaos_v1:corpse_maggot":11,"minecraft:feather":8,"minecraft:jungle_log":4,"minecraft:leather":17,"minecraft:oak_log":13,"minecraft:lily_pad":10,"minecraft:dirt":56,"skilltree:gem":69,"tombstone:gift":1,"hexerei:flowering_lily_pad":8,"minecraft:bone":9,"minecraft:wheat_seeds":1,"minecraft:iron_ingot":3,"minecraft:stone_pickaxe":1,"alexsmobs:gongylidia":1,"minecraft:moss_block":3,"minecraft:oak_planks":2,"fruitsdelight:orange":9,"hexerei:animal_fat":8,"born_in_chaos_v1:ethereal_spirit":3,"born_in_chaos_v1:dark_rod":2,"minecraft:dark_oak_log":2,"minecraft:bundle":1,"minecraft:granite":6,"minecraft:emerald":3,"born_in_chaos_v1:rotten_fish":1,"minecraft:coal":349,"minecraft:mangrove_propagule":1},"minecraft:mined":{"minecraft:mangrove_roots":2,"minecraft:granite":6,"minecraft:grass_block":9,"minecraft:jungle_log":4,"minecraft:moss_block":3,"minecraft:iron_ore":55,"minecraft:deepslate_iron_ore":1,"minecraft:stone":127,"minecraft:crafting_table":3,"minecraft:stone_slab":1,"minecraft:tall_grass":1,"minecraft:oak_planks":2,"minecraft:mud":1,"minecraft:grass":3,"minecraft:coal_ore":357,"minecraft:oak_log":13,"minecraft:dirt":47,"minecraft:deepslate_emerald_ore":3,"minecraft:oak_leaves":5},"minecraft:dropped":{"minecraft:iron_ingot":1,"minecraft:moss_block":3,"minecraft:granite":2,"skilltree:gem":10,"minecraft:birch_log":3,"minecraft:stone_axe":1,"hexerei:animal_fat":2,"born_in_chaos_v1:rotten_fish":1,"minecraft:rotten_flesh":6,"minecraft:stone_slab":1,"born_in_chaos_v1:corpse_maggot":4,"minecraft:wooden_shovel":1,"minecraft:arrow":1,"minecraft:stone_pickaxe":1},"minecraft:broken":{"minecraft:wooden_pickaxe":1,"minecraft:stone_pickaxe":4,"minecraft:wooden_axe":1},"minecraft:custom":{"minecraft:mob_kills":70,"minecraft:interact_with_crafting_table":22,"minecraft:leave_game":1,"minecraft:time_since_death":84801,"minecraft:climb_one_cm":2351,"minecraft:sprint_one_cm":481,"minecraft:walk_one_cm":952995,"minecraft:damage_blocked_by_shield":800,"minecraft:drop":21,"minecraft:play_time":164308,"minecraft:deaths":3,"minecraft:sneak_time":681,"minecraft:walk_under_water_one_cm":13128,"minecraft:boat_one_cm":200295,"minecraft:jump":2709,"minecraft:walk_on_water_one_cm":17745,"minecraft:total_world_time":164308,"minecraft:interact_with_furnace":72,"minecraft:sleep_in_bed":2,"minecraft:time_since_rest":82402,"minecraft:damage_taken":3319,"minecraft:damage_dealt":9574,"minecraft:swim_one_cm":511,"minecraft:fly_one_cm":12395,"minecraft:open_chest":28,"minecraft:crouch_one_cm":3250,"tombstone:undead_killed":18,"minecraft:fall_one_cm":32966}},"DataVersion":3465}