{"stats":{"minecraft:used":{"fruitsdelight:orange":9,"minecraft:stone_pickaxe":22,"minecraft:shield":14,"minecraft:wooden_pickaxe":30,"minecraft:wooden_shovel":30,"minecraft:cooked_salmon":1,"born_in_chaos_v1:fried_maggot":2,"minecraft:salmon":17,"minecraft:torch":2,"minecraft:dirt":36,"minecraft:crafting_table":3,"born_in_chaos_v1:corpse_maggot":4,"minecraft:wooden_axe":33,"fruitsdelight:lemon":1,"minecraft:stone_axe":37,"minecraft:wooden_sword":13,"minecraft:furnace":2,"minecraft:cooked_porkchop":1,"majruszsdifficulty:bandage":7,"alexsmobs:animal_dictionary":1},"minecraft:crafted":{"minecraft:wooden_sword":1,"minecraft:oak_planks":12,"minecraft:wooden_shovel":1,"minecraft:cooked_porkchop":2,"minecraft:crafting_table":1,"minecraft:wooden_pickaxe":1,"minecraft:furnace":2,"minecraft:cooked_salmon":7,"minecraft:stone_axe":1,"minecraft:jungle_planks":12,"minecraft:air":0,"minecraft:stick":16,"born_in_chaos_v1:fried_maggot":2,"minecraft:stone_pickaxe":1,"minecraft:wooden_axe":1},"minecraft:killed":{"minecraft:pig":6,"born_in_chaos_v1:decrepit_skeleton":3,"born_in_chaos_v1:maggot":1,"minecraft:sheep":1,"minecraft:skeleton":2,"minecraft:zombie":2,"born_in_chaos_v1:corpse_fly":5,"born_in_chaos_v1:door_knight":1,"minecraft:cow":5},"minecraft:picked_up":{"born_in_chaos_v1:corpse_maggot":7,"minecraft:crafting_table":2,"minecraft:jungle_log":3,"minecraft:leather":3,"minecraft:oak_log":8,"skilltree:gem":4,"minecraft:dirt":36,"minecraft:bone":5,"minecraft:wheat_seeds":1,"minecraft:bucket":1,"minecraft:beef":11,"minecraft:moss_block":3,"fruitsdelight:orange":9,"hexerei:animal_fat":4,"born_in_chaos_v1:shattered_skull":1,"minecraft:porkchop":11,"fruitsdelight:lemon":1,"tombstone:grave_dust":2,"minecraft:bundle":1,"hexerei:sage_seed":1,"minecraft:arrow":1,"minecraft:rotten_flesh":12,"minecraft:mutton":1,"minecraft:coal":22,"minecraft:white_wool":1,"minecraft:cobblestone":30},"minecraft:mined":{"minecraft:crafting_table":2,"minecraft:grass_block":4,"minecraft:jungle_log":3,"minecraft:tall_grass":1,"minecraft:moss_block":3,"minecraft:grass":1,"minecraft:oak_log":8,"minecraft:coal_ore":22,"minecraft:dirt":32,"minecraft:stone":30,"minecraft:oak_leaves":3},"minecraft:broken":{"minecraft:wooden_axe":1},"minecraft:custom":{"minecraft:interact_with_furnace":12,"minecraft:mob_kills":27,"minecraft:interact_with_crafting_table":6,"minecraft:time_since_death":7800,"minecraft:time_since_rest":5905,"minecraft:walk_one_cm":239080,"minecraft:damage_taken":1250,"minecraft:damage_blocked_by_shield":520,"minecraft:damage_dealt":3954,"minecraft:fly_one_cm":5537,"minecraft:open_chest":1,"minecraft:crouch_one_cm":2337,"minecraft:play_time":39134,"tombstone:undead_killed":8,"minecraft:deaths":1,"minecraft:sneak_time":448,"minecraft:jump":564,"minecraft:walk_on_water_one_cm":1022,"minecraft:total_world_time":39134,"minecraft:fall_one_cm":5752}},"DataVersion":3465}