{"stats":{"minecraft:used":{"born_in_chaos_v1:corpse_maggot":4,"minecraft:wooden_axe":20,"fruitsdelight:orange":9,"minecraft:stone_pickaxe":10,"minecraft:wooden_pickaxe":10,"minecraft:shield":8,"minecraft:wooden_sword":13,"minecraft:crafting_table":2,"majruszsdifficulty:bandage":4,"alexsmobs:animal_dictionary":1},"minecraft:crafted":{"minecraft:wooden_sword":1,"minecraft:oak_planks":12,"minecraft:wooden_shovel":1,"minecraft:crafting_table":1,"minecraft:stick":16,"minecraft:wooden_pickaxe":1,"minecraft:stone_pickaxe":1,"minecraft:wooden_axe":1,"minecraft:stone_axe":1,"minecraft:jungle_planks":12},"minecraft:killed":{"minecraft:skeleton":1,"minecraft:zombie":1,"minecraft:pig":1,"born_in_chaos_v1:corpse_fly":3,"born_in_chaos_v1:decrepit_skeleton":2},"minecraft:picked_up":{"fruitsdelight:orange":9,"born_in_chaos_v1:corpse_maggot":4,"minecraft:crafting_table":1,"born_in_chaos_v1:shattered_skull":1,"minecraft:jungle_log":3,"minecraft:porkchop":2,"fruitsdelight:lemon":1,"minecraft:oak_log":3,"tombstone:grave_dust":2,"skilltree:gem":3,"minecraft:dirt":3,"minecraft:bundle":1,"minecraft:bone":4,"minecraft:rotten_flesh":5,"minecraft:coal":9,"minecraft:cobblestone":10},"minecraft:mined":{"minecraft:crafting_table":1,"minecraft:coal_ore":10,"minecraft:grass_block":2,"minecraft:oak_log":3,"minecraft:jungle_log":3,"minecraft:dirt":1,"minecraft:stone":10},"minecraft:custom":{"minecraft:time_since_rest":15134,"minecraft:damage_taken":470,"minecraft:walk_one_cm":108200,"minecraft:damage_blocked_by_shield":270,"minecraft:mob_kills":8,"minecraft:damage_dealt":1460,"minecraft:interact_with_crafting_table":2,"minecraft:fly_one_cm":551,"minecraft:open_chest":1,"minecraft:crouch_one_cm":1994,"minecraft:play_time":15134,"tombstone:undead_killed":4,"minecraft:sneak_time":349,"minecraft:jump":180,"minecraft:time_since_death":15134,"minecraft:total_world_time":15134,"minecraft:fall_one_cm":2218}},"DataVersion":3465}