{"stats":{"minecraft:used":{"minecraft:cooked_mutton":2,"fruitsdelight:orange":9,"minecraft:stone_pickaxe":266,"minecraft:oak_planks":2,"minecraft:chest":1,"minecraft:wooden_pickaxe":59,"minecraft:shield":15,"minecraft:cooked_salmon":1,"minecraft:wooden_shovel":36,"born_in_chaos_v1:fried_maggot":2,"minecraft:cooked_chicken":4,"minecraft:salmon":17,"minecraft:torch":10,"minecraft:dirt":37,"minecraft:crafting_table":3,"minecraft:white_bed":1,"minecraft:granite":4,"born_in_chaos_v1:corpse_maggot":5,"minecraft:wooden_axe":33,"minecraft:iron_pickaxe":3,"minecraft:stone_axe":68,"minecraft:wooden_sword":13,"fruitsdelight:lemon":1,"minecraft:cobblestone":28,"minecraft:furnace":2,"minecraft:cooked_porkchop":1,"majruszsdifficulty:bandage":7,"minecraft:bucket":1,"alexsmobs:animal_dictionary":1,"minecraft:egg":1},"minecraft:crafted":{"minecraft:cooked_beef":28,"minecraft:wooden_sword":1,"minecraft:oak_planks":36,"minecraft:wooden_shovel":1,"minecraft:cooked_porkchop":11,"minecraft:crafting_table":1,"minecraft:wooden_pickaxe":1,"minecraft:cooked_chicken":4,"minecraft:furnace":2,"minecraft:cooked_salmon":7,"minecraft:copper_ingot":3,"minecraft:stone_axe":2,"minecraft:cooked_mutton":4,"minecraft:air":0,"minecraft:jungle_planks":12,"minecraft:stick":40,"born_in_chaos_v1:fried_maggot":2,"minecraft:iron_ingot":7,"minecraft:iron_pickaxe":1,"minecraft:stone_pickaxe":4,"minecraft:wooden_axe":1,"minecraft:chest":1,"minecraft:white_bed":1,"minecraft:torch":4},"minecraft:killed":{"minecraft:pig":7,"born_in_chaos_v1:maggot":1,"born_in_chaos_v1:decrepit_skeleton":3,"minecraft:sheep":3,"minecraft:skeleton":2,"minecraft:zombie":2,"minecraft:chicken":4,"born_in_chaos_v1:corpse_fly":7,"born_in_chaos_v1:corpse_fish":1,"born_in_chaos_v1:door_knight":1,"minecraft:cow":13},"minecraft:picked_up":{"born_in_chaos_v1:corpse_maggot":11,"minecraft:crafting_table":2,"minecraft:feather":8,"minecraft:chicken":4,"minecraft:jungle_log":3,"minecraft:leather":12,"minecraft:oak_log":11,"skilltree:gem":36,"minecraft:dirt":44,"minecraft:raw_copper":3,"minecraft:bone":5,"minecraft:wheat_seeds":1,"minecraft:bucket":1,"minecraft:beef":28,"minecraft:moss_block":3,"minecraft:oak_planks":2,"minecraft:egg":1,"fruitsdelight:orange":9,"hexerei:animal_fat":7,"minecraft:raw_iron":7,"born_in_chaos_v1:shattered_skull":1,"minecraft:porkchop":14,"fruitsdelight:lemon":1,"tombstone:grave_dust":2,"hexerei:sage_seed":1,"minecraft:bundle":1,"minecraft:arrow":1,"minecraft:rotten_flesh":12,"minecraft:granite":6,"minecraft:emerald":3,"born_in_chaos_v1:rotten_fish":1,"minecraft:mutton":4,"minecraft:coal":189,"minecraft:white_wool":3,"minecraft:cobblestone":103},"minecraft:mined":{"minecraft:crafting_table":2,"minecraft:granite":6,"minecraft:grass_block":8,"minecraft:jungle_log":3,"minecraft:tall_grass":1,"minecraft:oak_planks":2,"minecraft:moss_block":3,"minecraft:iron_ore":6,"minecraft:grass":2,"minecraft:oak_log":11,"minecraft:coal_ore":190,"minecraft:deepslate_iron_ore":1,"minecraft:dirt":36,"minecraft:stone":103,"minecraft:oak_leaves":3,"minecraft:deepslate_emerald_ore":3},"minecraft:dropped":{"minecraft:stone_axe":1,"minecraft:moss_block":3},"minecraft:custom":{"minecraft:interact_with_furnace":46,"minecraft:mob_kills":45,"minecraft:interact_with_crafting_table":15,"minecraft:leave_game":1,"minecraft:time_since_death":24801,"minecraft:sleep_in_bed":2,"minecraft:time_since_rest":22402,"minecraft:sprint_one_cm":259,"minecraft:damage_taken":2400,"minecraft:walk_one_cm":640566,"minecraft:damage_blocked_by_shield":690,"minecraft:drop":2,"minecraft:damage_dealt":5443,"minecraft:swim_one_cm":511,"minecraft:fly_one_cm":8543,"minecraft:open_chest":10,"minecraft:crouch_one_cm":3190,"minecraft:play_time":104308,"minecraft:sneak_time":669,"tombstone:undead_killed":8,"minecraft:deaths":3,"minecraft:walk_under_water_one_cm":4242,"minecraft:jump":1859,"minecraft:walk_on_water_one_cm":7183,"minecraft:total_world_time":104308,"minecraft:fall_one_cm":22712},"minecraft:broken":{"minecraft:stone_pickaxe":2,"minecraft:wooden_axe":1,"minecraft:wooden_pickaxe":1}},"DataVersion":3465}