{"stats":{"minecraft:custom":{"minecraft:time_since_rest":6488,"minecraft:interact_with_furnace":20,"minecraft:sprint_one_cm":117913,"minecraft:damage_taken":690,"minecraft:walk_one_cm":82630,"minecraft:mob_kills":1,"minecraft:drop":3,"minecraft:damage_dealt":490,"minecraft:interact_with_crafting_table":3,"minecraft:fly_one_cm":112724,"minecraft:open_chest":7,"minecraft:crouch_one_cm":987,"minecraft:play_time":27338,"tombstone:undead_killed":1,"minecraft:deaths":1,"minecraft:sneak_time":994,"minecraft:jump":754,"minecraft:walk_on_water_one_cm":353,"minecraft:time_since_death":7161,"minecraft:total_world_time":27338,"minecraft:fall_one_cm":23522},"minecraft:killed":{"minecraft:zombie":1},"minecraft:mined":{"minecraft:acacia_leaves":1,"minecraft:candle":8,"minecraft:redstone_torch":1,"minecraft:iron_ore":10,"minecraft:stone_brick_slab":2,"minecraft:crafting_table":1,"minecraft:grass":7,"minecraft:acacia_log":20,"minecraft:grass_block":1,"minecraft:oak_log":1,"minecraft:coal_ore":16,"minecraft:lantern":1,"minecraft:campfire":1,"minecraft:sand":1,"minecraft:dirt":4,"minecraft:copper_ore":7,"minecraft:tall_grass":1,"minecraft:cobblestone":17,"minecraft:cracked_stone_bricks":1,"minecraft:terracotta":1,"minecraft:stone":33,"minecraft:stone_bricks":1,"minecraft:oak_leaves":5,"minecraft:wall_torch":2},"minecraft:dropped":{"minecraft:cooked_salmon":6},"minecraft:crafted":{"minecraft:oak_planks":4,"minecraft:crafting_table":1,"minecraft:stick":4,"minecraft:iron_ingot":5,"minecraft:iron_pickaxe":1,"minecraft:iron_sword":1,"minecraft:copper_ingot":10,"minecraft:cooked_salmon":19,"minecraft:acacia_planks":80,"minecraft:air":0},"minecraft:used":{"minecraft:stone_pickaxe":107,"minecraft:iron_pickaxe":12,"minecraft:iron_sword":33,"minecraft:cooked_salmon":7,"minecraft:sand":1,"minecraft:cobblestone":18,"minecraft:crafting_table":1,"majruszsdifficulty:bandage":4,"tombstone:gift":2,"alexsmobs:animal_dictionary":1},"minecraft:picked_up":{"minecraft:crafting_table":1,"minecraft:charcoal":2,"minecraft:stick":2,"minecraft:raw_iron":10,"minecraft:stone_brick_slab":2,"minecraft:torch":2,"minecraft:acacia_log":20,"minecraft:sand":1,"minecraft:oak_log":1,"tombstone:grave_dust":2,"majruszsdifficulty:bandage":14,"skilltree:gem":6,"minecraft:dirt":5,"minecraft:raw_copper":30,"minecraft:cooked_salmon":1,"minecraft:blackstone":1,"minecraft:candle":16,"minecraft:cracked_stone_bricks":1,"minecraft:stone_pickaxe":1,"minecraft:redstone_torch":1,"minecraft:terracotta":1,"minecraft:coal":16,"minecraft:cobblestone":51}},"DataVersion":3465}