{"stats":{"minecraft:custom":{"minecraft:interact_with_furnace":23,"minecraft:mob_kills":6,"minecraft:interact_with_crafting_table":3,"minecraft:leave_game":1,"minecraft:time_since_death":6069,"minecraft:time_since_rest":3670,"minecraft:sprint_one_cm":178817,"minecraft:damage_taken":1131,"minecraft:walk_one_cm":128549,"minecraft:drop":6,"minecraft:damage_dealt":1376,"minecraft:swim_one_cm":406,"minecraft:fly_one_cm":211549,"minecraft:open_chest":14,"minecraft:crouch_one_cm":1355,"minecraft:play_time":45330,"tombstone:undead_killed":4,"minecraft:deaths":2,"minecraft:sneak_time":1291,"minecraft:walk_under_water_one_cm":3997,"minecraft:jump":1327,"minecraft:walk_on_water_one_cm":8437,"minecraft:total_world_time":45330,"minecraft:fall_one_cm":40109},"minecraft:killed":{"minecraft:zombie":4,"minecraft:cow":2},"minecraft:mined":{"minecraft:acacia_leaves":1,"minecraft:candle":8,"minecraft:stone_brick_slab":2,"minecraft:crafting_table":1,"minecraft:granite":1,"minecraft:acacia_log":20,"minecraft:grass_block":1,"minecraft:campfire":1,"minecraft:cobblestone":17,"minecraft:tall_grass":1,"minecraft:copper_ore":7,"minecraft:wall_torch":2,"minecraft:iron_ore":10,"minecraft:redstone_torch":1,"minecraft:grass":8,"minecraft:coal_ore":52,"minecraft:oak_log":1,"minecraft:lantern":1,"minecraft:sand":1,"minecraft:dirt":4,"minecraft:cracked_stone_bricks":1,"minecraft:terracotta":1,"minecraft:stone_bricks":1,"minecraft:stone":43,"minecraft:oak_leaves":6},"minecraft:dropped":{"minecraft:rotten_flesh":3,"minecraft:cooked_salmon":6},"minecraft:crafted":{"minecraft:oak_planks":4,"minecraft:crafting_table":1,"minecraft:iron_sword":1,"minecraft:cooked_salmon":19,"minecraft:copper_ingot":10,"minecraft:cooked_mutton":6,"minecraft:air":0,"minecraft:stick":4,"minecraft:iron_ingot":5,"minecraft:iron_pickaxe":1,"minecraft:acacia_planks":80},"minecraft:used":{"minecraft:cooked_mutton":1,"minecraft:stone_pickaxe":107,"minecraft:iron_sword":56,"minecraft:cooked_salmon":10,"minecraft:torch":1,"minecraft:sand":1,"minecraft:crafting_table":2,"minecraft:melon_slice":3,"minecraft:iron_pickaxe":59,"minecraft:cobblestone":22,"majruszsdifficulty:bandage":4,"tombstone:gift":2,"alexsmobs:animal_dictionary":1,"minecraft:iron_leggings":1},"minecraft:picked_up":{"minecraft:charcoal":2,"minecraft:crafting_table":1,"minecraft:leather":3,"minecraft:oak_log":1,"skilltree:gem":9,"minecraft:dirt":5,"minecraft:raw_copper":30,"minecraft:cooked_salmon":1,"minecraft:blackstone":1,"minecraft:cracked_stone_bricks":1,"minecraft:candle":16,"minecraft:beef":6,"minecraft:stone_pickaxe":1,"minecraft:redstone_torch":1,"minecraft:stick":2,"minecraft:raw_iron":10,"minecraft:stone_brick_slab":2,"minecraft:torch":2,"minecraft:acacia_log":20,"minecraft:sand":1,"tombstone:grave_dust":2,"majruszsdifficulty:bandage":14,"minecraft:rotten_flesh":4,"minecraft:terracotta":1,"minecraft:coal":52,"minecraft:cobblestone":61}},"DataVersion":3465}